acc_x_mean,acc_x_std,acc_x_min,acc_x_max,acc_x_ptp,acc_x_rms,acc_y_mean,acc_y_std,acc_y_min,acc_y_max,acc_y_ptp,acc_y_rms,acc_z_mean,acc_z_std,acc_z_min,acc_z_max,acc_z_ptp,acc_z_rms,has_gyro,gyr_x_mean,gyr_x_std,gyr_x_min,gyr_x_max,gyr_x_ptp,gyr_x_rms,gyr_y_mean,gyr_y_std,gyr_y_min,gyr_y_max,gyr_y_ptp,gyr_y_rms,gyr_z_mean,gyr_z_std,gyr_z_min,gyr_z_max,gyr_z_ptp,gyr_z_rms,n_readings,sample_id,event,type,depth,condition,speed,vehicle,placement
0.39950800000000003,0.7007381436285598,-1.3730000000000002,2.785,4.158,0.8066229528100475,-0.7087120000000001,0.5815477117623282,-2.3930000000000002,0.706,3.099,0.9167717491284295,10.793595999999999,1.0212483031976112,7.845,13.729000000000001,5.884000000000001,10.841801635706124,0,,,,,,,,,,,,,,,,,,,250,004399f4-1ea7-420a-9993-c7c6343e0631,af97e26d-d273-4cdf-823e-9512a0a15757,Manhole_cover,,good,7.916399999999999,Chevrolet Express van 2013,Console
-0.6952499999999999,0.48043288701812603,-2.471,2.7460000000000004,5.2170000000000005,0.8450966343729996,7.1800178571428575,0.6350299906042524,5.138999999999999,10.63,5.491000000000001,7.208045471406042,-6.721575892857142,0.597999136667069,-9.689,-3.883,5.806,6.7481245876830735,0,,,,,,,,,,,,,,,,,,,224,007e6302-bcf1-4085-8594-f34e7de9ea42,e7250d71-00d4-4a28-95c3-0093b63e9e7c,Pothole,4.0,,1.4383928571428573,Kia RIO 2018,Left door top
3.071429166666667,0.4551267900076185,1.216,4.315,3.099,3.104966589326419,9.2006125,1.0978093280151535,5.256,14.2,8.943999999999999,9.265875873107374,3.3476291666666667,0.6736100132737332,1.412,5.57,4.158,3.414728611105134,0,,,,,,,,,,,,,,,,,,,240,00bf6eb2-69bb-4b29-b110-d76c942e3d78,24bb858e-aa25-4c4f-bb73-35895d8904d1,Pothole,6.5,,7.0687500000000005,Peugeot Partner 2013,Left door
-7.953959016393443,0.9806841907193679,-12.199000000000002,-4.825,7.374000000000001,8.014187763984161,2.6789918032786884,0.6098856046444169,1.255,4.236000000000001,2.9810000000000008,2.747536629926321,5.74088524590164,0.9205728455047311,3.648,8.591000000000001,4.943000000000001,5.81422546608676,0,,,,,,,,,,,,,,,,,,,122,00c2cdcb-a57a-4ae9-af03-2cd35b6e003f,af6bbb39-4b3a-4500-b4c7-ebd7b65329eb,Pothole,6.0,,0.0,Chevrolet Spark 2013,Copilot
5.945237288135593,0.857755799450491,2.076,9.249,7.173,6.0067954371468995,-1.0754957627118644,0.709841701724736,-4.077,1.245,5.322,1.2886296508767148,7.319580508474577,1.186182724281041,2.5069999999999997,10.147,7.640000000000001,7.415071697254432,1,0.012199152542372879,0.026858199504764795,-0.054000000000000006,0.09300000000000001,0.14700000000000002,0.029498850882531517,-0.0004661016949152556,0.09522686401728206,-0.27699999999999997,0.23,0.507,0.09522800471161796,0.011661016949152543,0.02475155202768856,-0.081,0.098,0.179,0.02736089625848899,236,00dceb94-3a16-412f-a408-437a840d12c0,5794dfea-1dd6-4ee5-9198-242de74036d9,Pothole,6.0,,0.0,Chevrolet Cruze 2010,Right door
2.817681818181818,1.0407789865097827,0.11800000000000001,6.433,6.3149999999999995,3.0037562696185467,1.4626136363636364,1.2378721426836583,-1.9609999999999999,7.532,9.493,1.9161331088703337,10.153443181818181,1.8960836722640275,3.883,17.064,13.181000000000001,10.328966150522342,0,,,,,,,,,,,,,,,,,,,88,00fe3cd9-1a57-4f20-8901-06f9ac4e1a4f,c2320087-6163-476c-b4aa-ce630700aaea,Metal_bumps,,bad,56.7,VW Pointer 2004,Glove compartment
-1.0346,0.6570886089409861,-3.373,0.863,4.236000000000001,1.2256274311551616,-7.227364705882353,0.6111946613383031,-8.787,-5.2170000000000005,3.5700000000000003,7.253162034994279,6.790305882352942,0.8174170801412057,4.55,8.904,4.354,6.839329255038357,0,,,,,,,,,,,,,,,,,,,85,01108035-cc4c-4d12-9c5c-8b6933c5f928,961742d0-6534-466a-a275-3a5dffa09c48,Pothole,6.5,,13.5,Kia RIO 2018,Console seats
-4.761616279069767,1.705233373638987,-10.474,1.412,11.886,5.0577475666223615,-0.2478982558139535,0.5168214499803085,-2.432,1.0979999999999999,3.53,0.573199752612777,-8.268029069767442,1.301275757859247,-13.847000000000001,-2.9810000000000003,10.866000000000001,8.36980425676202,0,,,,,,,,,,,,,,,,,,,344,01124326-2798-488a-9976-8adf21453df2,501e9fc7-3277-43fe-91be-93d809352fe1,Pothole,16.0,,11.197674418604652,Chevrolet Express van 2013,Left door
-7.301201834862385,0.872974150544888,-9.571,-4.276,5.295,7.353205566344344,2.4853211009174316,0.6309656191033954,0.981,4.158,3.1770000000000005,2.5641643058033474,6.021495412844035,0.9825904690131447,3.9619999999999997,9.022,5.0600000000000005,6.101138503320282,0,,,,,,,,,,,,,,,,,,,109,01de6edb-ffce-45a2-ab76-c61ab62dac58,297f7664-be6a-4827-9f44-ccad0d9ad717,Pothole,7.5,,0.0,VW Pointer 2004,Dashboard
0.06096428571428572,0.4324540560906461,-1.608,1.216,2.824,0.4367300708239642,5.550279761904762,0.9789002388832364,3.295,8.63,5.335000000000001,5.635942788309268,8.263511904761904,1.6218778320943994,4.276,11.69,7.414,8.421170744165027,0,,,,,,,,,,,,,,,,,,,168,01e7386d-8b3c-4440-ad13-e691dea94bdc,eff8a224-4321-45ef-8d58-6703e72cdc50,Speed_bump,,good,0.0,Chevrolet Cruze 2010,Console
0.4611304347826087,1.3433282128112227,-3.06,8.158999999999999,11.219,1.4202717927275015,0.08037681159420292,0.4598647470172663,-2.157,1.294,3.451,0.4668361783230862,10.112959420289855,1.1339903016121384,5.922999999999999,15.534,9.611,10.176339333993326,0,,,,,,,,,,,,,,,,,,,345,0201aee4-7f79-4c4c-a1b7-577d706ec9a0,501e9fc7-3277-43fe-91be-93d809352fe1,Pothole,16.0,,7.62,Chevrolet Express van 2013,Console
-8.779188481675394,1.17364396791682,-14.004000000000001,-5.178,8.826,8.857290249292355,3.8253141361256544,0.6992545213380378,1.177,6.7860000000000005,5.609,3.8886996702824006,3.354554973821989,0.5124947665306783,2.157,5.452000000000001,3.295000000000001,3.3934775611627646,0,,,,,,,,,,,,,,,,,,,191,02118a99-95cb-4945-8110-c0d30476a30a,ace132a4-dc34-49f4-9af8-91fd5c6d1fae,Ditch,6.0,,8.856000000000003,Chevrolet Express van 2013,Copilot
9.400751445086705,2.7199288288803096,2.079,20.006,17.927,9.786324160095761,0.2729479768786127,1.5739859870618307,-3.0989999999999998,12.043,15.142,1.5974769123681047,-1.7552080924855489,1.2842495042114908,-9.846,3.9619999999999997,13.808,2.1748683263577635,0,,,,,,,,,,,,,,,,,,,173,02402c66-11c5-4dad-aff1-d79788f13bca,04a9ea4d-bded-4397-b793-2e3be7d52321,Pothole,12.0,,7.616184971098266,VW Pointer 2004,Left door
0.30449152542372887,0.5236952106492813,-1.0590000000000002,2.197,3.2560000000000002,0.6057819432038762,-0.15822881355932206,0.5802226108596852,-2.1180000000000003,1.02,3.1380000000000003,0.601410538312408,10.651084745762711,2.0018484744985208,3.4130000000000003,16.397000000000002,12.984000000000002,10.837573694156418,0,,,,,,,,,,,,,,,,,,,118,025c342c-82d6-4c3b-bea8-f6c977427c12,c9f2b558-c243-4fc5-93de-93ba06bbe0bb,Speed_bump,,bad,18.900000000000002,Chevrolet Cruze 2010,Dashboard
5.759774193548388,1.6239427788599718,-2.55,14.945,17.495,5.984328609767132,-0.9229806451612904,0.7857979258502478,-4.197,1.0590000000000002,5.256,1.2121764110940716,7.5615741935483864,2.4156030862502575,-5.021,10.905,15.925999999999998,7.938044000560762,0,,,,,,,,,,,,,,,,,,,155,0267df62-9a5a-4514-bb37-09a9b3eb7c33,7e30328c-fb85-463c-8c20-e60f5a690a8c,Speed_bump,,good,13.751999999999999,VW Derby 2001,Left door
10.271776978417266,2.341533700924147,0.706,17.691,16.985,10.53528273787213,-0.37025899280575547,0.9579871609518709,-2.903,2.9810000000000003,5.884,1.0270497175415407,1.0283812949640287,1.6334884126257203,-5.2170000000000005,5.649,10.866,1.930246741226206,0,,,,,,,,,,,,,,,,,,,139,02ca1c3e-9dc5-43ff-b8c1-bfa8eb9953bd,a1484efd-2281-4df5-86a3-c14bcd46c1b1,Pothole,7.5,,8.540287769784173,VW Pointer 2004,Left door
4.091660256410257,1.2634827046029176,-0.588,8.591000000000001,9.179,4.282297537387839,0.0012884615384614962,1.3356203159312914,-2.3930000000000002,2.471,4.864000000000001,1.3356209374150805,10.050102564102565,1.742807921435712,4.4719999999999995,18.201,13.729000000000001,10.200095146615055,0,,,,,,,,,,,,,,,,,,,156,02d3c80f-abe1-461d-a9eb-0d8e4b534910,479743f3-e957-4140-8ce1-0ea0b7201c22,Speed_bump,,good,16.2,Honda Accord 2007,Left door
-1.9874444444444441,2.2584408343964064,-20.006,2.707,22.713,3.008403301125403,-0.04314444444444442,1.1738640614191058,-3.491,4.7860000000000005,8.277000000000001,1.1746566637863924,10.212866666666665,3.1436217160042226,-5.374,16.475,21.849,10.68573830132689,0,,,,,,,,,,,,,,,,,,,90,03398ad6-a687-4227-b3fb-8e2b81434401,9f7aefa9-58ca-4c3e-b1ed-e286f04dc97b,Metal_bumps,,bad,49.92,Peugeot Partner 2013,Console
7.888965217391305,1.5831984518437996,1.0590000000000002,16.711,15.651999999999997,8.046259350725059,0.4802260869565218,0.804196234551802,-2.197,2.667,4.864,0.936668926708295,-5.568504347826087,1.81802240562992,-13.140999999999998,3.883,17.023999999999997,5.857768016841435,0,,,,,,,,,,,,,,,,,,,115,034dcda3-9ed4-4624-a040-d0592531594a,56ff9c4a-c249-4e45-b5fb-20593be8e162,Metal_bumps,,good,20.232,Chevrolet Spark 2013,Left door
-0.5144297872340425,0.64069622898541,-1.804,2.079,3.883,0.8216627433623768,-7.606987234042553,0.5074686740639064,-9.767000000000001,-5.727,4.040000000000001,7.623895279582646,6.458017021276594,0.737834479310375,4.746,9.257,4.510999999999999,6.500029505006684,0,,,,,,,,,,,,,,,,,,,235,03b73a99-a973-4849-9879-a1e3a43a43ff,4d755dac-906f-4660-b34b-d379c1699188,Pothole,9.0,,11.933617021276595,Kia RIO 2018,Console seats
3.032827067669173,1.3136748977626473,-0.392,7.335,7.727,3.305114485066818,0.4600827067669172,0.6767916577845865,-1.138,2.7460000000000004,3.8840000000000003,0.8183660825772181,9.45333082706767,1.7035295942610966,4.746,14.277999999999999,9.531999999999998,9.605596119164666,0,,,,,,,,,,,,,,,,,,,133,040fe9a1-5d81-4303-8f56-89efc102afc2,9551d4fb-1551-4b44-ac58-24b6d7acfd31,Speed_bump,,good,8.1,VW Pointer 2004,Copilot trousers
0.2911484375,0.6891959433127915,-2.04,2.2359999999999998,4.276,0.7481700748743563,0.34652343750000003,0.7439563785603854,-2.9419999999999997,1.6480000000000001,4.59,0.8207006676843269,10.589710937500001,1.330496377956502,5.531000000000001,13.494000000000002,7.963000000000001,10.67296577112297,0,,,,,,,,,,,,,,,,,,,128,041bd5b5-7501-4dec-83a2-04385a86af4b,743b3b39-88d9-489b-935c-2a9e7b9133ca,Speed_bump,,bad,18.871875,Chevrolet Cruze 2010,Dashboard
-8.104761467889906,0.7476137316330445,-10.434000000000001,-5.06,5.374000000000001,8.139169782177987,2.3586788990825682,0.7124427404094246,-0.078,4.433,4.511,2.4639279225130446,5.702926605504588,0.7818170755153512,2.275,8.787,6.5120000000000005,5.756267002783961,0,,,,,,,,,,,,,,,,,,,109,0480a830-27e0-4022-a807-2e969ef04378,56ff9c4a-c249-4e45-b5fb-20593be8e162,Metal_bumps,,good,0.0,Chevrolet Spark 2013,Copilot
0.3492700729927007,0.48741844166953385,-1.3730000000000002,2.197,3.5700000000000003,0.599638492066581,-0.2046861313868613,0.8140764213110885,-2.511,2.001,4.5120000000000005,0.8394145770218601,11.002343065693431,2.178847339540166,4.236000000000001,17.377,13.140999999999998,11.216012155139346,0,,,,,,,,,,,,,,,,,,,137,04a36d29-5b4a-4597-917f-21f4a1a263c8,c212543d-8b43-4d9c-8c7f-3b50435227f0,Speed_bump,,good,16.318248175182482,Chevrolet Cruze 2010,Dashboard
5.934255033557046,0.8633306050497705,1.6869999999999998,8.316,6.629000000000001,5.996725984811441,-0.0976979865771812,0.5615467338443418,-2.432,1.765,4.197,0.5699821320642282,8.363140939597317,0.8753412298793162,5.2170000000000005,10.866,5.648999999999999,8.408825640022233,0,,,,,,,,,,,,,,,,,,,149,04c62b9d-bbd5-44e0-af27-d69e1d93e698,5d0e8e08-49af-47c4-b5db-bef4c93776c9,Speed_bump,,good,10.455704697986578,Kia RIO 2018,Left door
0.010046511627906976,1.173485326619024,-7.492000000000001,1.844,9.336,1.1735283312242815,-7.843941860465116,0.9147616712698696,-12.630999999999998,-4.746,7.884999999999998,7.897101545857276,6.57096511627907,1.1857067507537964,2.04,14.122,12.082,6.677086419849569,0,,,,,,,,,,,,,,,,,,,86,04eee27e-bb29-45ac-8c5a-1d6c6af93dde,42dd29da-69c2-4a10-86a8-a40a9c569324,Metal_bumps,,bad,13.5,Kia RIO 2018,Console seats
6.42723178807947,0.8023888790117317,3.53,9.728,6.198,6.477124081786679,-0.07947019867549669,0.39959205701038203,-1.3730000000000002,1.765,3.138,0.40741787455057893,7.839086092715232,1.2033364485803977,3.923,11.415,7.491999999999999,7.930907222851838,0,,,,,,,,,,,,,,,,,,,151,04f7973f-c529-4a95-8892-95c661ec07c9,4848efd1-16c6-4051-bb0f-e24220fd6cf4,Pothole,6.5,,13.751999999999999,VW Derby 2001,Left door
6.667165217391304,0.9948460219982901,3.452,10.866,7.414,6.740979946823626,-0.28756521739130436,0.6830708681857858,-1.569,1.844,3.4130000000000003,0.7411339725160299,7.561504347826086,1.1923938390365831,4.158,12.120999999999999,7.962999999999998,7.654942917459622,0,,,,,,,,,,,,,,,,,,,115,05213cbf-9264-4513-a569-556d7154ee95,42faef55-8979-4402-b2d8-971968743298,Pothole,6.0,,12.6,VW Derby 2001,Left door
0.10041379310344828,0.5416497797910392,-0.706,2.432,3.138,0.5508787650591583,-8.177077586206897,0.7847076124798514,-10.317,-6.394,3.923,8.214643259931075,5.659077586206896,1.1317347239347615,2.9810000000000003,7.375,4.394,5.771133563873649,0,,,,,,,,,,,,,,,,,,,116,055f5847-e661-45ec-802b-0a17ef01723d,d44ea04b-18ab-4ad4-ba58-8f23e38f301f,Pothole,4.0,,4.859999999999999,Kia RIO 2018,Console seats
6.2520235294117645,0.791099279505804,3.594,10.777000000000001,7.183000000000002,6.301875616223549,0.18380784313725487,0.4291119401664176,-1.374,2.105,3.479,0.46682157232946814,7.259203921568627,0.869889480012031,4.405,9.8,5.3950000000000005,7.311138713111175,1,0.008101960784313727,0.027060813794380773,-0.07200000000000001,0.068,0.14,0.02824764435779922,-0.004662745098039216,0.05922330609330503,-0.22,0.138,0.358,0.059406575195600934,0.009733333333333333,0.030168277500053953,-0.064,0.109,0.173,0.03169957010904153,255,0566ffd4-9d0d-430e-b5e5-07d30b45bb79,1a8a5991-1b47-44fd-a0e3-6ca151853b9c,Manhole_cover,,good,7.633552941176471,Chevrolet Express van 2013,Right door
1.0847125748502993,0.9001026029458514,-1.422,4.475,5.896999999999999,1.4095339889013898,7.053203592814373,1.2101393324981005,1.3980000000000001,10.517999999999999,9.12,7.156264257680016,6.618568862275449,1.4518875077217057,-1.228,11.449000000000002,12.677000000000001,6.775945035178523,1,-0.0035149700598802393,0.04436131673658813,-0.133,0.188,0.321,0.04450035322473012,0.00334131736526946,0.06812816140706912,-0.48,0.24600000000000002,0.726,0.06821004895499719,0.008311377245508985,0.0602270061165908,-0.293,0.436,0.729,0.060797789906254236,167,058b0104-2887-462c-a57f-aa564eaea444,265f3aef-1c97-4a52-8352-20709c3afd1e,Pothole,6.5,,0.0,Peugeot Partner 2013,Right door
-5.871847953216374,1.0017807187507266,-8.904,-1.216,7.688,5.956690607556518,2.998877192982456,1.0154201170738162,0.353,4.354,4.001,3.1661241973031538,7.622573099415203,0.9186359511462345,5.138999999999999,10.748,5.609,7.677728353273945,0,,,,,,,,,,,,,,,,,,,171,0592888a-5b53-4bb5-ba96-453a3d4a61a2,836e0ed8-d4e5-4d70-9655-ce0cef1c3be3,Pothole,5.0,,19.8,Honda Accord 2007,Copilot trousers
3.0547581395348833,0.9991637373632286,1.4909999999999999,5.178,3.6870000000000003,3.214012362315409,-0.027925581395348828,0.680247440648168,-1.844,1.883,3.7270000000000003,0.6808204011372244,9.655776744186044,0.5750773832002694,8.041,11.219000000000001,3.178000000000001,9.672886773359469,0,,,,,,,,,,,,,,,,,,,215,059edc6d-1132-4707-b478-0e86aa6e7255,3efa4be1-3dd2-4550-a1c0-a9d3dff5ef5c,Pothole,12.0,,4.508372093023256,Kia RIO 2018,Console
-0.060746478873239446,0.575980039714549,-1.883,1.412,3.295,0.579174534009456,6.35056338028169,0.4569782943159309,4.746,7.218,2.4719999999999995,6.366983933421751,7.642535211267606,0.6725405863659549,5.845,9.532,3.6870000000000003,7.6720698182286275,0,,,,,,,,,,,,,,,,,,,142,0661b947-c06a-46ae-98a4-b299d4d36ede,0b3c066a-6f84-405c-886d-ea838414f61b,Pothole,7.0,,0.0,Chevrolet Cruze 2010,Console
-0.10888268156424584,0.8742503334024311,-5.099,2.1180000000000003,7.2170000000000005,0.8810045878421309,-0.7363240223463688,0.9219721005688817,-6.237,3.06,9.297,1.179917632765835,10.096804469273742,2.9494509688471946,0.51,37.187,36.677,10.518779468568578,0,,,,,,,,,,,,,,,,,,,179,066c32f8-2ada-4ee9-bad1-7b9cd2af97bd,519432f8-7ea6-45b4-a88f-04f903b1c059,Metal_bumps,,bad,17.622905027932962,Honda Accord 2007,Console
0.6194,0.6786831029911635,-0.667,2.275,2.942,0.9188400917927527,6.6592095238095235,0.7575588576252277,2.354,8.591000000000001,6.237000000000001,6.702161360692676,8.259619047619049,1.4108771697807776,4.001,18.358,14.357,8.379253021600434,0,,,,,,,,,,,,,,,,,,,105,067fed00-0ca1-4cbb-bf21-e62ad7866c54,80c59f59-8727-4310-b427-dba7e1f77b0b,Metal_bumps,,bad,12.6,Peugeot Partner 2013,Console
5.93147899159664,0.800125671313439,2.785,8.394,5.609,5.985202094971151,0.6081596638655461,0.7316272870201685,-0.981,2.9419999999999997,3.9229999999999996,0.9513867057435405,8.141621848739495,0.9590713907900059,5.021,11.886,6.864999999999999,8.197915848586408,0,,,,,,,,,,,,,,,,,,,119,06886803-9b94-4267-9bd1-66733af5e2a3,5d6098f6-c955-4502-bd27-bd248180a9c6,Pothole,6.5,,16.472268907563024,Kia RIO 2018,Left door
-0.4944311377245509,0.6685356370101729,-3.373,1.4909999999999999,4.864,0.8315058916833912,-0.38571856287425144,1.031695400704617,-5.178,4.668,9.846,1.101441877531828,10.167940119760479,1.315827508582527,6.747000000000001,15.495,8.747999999999998,10.252726871977876,0,,,,,,,,,,,,,,,,,,,167,06d125de-1957-4286-bc12-c72dd41cf97e,d4dcf998-41d0-4383-9a5a-3d0f1a0212b3,Pothole,11.0,,11.360479041916168,Chevrolet Spark 2013,Console
2.183915887850467,0.7845007713284072,-0.745,5.727,6.472,2.3205452086569145,0.10263551401869156,0.6889258114572464,-1.608,2.55,4.1579999999999995,0.6965291253277974,9.938981308411215,0.9688857747487251,7.767,13.769,6.002,9.986094786925364,0,,,,,,,,,,,,,,,,,,,107,06f037a4-698d-4760-b02d-13cc1bded0df,f51471d1-ea06-410f-bc25-7b37ff1e25b4,Metal_bumps,,good,13.5,Kia RIO 2018,Console
-8.020367088607594,2.3443944276368174,-13.612,-2.903,10.709,8.355984290815442,1.54526582278481,0.516163187051693,0.11800000000000001,3.0989999999999998,2.981,1.629193327611606,5.367867088607595,1.0007601800785062,3.687,8.669,4.982000000000001,5.460358781159654,0,,,,,,,,,,,,,,,,,,,158,0735b567-9c81-43a7-b0a3-206962115e05,05c1e7b0-66f0-431c-8b08-45d0d2d686a3,Speed_bump,,good,0.0,VW Pointer 2004,Dashboard
3.973747474747474,1.0808648505339997,0.785,10.67,9.885,4.118123094102678,0.8542727272727273,1.2071116944142126,-1.294,3.02,4.314,1.478817275850379,10.16539898989899,1.2668511856826934,4.511,15.925999999999998,11.415,10.244034778860577,0,,,,,,,,,,,,,,,,,,,198,07fa63b7-887a-42c0-88f6-3be4952c0732,c0d44874-0877-47eb-8577-b2f6cb147513,Speed_bump,,good,14.536363636363637,Honda Accord 2007,Left door
-7.130926229508196,1.0236097982864751,-9.218,-4.59,4.628,7.204018733306852,0.40509016393442615,0.595541068274567,-2.001,1.412,3.413,0.7202549582738274,7.5479754098360665,1.3383496777939095,4.393,11.767999999999999,7.374999999999999,7.665710185464944,0,,,,,,,,,,,,,,,,,,,122,0811dbf1-1d92-4bc1-b82e-6519398a1cc5,e86fcec3-90aa-4274-b069-ce489ea23be9,Pothole,4.5,,0.0,VW Derby 2001,Copilot trousers
0.21769264069264066,0.36596512488189814,-0.902,1.334,2.236,0.4258175177720598,-8.571458874458875,0.8018170364846346,-10.277000000000001,-5.806,4.471000000000001,8.608880170878022,5.034419913419914,0.7765160629163391,3.53,6.669,3.139,5.093953382256856,0,,,,,,,,,,,,,,,,,,,231,08365c3b-4256-4ee5-914a-acf724780916,ae5a562a-202a-48a6-8f94-43363a1c6601,Speed_bump,,bad,6.732467532467532,Kia RIO 2018,Console seats
4.669594117647058,0.5961387471451179,3.0989999999999998,7.061,3.962,4.7074930302032065,0.16775882352941177,0.5364760896583244,-1.255,1.608,2.863,0.5620939580239755,8.998764705882353,0.7257643216079385,6.825,11.335999999999999,4.510999999999998,9.027984275703682,0,,,,,,,,,,,,,,,,,,,170,08552003-b0e1-41d8-abb3-42de7810b88e,6d3c12d9-a5c6-4772-b881-f8e3432c3d30,Pothole,6.0,,2.763529411764706,VW Derby 2001,Console
2.602691056910569,0.5976175617254088,1.0979999999999999,4.158,3.0600000000000005,2.6704208446993665,1.3582357723577234,1.0313099025720167,-1.4909999999999999,4.746,6.237,1.7054045058153458,9.984642276422765,0.7912780659950703,7.61,12.474,4.864,10.01594740231066,0,,,,,,,,,,,,,,,,,,,123,0892b29c-7a4a-4a20-8d7d-e6e23ae3fb19,a1484efd-2281-4df5-86a3-c14bcd46c1b1,Pothole,7.5,,11.700000000000001,VW Pointer 2004,Glove compartment
-9.400009174311926,0.42519061015232174,-10.474,-7.61,2.864,9.409620583855128,1.228623853211009,0.35867510506119227,0.353,2.197,1.844,1.279907966874855,3.4857522935779817,0.5386184357924202,1.4509999999999998,5.138999999999999,3.6879999999999997,3.5271204787417783,0,,,,,,,,,,,,,,,,,,,109,089393da-bbd4-4f06-b34a-bd827ee3edc0,08d51d1b-9dba-4764-8eda-985e8c6f21c3,Metal_bumps,,bad,6.3,Chevrolet Express van 2013,Copilot
-0.02538345864661653,0.9921571752894113,-5.492000000000001,4.354,9.846,0.9924818287762894,4.06424060150376,1.0982365916704144,1.0590000000000002,11.219000000000001,10.16,4.210008940393771,9.558015037593986,1.3049642347241588,6.5120000000000005,18.397000000000002,11.885000000000002,9.646687675714496,0,,,,,,,,,,,,,,,,,,,133,08b143e0-ed83-45ee-af38-7e90a3e2e0c5,189c8aa4-a8ad-490f-879f-570087532791,Pothole,5.5,,8.814315789473682,Chevrolet Cruze 2010,Console between seats
-0.4659141104294478,0.7801307614066505,-4.982,1.0979999999999999,6.08,0.9086693365521828,7.242711656441717,2.2797011555411784,0.745,18.24,17.494999999999997,7.593017153736222,-6.3197730061349695,1.668735990913329,-11.023,-2.001,9.022,6.536375957397319,0,,,,,,,,,,,,,,,,,,,163,08c9582f-3458-4219-ae27-c6d21b564941,1928e690-d4bc-47f8-b629-73a6d305cbd7,Pothole,9.0,,10.788957055214723,Kia RIO 2018,Left door top
1.8390869565217391,1.4106817628071981,0.11800000000000001,13.415,13.296999999999999,2.317814459693704,-0.3359855072463768,0.7036208731435512,-4.511,1.4509999999999998,5.962,0.7797234087821774,10.126442028985508,1.359315487466191,4.04,17.495,13.455000000000002,10.21726806738815,0,,,,,,,,,,,,,,,,,,,138,08d3681d-93bd-4d18-a3d3-e27a2f64e846,18cac846-a98a-46d4-9db6-13d99b27a4d6,Metal_bumps,,bad,13.5,Kia RIO 2018,Console
-2.672380597014926,1.795595385375484,-6.472,0.863,7.335000000000001,3.2195932729591146,2.016037313432836,1.1892413322656177,-0.628,6.904,7.532,2.3406625975399336,10.324820895522388,3.095191800414705,3.923,16.907,12.984,10.778781879506152,0,,,,,,,,,,,,,,,,,,,134,08f41c8c-c9c7-4c8b-aa06-666ed9293454,a5c0ce37-a248-4648-990e-58d184f70c62,Speed_bump,,good,0.0,Kia RIO 2018,Copilot trousers
-0.40936290322580643,0.7214810298031161,-2.511,1.255,3.766,0.8295256854993858,-0.20909677419354838,0.47092606808553017,-1.883,0.902,2.785,0.5152599563139417,10.692758064516129,0.7815474246333951,7.845,13.102,5.257000000000001,10.721282171607358,0,,,,,,,,,,,,,,,,,,,124,0911856b-6ddf-4eb9-9f3d-74a5975a4c18,0deea081-7f07-4d7b-be84-ab78f5997160,Pothole,7.0,,13.035483870967743,Chevrolet Cruze 2010,Dashboard
4.482503401360544,0.6786921333662213,2.1180000000000003,6.59,4.4719999999999995,4.533592367549385,0.40877551020408165,0.7587027040559079,-1.255,3.217,4.4719999999999995,0.8618162280233262,9.071197278911566,0.8601199065235253,6.315,13.259,6.944,9.111883796807914,0,,,,,,,,,,,,,,,,,,,147,096f1b9e-9e06-4034-8e20-e9075a441b04,4848efd1-16c6-4051-bb0f-e24220fd6cf4,Pothole,6.5,,11.510204081632653,VW Derby 2001,Console
-1.2565104166666667,1.173880512754525,-3.766,2.511,6.277,1.7195388583619349,-0.06580208333333336,0.9687577485689218,-3.53,2.511,6.041,0.9709899533894948,10.800791666666663,1.916950589025155,2.9419999999999997,18.005,15.062999999999999,10.969585233157177,0,,,,,,,,,,,,,,,,,,,96,09857ab7-d644-4bf1-a3d5-4c93a63e4359,4fd78215-4876-45a7-b63a-c56c256c767e,Metal_bumps,,bad,29.174999999999997,Peugeot Partner 2013,Console
0.2153385416666667,0.5001006721296622,-0.863,1.53,2.393,0.5444918454776588,-8.267208333333334,1.078862541605999,-11.219000000000001,-5.962000000000001,5.257000000000001,8.33730640017606,5.482104166666667,1.2310456977637505,3.177,8.355,5.178000000000001,5.618624351579901,0,,,,,,,,,,,,,,,,,,,192,09a13e6b-faad-43bc-bc6e-65b9a9b91081,8b8bd02b-b65d-41df-809f-5a68e35d145c,Speed_bump,,bad,4.60875,Kia RIO 2018,Console seats
2.4693333333333336,0.6504270928971234,0.628,4.746,4.118,2.5535587939747373,4.462171428571428,0.5980930244120393,2.9810000000000003,7.178,4.196999999999999,4.502076090406461,-8.729580952380953,0.9116617666547421,-11.610999999999999,-4.864,6.746999999999999,8.77705592900902,0,,,,,,,,,,,,,,,,,,,105,09d6ac0c-3302-4b95-9651-fb8f5b1f468a,a25e8d71-9771-4902-a088-8b612ba129c4,Speed_bump,,good,15.3,Peugeot Partner 2013,Left door
3.9757352941176474,0.8912349844894188,1.608,7.414,5.805999999999999,4.074404364624428,0.4135882352941177,0.7614866986458352,-1.844,3.217,5.061,0.8665547995298597,9.069426470588235,1.223686226075763,5.178,12.474,7.296,9.151606661417116,0,,,,,,,,,,,,,,,,,,,136,0a107ee7-4b35-44e0-9b4f-ceb786f7e3cb,afb70c4c-724c-4d72-a36d-9826567056f3,Pothole,4.5,,15.3,VW Pointer 2004,Copilot trousers
7.869433070866143,1.497994552256902,3.687,12.395999999999999,8.709,8.010740573469663,0.8984409448818896,0.645070485723741,-1.0979999999999999,2.3930000000000002,3.491,1.1060343859899322,-6.370795275590551,1.120737245671771,-8.982999999999999,-3.0989999999999998,5.883999999999999,6.468623069658861,0,,,,,,,,,,,,,,,,,,,127,0a5e2949-ebdb-4b94-a6bf-4488f3d950ed,a23c5991-cc40-4048-b7bc-dc67341721e4,Pothole,10.0,,12.6,VW Derby 2001,Console left
3.1313493975903617,0.4806736178711161,1.216,5.649,4.433,3.168027174237435,9.302995983935743,0.9868802676284868,5.806,13.965,8.158999999999999,9.355194650019797,3.0802931726907627,0.6741823177627176,1.334,4.276,2.9419999999999997,3.1532091315530018,0,,,,,,,,,,,,,,,,,,,249,0a78b7c5-3e77-4eeb-8a3c-071b17ec4ad5,0ad1a6ff-d6ae-40fb-a4df-982777f4760d,Pothole,6.5,,12.910843373493977,Peugeot Partner 2013,Left door
-6.835984615384616,2.06860623082907,-13.847000000000001,-0.745,13.102000000000002,7.142115750952234,-0.13483846153846157,0.8209490830631633,-2.589,1.6480000000000001,4.237,0.8319488011243886,-7.471438461538462,1.5848044043537903,-11.65,-3.217,8.433,7.637669650136446,0,,,,,,,,,,,,,,,,,,,130,0b2bc33c-3c1a-4db0-a4d4-4ae5e4bcca24,08eb2fa5-c031-49a7-8465-ba336d59836a,Pothole,9.0,,12.61993846153846,Chevrolet Cruze 2010,Left door
0.18048962655601658,0.9511821346156023,-2.354,4.393,6.747,0.9681549248473739,0.41032365145228206,0.708122292797502,-3.3339999999999996,1.53,4.864,0.8184147362419163,10.807688796680496,1.13621693705417,4.746,14.239,9.493,10.867250160640543,0,,,,,,,,,,,,,,,,,,,241,0b335373-bcd1-4960-aefa-d16abe1fb146,96fec4bf-1ec1-49cd-8ee1-8d1593e1d11c,Pothole,6.0,,13.17450622406639,Chevrolet Cruze 2010,Dashboard
5.725720588235294,0.6082002422509908,3.687,9.101,5.4140000000000015,5.75793224944647,0.5377990196078432,0.5759802759073724,-0.588,3.138,3.726,0.7880235172413893,8.354686274509804,1.3731439057469694,4.668,15.22,10.552,8.466776655337766,0,,,,,,,,,,,,,,,,,,,204,0b56c4c3-bd2f-4445-97bb-857b757b08b6,c82ad1e5-b462-4d90-bba6-c0629615f065,Pothole,9.0,,12.414705882352942,Kia RIO 2018,Left door
3.588645161290322,0.874728389735877,0.47100000000000003,5.57,5.099,3.693714099583557,0.09536559139784945,0.5213967755229462,-1.804,1.3730000000000002,3.1770000000000005,0.5300464069762073,9.42284946236559,1.2677623411675023,5.021,12.749,7.728000000000001,9.507750172574267,0,,,,,,,,,,,,,,,,,,,93,0b5a8e68-47e0-4c8a-bc7a-f13118941fb1,7327b857-a024-4ac4-93ef-95e7a4340af3,Speed_bump,,bad,15.3,VW Pointer 2004,Copilot trousers
0.35112804878048787,0.9360926845624393,-1.608,3.452,5.0600000000000005,0.9997801862068019,-8.766176829268293,0.982680008557829,-11.297,-7.1,4.197000000000001,8.82108361831014,4.715762195121951,1.1167279177263045,1.608,7.1,5.491999999999999,4.846183480138854,0,,,,,,,,,,,,,,,,,,,164,0b727c4c-7092-4a0b-aafd-0e8f57f4a548,3ef5524b-983d-4191-9599-947c5cc43e56,Pothole,12.0,,8.006707317073172,Kia RIO 2018,Console seats
4.871182291666667,0.5993044606553625,3.187,6.316,3.129,4.907910222814628,-0.6572864583333334,0.7957781675190371,-2.947,1.128,4.075,1.032128083237896,8.225942708333333,0.7669655521442916,5.734,10.970999999999998,5.236999999999998,8.261620276856007,1,0.0015416666666666667,0.07442647611718711,-0.142,0.16,0.302,0.07444244141169293,0.0012343750000000004,0.03729502683592959,-0.10800000000000001,0.12300000000000001,0.23100000000000004,0.03731544865512585,-0.0010416666666666667,0.045879578941931114,-0.115,0.1,0.21500000000000002,0.04589140260804123,192,0bf4ecbc-86ab-4a63-a900-10775fd102cd,99dd3e85-69c4-44ff-b7d8-63401a678903,Speed_bump,,good,0.0,VW Pointer 2004,Right door
4.266284615384615,1.568182413028709,-2.694,8.622,11.315999999999999,4.545369126924677,-0.004876923076923066,0.9158270076433617,-2.753,1.932,4.6850000000000005,0.915839992743106,8.775623076923077,1.9737956494078364,0.922,15.91,14.988,8.994855732797838,1,0.027953846153846152,0.07289664564810622,-0.188,0.23600000000000002,0.42400000000000004,0.07807264861357313,0.012607692307692306,0.09361915452873176,-0.354,0.301,0.655,0.09446427896300273,0.06306923076923078,0.05297404131510488,-0.043,0.21,0.253,0.0823649010384698,130,0c030cce-9ce8-47f1-8053-eb264b14fbc2,f0b107ff-08ef-4690-a38d-d99c138d3155,Speed_bump,,bad,0.0,VW Pointer 2004,Right door
-0.151815,0.7505976090922485,-1.765,1.804,3.569,0.7657966864644948,-2.87024,0.6791741694145913,-4.707,-1.138,3.569,2.9495008408203582,9.412025000000002,0.9596468331500917,6.551,13.533,6.981999999999999,9.46082114010195,0,,,,,,,,,,,,,,,,,,,200,0c5bf571-8aa9-42c2-ac4c-c66559a160dc,642ada93-72ab-4f94-aead-4ba887a715a4,Pothole,8.0,,10.0755,Peugeot Partner 2013,Console
9.363822085889572,1.6286421154218351,5.766,19.965999999999998,14.199999999999998,9.504401043533413,1.877588957055215,1.773764720878005,-2.903,14.632,17.535,2.5829404903495394,3.647576687116565,2.245534966787173,-0.392,18.358,18.75,4.2833681811700615,0,,,,,,,,,,,,,,,,,,,163,0c5dc120-389a-4608-af77-2ae5021e497a,ad7ec196-a600-4086-8f00-865fa5a6dabd,Pothole,8.0,,10.275460122699386,Chevrolet Spark 2013,Left door top
-0.012089743589743586,0.42018627389123614,-1.4509999999999998,1.804,3.255,0.42036016303482737,-2.0297179487179484,0.7987141572943721,-3.9619999999999997,-0.196,3.7659999999999996,2.1812150871498797,9.333653846153846,2.0574640778053856,1.804,14.004000000000001,12.200000000000001,9.557732605136119,0,,,,,,,,,,,,,,,,,,,156,0c7046ad-0079-45e6-a088-aa5a141451b9,99bdd82b-0730-4561-9151-2577affbfb20,Pothole,5.0,,13.78846153846154,Peugeot Partner 2013,Console
0.44101401869158885,0.42475067429904684,-0.314,2.079,2.3930000000000002,0.6122960885062062,-0.18060280373831777,0.798500362064062,-2.001,1.138,3.139,0.8186697752663034,10.03870093457944,2.92696986058372,0.745,18.554000000000002,17.809,10.456704500878448,0,,,,,,,,,,,,,,,,,,,214,0c9fbc51-cdc4-49a6-af14-8b4b0c88b601,35836f85-a777-4605-af91-10b5f902af94,Speed_bump,,good,15.731495327102806,Chevrolet Express van 2013,Console
6.142279620853079,0.9211539654006359,3.141,11.405999999999999,8.264999999999999,6.210968005771756,-1.1638056872037914,0.7485543382504889,-3.685,0.5720000000000001,4.257,1.3837547741133602,7.178511848341233,0.9860385453382603,2.785,10.822000000000001,8.037,7.245916392677206,1,0.00976777251184834,0.030206996839664015,-0.064,0.114,0.178,0.031747000455392506,-0.007090047393364927,0.09401399737216522,-0.376,0.28,0.656,0.09428096559716415,0.013734597156398106,0.037769012188694516,-0.079,0.192,0.271,0.04018877257093446,211,0ced67b1-8cfc-4ff3-af98-b9365336e696,5f17fd7b-4b53-43e1-a72d-747dc3dc28b4,Pothole,5.0,,0.0,Chevrolet Cruze 2010,Right door
2.3429649122807015,0.8706492226748328,0.275,5.649,5.374,2.499502880398982,1.329236842105263,1.1412968331900677,-0.706,6.865,7.571,1.751978608276839,9.950491228070176,0.9969512670489074,7.767,13.259,5.492,10.000309370653087,0,,,,,,,,,,,,,,,,,,,114,0d164004-e0e8-488a-88f8-5491aff45216,297f7664-be6a-4827-9f44-ccad0d9ad717,Pothole,7.5,,11.700000000000001,VW Pointer 2004,Glove compartment
-1.0312147239263805,0.9854477213745776,-4.001,0.902,4.9030000000000005,1.4263628635115637,7.522104294478528,2.290465287779196,0.157,15.651,15.494,7.863096352680268,-6.279877300613497,1.3832427924922184,-10.513,-2.55,7.963,6.430413636286731,0,,,,,,,,,,,,,,,,,,,163,0d16939e-9f77-48e3-89f5-5216ee3becfd,9a4c6802-09d2-4f9e-bb15-d7d98f3f24f6,Pothole,12.0,,5.698159509202454,Kia RIO 2018,Left door top
8.207092592592595,2.1944452793403633,2.785,13.965,11.18,8.495408107172215,1.3082685185185186,0.4913250905098089,-0.0,2.3930000000000002,2.3930000000000002,1.3974859073032224,-5.907620370370371,1.473810849700924,-9.611,-2.354,7.257000000000001,6.088685971628944,0,,,,,,,,,,,,,,,,,,,108,0d29beea-0605-4082-8df3-3f548c9ffb7b,b268183f-fbbd-4849-84b9-f59293534538,Speed_bump,,good,5.4,VW Derby 2001,Console left
-0.1093142857142857,0.9632112962504591,-2.511,2.3930000000000002,4.904,0.9693944575278499,6.093557142857143,0.6565890351052234,4.4719999999999995,7.767,3.295000000000001,6.128829236835181,7.776978571428572,0.7547586318803907,6.355,9.964,3.609,7.813517536478506,0,,,,,,,,,,,,,,,,,,,140,0d2f4050-9c67-43c7-bfc0-e290dc08aa4a,53e1da6e-5ebc-4486-84cc-08e84ecffb2f,Pothole,8.5,,0.0,Chevrolet Cruze 2010,Console
0.39427819548872184,0.19312467644602757,-0.196,1.138,1.3339999999999999,0.43903580274304005,0.1987406015037594,0.4958813870328803,-2.354,1.334,3.688,0.5342248372096989,10.135406015037594,0.9036803075809962,7.022,14.082,7.0600000000000005,10.175612668924163,0,,,,,,,,,,,,,,,,,,,266,0d7c35a2-f6c7-47f1-ba0e-9b3e71039da7,d08f1d6a-c0f0-4080-88b2-3b92b655d91c,Ditch,6.0,,5.599624060150376,Chevrolet Express van 2013,Console
-6.596035294117647,0.8782909868476704,-9.65,-4.9430000000000005,4.707,6.654252524425529,-0.5385705882352942,0.4999550194646407,-2.157,0.628,2.785,0.7348559722830046,8.085300000000002,0.9359657789747255,6.237,10.474,4.237,8.139294074390712,0,,,,,,,,,,,,,,,,,,,170,0d988c36-6401-46bb-ab9b-d1fe2401ddfd,6d3c12d9-a5c6-4772-b881-f8e3432c3d30,Pothole,6.0,,0.0,VW Derby 2001,Copilot trousers
2.720669642857143,1.181312612765327,-0.275,5.727,6.002000000000001,2.9660652040443845,1.3876607142857142,1.1301289240105326,-0.667,7.571000000000001,8.238000000000001,1.7896350585684062,9.8805625,1.74592606301708,3.217,14.985,11.767999999999999,10.033632100786264,0,,,,,,,,,,,,,,,,,,,112,0e1b3386-110e-4d88-bed6-3533397fd8e8,3d151bb9-166b-41a2-a0ec-64ef8a553489,Speed_bump,,good,9.9,VW Pointer 2004,Glove compartment
0.9212933333333333,0.6064826630846278,-0.353,2.707,3.0599999999999996,1.1029971109058565,0.22253333333333336,0.6538606953234679,-1.53,2.903,4.433,0.6906916050838705,9.869433333333335,1.1341537251282217,7.061,14.239,7.178000000000001,9.934385687768184,0,,,,,,,,,,,,,,,,,,,150,0e7795aa-6fdd-4236-8e45-2f08aba5bf74,b41a1fe3-7e59-4c46-9e72-2570c4c0c930,Pothole,7.0,,10.847999999999999,Peugeot Partner 2013,Glove compartment
9.033051948051947,2.2640599832360913,-2.471,19.965999999999998,22.436999999999998,9.312464502154954,2.369435064935065,1.878271365832295,-3.491,10.982999999999999,14.473999999999998,3.0235948555733043,4.055883116883117,1.7994556498255205,-5.256,11.886,17.142,4.437141928483525,0,,,,,,,,,,,,,,,,,,,154,0ea682a3-3138-49a2-b81f-431014017b9d,1f9c99b4-b5ab-4fcc-b24b-369301561c0e,Metal_bumps,,good,25.2,Chevrolet Spark 2013,Left door top
0.469130081300813,1.2687459076587426,-2.157,2.511,4.668,1.3527007102024136,-8.509918699186992,0.7807390869205041,-10.238,-6.865,3.3729999999999993,8.54565794942776,5.153373983739836,1.1732980089728864,-0.392,8.277000000000001,8.669,5.285252277247165,0,,,,,,,,,,,,,,,,,,,123,0eff8315-1478-4577-b065-61585f8ae127,fc96303d-89e2-4081-98ac-0ed3671eab37,Metal_bumps,,good,13.5,Kia RIO 2018,Console seats
1.287130081300813,0.7378626897550207,-0.11800000000000001,5.962000000000001,6.080000000000001,1.4836256923907565,-0.20439837398373983,0.7098746911043715,-1.6869999999999998,2.707,4.394,0.7387156234693589,9.764243902439022,0.9630696801396476,7.022,13.298,6.276,9.811623830698053,0,,,,,,,,,,,,,,,,,,,123,0f0e5a7f-fb26-4f05-b730-8b8a5bef116c,76ab0adc-5eb0-4fef-b2fa-1280882a9e59,Pothole,6.5,,9.914634146341463,Peugeot Partner 2013,Glove compartment
7.144047619047619,1.3894190942624671,4.433,17.534000000000002,13.101000000000003,7.277905042161589,-0.5139795918367347,0.6819532817540154,-4.668,1.4509999999999998,6.119,0.8539527500510365,7.537421768707481,0.8794957037185892,4.197,12.552999999999999,8.355999999999998,7.588559785113701,0,,,,,,,,,,,,,,,,,,,147,0f5f5bc2-9c39-4a7e-aa5f-128293e86486,36bc421b-c7b4-4013-bb4b-ef442eda7ff9,Metal_bumps,,bad,6.122448979591836,Kia RIO 2018,Left door
6.229532520325204,0.9169943329519575,2.8280000000000003,14.306,11.477999999999998,6.296662133897235,0.36509349593495943,0.5897402171963817,-3.0239999999999996,3.0789999999999997,6.103,0.693604198771061,7.259109756097561,0.8438608091322712,4.686,11.175999999999998,6.489999999999998,7.307993946101773,1,-0.00355691056910569,0.030941900923049954,-0.136,0.092,0.228,0.031145671377070288,-0.0042439024390243905,0.029005141530036943,-0.17600000000000002,0.10300000000000001,0.279,0.029313971806792592,-0.005707317073170731,0.026862713817016177,-0.11199999999999999,0.09,0.20199999999999999,0.027462317123444227,246,0f60da1e-016e-4009-95db-867ea2e880ae,321759c0-6198-44af-bedd-0a65087b2771,Ditch,6.0,,10.193560975609756,Chevrolet Express van 2013,Right door
-5.555325443786982,0.54998755822717,-7.571000000000001,-3.3339999999999996,4.237000000000001,5.582483954351478,2.530467455621302,0.5863095900046288,0.078,3.923,3.845,2.5975035090043557,8.574360946745562,0.6478867010594945,5.06,10.63,5.570000000000001,8.598803569246433,0,,,,,,,,,,,,,,,,,,,169,0f914f11-8188-4425-a3e5-52bb4d7e9ecb,13066d62-0b2f-42b7-bab7-9f8e49afa22b,Metal_bumps,,good,0.0,Kia RIO 2018,Copilot trousers
4.067028571428572,1.0465130914672043,0.667,6.5120000000000005,5.845000000000001,4.19951319219604,-0.5173314285714287,0.40001889081922726,-2.04,0.902,2.942,0.6539471844117076,10.07409142857143,1.0623936115802517,5.766,14.122,8.356,10.129955493344621,0,,,,,,,,,,,,,,,,,,,175,0f9bd1e9-8507-40c4-9003-10c5c3efca7b,e1623b0b-af77-41e4-a772-c798eee54b42,Speed_bump,,bad,23.656114285714285,Honda Accord 2007,Left door
1.2894100719424462,0.4840683525810156,-0.157,2.667,2.824,1.3772801107970456,-0.06548920863309354,0.4910079394939927,-0.981,1.9609999999999999,2.9419999999999997,0.4953560669796274,9.959920863309353,0.9093698511120131,7.806,15.062999999999999,7.256999999999999,10.0013487655164,0,,,,,,,,,,,,,,,,,,,139,0fefe789-a86b-48fc-a736-ef1981344c6b,b57f3df2-1453-4e16-a46e-112a9e24336a,Pothole,5.0,,15.371999999999996,Peugeot Partner 2013,Glove compartment
7.053216374269005,1.1558040946583288,3.304,11.290999999999999,7.986999999999998,7.147289299271814,-0.2453918128654971,0.7148248824464282,-2.694,2.0709999999999997,4.765,0.7557722900358049,6.319350877192983,1.0570848166697566,3.9360000000000004,13.655,9.719,6.407154112296149,1,0.03967251461988305,0.05954052435002162,-0.098,0.171,0.269,0.0715470646228086,0.0059824561403508765,0.12632476819940752,-0.313,0.415,0.728,0.12646634667809956,0.038,0.06176298783791687,-0.084,0.205,0.289,0.07251666475139812,171,105af8ac-e0bc-4644-9d5c-e698ad60c5a5,fd23c9b5-c782-4eef-9ebe-03d2f6d62561,Pothole,6.0,,0.0,VW Derby 2001,Right door
-0.16973867595818817,0.7898334835329186,-2.667,3.4130000000000003,6.08,0.8078664183055166,-0.018972125435540096,0.4449386042954091,-1.804,1.0590000000000002,2.8630000000000004,0.4453429051145741,10.801780487804878,0.860594376020081,7.492000000000001,15.415999999999999,7.923999999999998,10.836008692630307,0,,,,,,,,,,,,,,,,,,,287,10c360a4-91bf-48c8-a61d-b128c9c58389,a168c095-f726-41bf-9122-79adfcf75c61,Pothole,5.0,,9.385714285714286,Chevrolet Cruze 2010,Dashboard
5.734480836236934,0.8231397645190042,-0.555,10.597000000000001,11.152000000000001,5.793257247274718,-1.164728222996516,0.4632816017430079,-3.4739999999999998,-0.156,3.3179999999999996,1.2534838155948358,7.506142857142857,0.5673818504859194,4.937,9.193999999999999,4.256999999999999,7.5275562273620755,1,0.01378397212543554,0.0334409149900544,-0.098,0.13699999999999998,0.235,0.0361703287644283,-0.012508710801393727,0.06605988541245969,-0.429,0.21100000000000002,0.64,0.06723374380934181,0.01802787456445993,0.03152808476473001,-0.076,0.13699999999999998,0.21299999999999997,0.036318375380018066,287,112a2caa-29b2-46dc-ab9f-ce18cc601467,a168c095-f726-41bf-9122-79adfcf75c61,Pothole,5.0,,0.0,Chevrolet Cruze 2010,Right door
-0.012626582278481019,0.561980297012352,-1.4509999999999998,2.079,3.5300000000000002,0.562122126241377,6.369575949367089,0.6094286418836493,4.668,8.238,3.5699999999999994,6.398664004642203,8.428550632911394,0.6131702073099368,6.1979999999999995,10.12,3.9219999999999997,8.450825017398216,0,,,,,,,,,,,,,,,,,,,158,116999f2-623f-42f7-a226-fbe95870413f,23262ba3-e541-486b-b128-6723952f87f5,Pothole,5.0,,19.304430379746837,Peugeot Partner 2013,Console
5.751253164556962,0.8130317819887122,2.55,10.474,7.924,5.808436419670117,0.30548523206751055,0.6352228991766972,-1.138,3.53,4.667999999999999,0.7048612336125382,8.435383966244725,1.4676351339230052,4.197,17.809,13.612000000000002,8.56210578913294,0,,,,,,,,,,,,,,,,,,,237,11ac5423-fdbe-4be0-ab02-6ebec25dcc08,66229e42-8162-44aa-be6f-f5c3317ff21f,Pothole,9.0,,13.518987341772151,Kia RIO 2018,Left door
9.86036231884058,1.7949611353510444,4.08,18.083,14.002999999999998,10.022406424418833,-0.039521739130434816,1.0642254257316852,-3.138,4.59,7.728,1.0649590248632483,1.2228840579710143,1.6195849578928574,-3.177,5.374,8.551,2.0294089915717985,0,,,,,,,,,,,,,,,,,,,138,11cc1f3c-a959-47d7-ad53-d50d9ae5e54d,02dc88e6-51e5-4e63-b65b-7eb12d0575f5,Pothole,4.5,,10.910869565217391,VW Pointer 2004,Left door
-3.7498679245283024,0.7756284618668635,-6.08,-0.706,5.3740000000000006,3.829243915221927,4.312367924528302,0.4109881172930305,2.9419999999999997,4.982,2.0400000000000005,4.331908164891842,8.272745283018867,0.5827859903866579,6.237,9.924,3.6869999999999994,8.293247495903032,0,,,,,,,,,,,,,,,,,,,106,127ae3f6-9661-4559-b2f0-370d29a326bc,0b3c066a-6f84-405c-886d-ea838414f61b,Pothole,7.0,,9.0,Chevrolet Cruze 2010,Driver trousers
-1.0213012048192773,1.2681606377945815,-5.138999999999999,3.53,8.668999999999999,1.6282774807190783,-0.11388554216867468,0.8373799026470818,-3.844,2.197,6.041,0.8450887634280136,11.140319277108434,1.4515807338821327,4.08,15.887,11.807,11.23449154269527,0,,,,,,,,,,,,,,,,,,,166,127e5dab-54ee-4092-89fc-a6faf13a7966,920f0503-2423-4c8d-8ef6-dc57fc9652db,Pothole,8.0,,3.876506024096386,Peugeot Partner 2013,Console
-0.13198648648648645,0.6193896078429726,-1.4509999999999998,1.53,2.981,0.6332960752435774,-7.698479729729732,0.8875817318254117,-10.199,-6.237,3.9619999999999997,7.749476852002961,6.332743243243244,0.7230064214288274,5.2170000000000005,8.865,3.6479999999999997,6.3738822761540135,0,,,,,,,,,,,,,,,,,,,148,12bb2485-1676-461d-a9b9-b74ac3a13178,170a9178-30e6-4a97-89b5-1f5cec7849ab,Speed_bump,,good,14.929054054054054,Kia RIO 2018,Console seats
5.992201388888889,1.2672722871270772,2.861,10.128,7.2669999999999995,6.124741344311792,-1.2777430555555556,0.9849083836871987,-4.247,0.737,4.984,1.6132798394196144,7.232701388888889,1.2863880801592684,4.147,10.505999999999998,6.358999999999998,7.346207434697927,1,0.0008402777777777781,0.030306458606313157,-0.073,0.073,0.146,0.030318105151872537,0.0011597222222222202,0.1151974550737923,-0.237,0.387,0.624,0.11520329253589548,0.01313888888888889,0.03485358484493682,-0.062,0.128,0.19,0.03724785601585383,144,12de1e57-128c-467d-ae79-cc432c9eed84,53e1da6e-5ebc-4486-84cc-08e84ecffb2f,Pothole,8.5,,0.0,Chevrolet Cruze 2010,Right door
5.7348037383177575,0.4624530072464213,3.452,6.943,3.4909999999999997,5.7534195658698986,0.5127056074766355,0.8868060099674284,-0.981,2.354,3.335,1.0243495200625305,8.379271028037383,1.159147483783071,5.531000000000001,11.925,6.394,8.459066488121918,0,,,,,,,,,,,,,,,,,,,214,1336b11c-58ac-4f94-8213-e33294836ba4,3efa4be1-3dd2-4550-a1c0-a9d3dff5ef5c,Pothole,12.0,,6.493457943925234,Kia RIO 2018,Left door
8.362157894736843,1.70109356422583,3.923,16.75,12.827,8.533428617546422,0.1598479532163743,0.626199079225845,-1.255,3.373,4.628,0.6462790844292892,-5.496988304093568,1.1283369897492086,-9.65,-1.0590000000000002,8.591000000000001,5.6115973463691935,0,,,,,,,,,,,,,,,,,,,171,137d16a6-6c73-4d8b-a226-6156c4084e2f,6c68139e-399c-42f2-a00a-b52782e38f3b,Pothole,8.0,,15.972631578947368,Chevrolet Spark 2013,Left door
4.780303999999999,2.379361417604312,-0.667,19.887999999999998,20.555,5.339725375709878,0.300936,0.9798006796813318,-5.452000000000001,3.177,8.629000000000001,1.0249740718671865,9.082656000000002,3.9871656561602755,1.412,40.168,38.756,9.919280719084425,0,,,,,,,,,,,,,,,,,,,125,13818f46-f00d-4de6-8ccd-0a6f2ba2a39a,bc8b4198-f261-46dc-918e-518c3e0a0971,Metal_bumps,,good,10.944000000000003,VW Pointer 2004,Copilot trousers
1.659936842105263,0.7918794407248235,-0.314,3.9619999999999997,4.276,1.839147456954187,0.14373684210526314,0.6501778899983136,-1.255,1.6869999999999998,2.9419999999999997,0.6658765414257005,10.244357894736842,1.3497103776330328,5.962000000000001,14.788,8.826,10.332888598013016,0,,,,,,,,,,,,,,,,,,,95,13925299-c3a1-4b80-a300-d22a1c1e640e,9d7a5b6c-863b-448d-a300-430f6f3c1b9c,Metal_bumps,,bad,9.9,VW Pointer 2004,Glove compartment
6.769553030303031,1.845216191301803,2.04,12.317,10.277000000000001,7.0165284167262705,1.5173863636363638,0.8312401983721716,0.157,3.923,3.766,1.7301507575755917,7.459280303030303,1.9602416607142874,2.354,14.435,12.081,7.71254886581445,0,,,,,,,,,,,,,,,,,,,132,139f8283-c917-4dd6-80d1-bd78eb999a0e,dfc3b628-958a-4863-ace2-059ee0628d53,Speed_bump,,good,5.4,VW Derby 2001,Left door
0.4395866666666667,0.915900854799373,-3.295,2.3930000000000002,5.688000000000001,1.0159285473562267,-0.2991533333333334,1.371609641925217,-6.59,4.629,11.219,1.403853883659787,10.197659999999999,1.382666823352611,6.865,18.945999999999998,12.080999999999998,10.290968711447917,0,,,,,,,,,,,,,,,,,,,150,13a2a942-773a-4735-8768-a2536c728aca,cdc75e64-c77f-4aec-a30b-877b86524a4a,Pothole,11.0,,10.14,Chevrolet Spark 2013,Console
-0.2434858299595142,0.5846271925361078,-2.511,1.0979999999999999,3.609,0.6333042741397888,6.639145748987854,0.6692779381649432,4.707,8.472999999999999,3.765999999999999,6.672794709476518,8.23012145748988,0.6403148148927644,6.315,9.728,3.4129999999999994,8.254992566150891,0,,,,,,,,,,,,,,,,,,,247,13fa36e0-b2b3-44ec-b3c4-576f42916c7b,90791568-e66d-4aad-add3-e928fa45f713,Pothole,5.0,,19.64346558704453,Peugeot Partner 2013,Console
1.2834683098591548,0.423251068877084,-0.35,3.2060000000000004,3.5560000000000005,1.3514556484466331,6.790485915492958,0.49718692797671415,4.985,8.378,3.393,6.808663144102457,6.7435422535211265,0.5325496554675289,4.652,8.976,4.324000000000001,6.764537771390104,1,0.0031232394366197186,0.018824306902277196,-0.059000000000000004,0.078,0.137,0.019081644450350117,0.004704225352112675,0.029725928534140394,-0.10800000000000001,0.134,0.24200000000000002,0.030095856249329107,0.0026971830985915496,0.020361344706630983,-0.075,0.092,0.16699999999999998,0.020539210182710956,284,14192a83-c58b-40d8-97d3-60a0f7ebc81c,9297cb19-7576-42e9-a7b4-9bdd30c73935,Pothole,5.0,,0.0,Peugeot Partner 2013,Right door
5.615207792207792,1.0237515975302676,1.608,10.003,8.395,5.707768905896321,0.49871428571428567,0.5403950180286676,-0.902,3.138,4.04,0.7353521022515093,8.393707792207794,1.747637629700298,3.2560000000000002,14.357000000000001,11.101,8.573713768590265,0,,,,,,,,,,,,,,,,,,,154,142fd808-e8a8-4f6b-82d5-a99036e92db8,1928e690-d4bc-47f8-b629-73a6d305cbd7,Pothole,9.0,,9.771428571428572,Kia RIO 2018,Left door
0.10461805555555555,1.0446829595924718,-4.59,2.7460000000000004,7.336,1.0499082929528232,3.363680555555556,0.8430409296507246,0.588,5.962000000000001,5.3740000000000006,3.4677175330307524,9.936576388888888,1.3320703579800814,4.707,13.494000000000002,8.787000000000003,10.025465663540688,0,,,,,,,,,,,,,,,,,,,144,144f05f0-54e0-4399-9d47-0a064a4137d6,063ec5d3-4aaa-46c3-8a3e-ffa415bbb42d,Pothole,9.0,,6.4625,Chevrolet Cruze 2010,Console between seats
0.13392187500000002,0.7346621737380279,-1.4909999999999999,2.7460000000000004,4.237,0.7467687581340022,-2.2855703125,0.4812218122198456,-3.452,-1.02,2.432,2.335681075390538,10.1808125,2.0818959986557326,5.57,16.554000000000002,10.984000000000002,10.391498164816033,0,,,,,,,,,,,,,,,,,,,128,1451c2de-c12b-45d3-8790-6a644bea3513,c688f8dc-c99a-43a5-b5b6-36c9e0490633,Pothole,5.0,,14.4,Peugeot Partner 2013,Console
-2.5717198275862065,1.5502611859874715,-9.101,2.354,11.455000000000002,3.00284075774579,2.538586206896552,1.0545429437223397,0.078,6.433,6.3549999999999995,2.748905373053063,10.083771551724139,0.9485400417180182,6.707999999999999,14.004000000000001,7.296000000000002,10.128285981255834,0,,,,,,,,,,,,,,,,,,,232,14cf579e-a155-4831-8687-59876ad73f81,25d259df-54c2-4ff8-95a1-fddbef4bf3ec,Pothole,12.0,,0.0,Kia RIO 2018,Copilot trousers
-4.796504065040651,0.5111260305337291,-7.962999999999999,-2.864,5.098999999999999,4.823660546207687,0.07639024390243904,0.35092963958226564,-1.726,0.902,2.628,0.3591477151546603,-8.386686991869919,0.9359169255103815,-13.023,-4.707,8.315999999999999,8.438747489471224,0,,,,,,,,,,,,,,,,,,,246,14dc3ba8-5f72-45c6-99f7-4442c990d3ca,321759c0-6198-44af-bedd-0a65087b2771,Ditch,6.0,,10.75609756097561,Chevrolet Express van 2013,Left door
3.9855204918032783,0.8692722057059415,-0.5489999999999999,5.806,6.355,4.07921656181634,-0.18276639344262294,0.7894679046529737,-2.04,2.04,4.08,0.8103475347338204,10.049377049180327,0.9613915147946551,5.766,15.495,9.729,10.095258922945536,0,,,,,,,,,,,,,,,,,,,244,150ebcc7-fdf2-4e37-8cbb-bc68d584571f,8fcbcba2-9141-4e0d-acba-bdc99f4aa7a6,Metal_bumps,,bad,24.418032786885245,Honda Accord 2007,Left door
2.7656218487394955,0.7666136383126786,1.608,5.766,4.1579999999999995,2.8699060403909167,0.18426050420168066,0.5344051662525288,-0.863,2.001,2.864,0.5652794133223413,9.778571428571428,0.7007032790233635,8.316,13.298,4.981999999999999,9.803644438111144,0,,,,,,,,,,,,,,,,,,,119,15151be0-78c2-4aa4-8af1-4fe714cf228f,669fddbe-c93b-400a-a527-887c9f0a9406,Pothole,6.0,,13.491226890756296,Kia RIO 2018,Console
9.019886178861789,1.1646308895937667,3.4130000000000003,13.298,9.885,9.094762876986838,0.3696747967479675,0.5766275445529409,-1.216,1.6869999999999998,2.9029999999999996,0.6849516628841811,-4.182869918699186,1.5045313775410882,-9.414,1.138,10.552,4.445223888935655,0,,,,,,,,,,,,,,,,,,,123,153e0c5a-c3cb-4b48-ba81-90a9ee05e001,2eb39caa-d21b-4895-8510-2004a70959d4,Pothole,8.0,,8.1,Chevrolet Spark 2013,Left door
-7.928156862745098,1.901174250548759,-12.984000000000002,-0.745,12.239000000000003,8.152921854847,-0.1661111111111111,0.7039474928015876,-2.275,1.334,3.609,0.7232807019796734,-6.533398692810458,1.4908688844383755,-11.335999999999999,-1.294,10.041999999999998,6.70134229164605,0,,,,,,,,,,,,,,,,,,,153,15694f3b-700d-4e5c-8c42-7df75836f97b,8f33e2c1-e701-4a5d-9a51-c7c0472f489a,Pothole,9.0,,14.16470588235294,Chevrolet Cruze 2010,Left door
-1.1814960000000003,1.1736986435980916,-4.276,4.158,8.434000000000001,1.6653832303707157,-0.5425519999999999,1.416338244663329,-7.296,2.628,9.924,1.5166992767190204,10.912543999999999,1.9978356749402588,3.766,19.965999999999998,16.199999999999996,11.093915626865025,0,,,,,,,,,,,,,,,,,,,125,15f51735-a966-4398-9ada-78a5bdb1d34c,832d58a9-5588-45c8-a243-7392fccd662d,Pothole,7.0,,10.5264,Peugeot Partner 2013,Console
-1.3184242424242425,2.582389028156997,-18.053,11.294,29.347,2.899478500654484,0.5798030303030303,0.7365096888765273,-2.548,2.8539999999999996,5.401999999999999,0.9373462944704991,9.735583333333334,5.576255321425143,-7.13,41.86600000000001,48.99600000000001,11.219456593347115,1,-0.00393939393939394,0.3654746966653957,-2.8310000000000004,1.574,4.405,0.36549592710079926,-0.0060000000000000105,0.8109253225716156,-5.472,3.7030000000000003,9.175,0.8109475191329454,-0.03800757575757576,0.2420697212428847,-1.609,1.117,2.726,0.24503535613779445,132,1629e281-4f69-4ec8-b7fc-6f3b3eb90d7b,fdd8dbe7-88ee-4234-8f3e-1d3dca54c873,Metal_bumps,,bad,24.156,Honda Accord 2007,Right door
6.108013274336283,1.1005604102628583,2.16,9.892999999999999,7.732999999999999,6.206372481257163,-0.20683628318584074,0.450590796751508,-2.294,1.125,3.419,0.49579563749522043,7.395079646017699,1.2081321547707542,2.634,11.912,9.278,7.493115925590387,1,-0.009309734513274336,0.05103392584012307,-0.203,0.147,0.35,0.051876128839407745,-0.002336283185840708,0.03832317412063969,-0.134,0.132,0.266,0.03839432111400474,-0.008407079646017699,0.04499412688677702,-0.13699999999999998,0.162,0.299,0.045772813355504774,226,1634079a-80bd-4b71-ae07-deebc5d6ab85,c47e2571-3fe5-42af-8daf-43391c1f2a6b,Speed_bump,,good,8.140778761061947,Chevrolet Express van 2013,Right door
4.7274393939393935,1.0490297122751082,1.827,8.344,6.5169999999999995,4.8424318849732995,-0.41133333333333333,0.6299414314606614,-2.275,1.2790000000000001,3.5540000000000003,0.7523438829297533,8.272234848484848,2.253141920303292,2.282,14.698,12.416,8.57359422304993,1,0.017659090909090912,0.13602176906576247,-0.233,0.285,0.518,0.13716327916579987,-0.0021136363636363644,0.0978226322984981,-0.235,0.205,0.43999999999999995,0.09784546411809208,0.01984090909090909,0.09456397782561739,-0.213,0.17800000000000002,0.391,0.0966230178361118,132,16aa82a6-4472-41f7-844f-bd9977d9c300,05c1e7b0-66f0-431c-8b08-45d0d2d686a3,Speed_bump,,good,0.0,VW Pointer 2004,Right door
6.211422110552764,1.205365047278029,1.7069999999999999,12.710999999999999,11.003999999999998,6.327295593906082,0.09454020100502514,0.684233097563224,-1.463,3.917,5.38,0.69073350968882,7.250927135678392,1.410900787574815,3.63,11.527999999999999,7.897999999999999,7.386919883097183,1,-0.0009145728643216083,0.04673756238166866,-0.153,0.18899999999999997,0.34199999999999997,0.04674650982591665,-0.0043266331658291446,0.13953879107723985,-0.331,0.524,0.855,0.13960585220487443,-0.0006884422110552758,0.05034841837884965,-0.171,0.244,0.41500000000000004,0.05035312488743522,398,16cdc30e-25bf-42e4-9be7-f3e9668ad8e3,947a4a24-9b56-4f21-8225-94a4da436968,Pothole,16.0,,7.6036884422110536,Chevrolet Express van 2013,Right door
-0.120760736196319,1.1833330634575587,-3.53,5.138999999999999,8.668999999999999,1.189479001276831,4.198680981595092,0.9609212010716462,0.039,7.492000000000001,7.453000000000001,4.30723711210299,9.615319018404907,1.5419359065619584,5.922999999999999,15.534,9.611,9.738168522142352,0,,,,,,,,,,,,,,,,,,,163,16da82d3-c473-4088-8b5f-13e988427429,d5cccc00-7337-4cd9-8d22-256496484c70,Pothole,5.0,,7.549398773006133,Chevrolet Cruze 2010,Console between seats
-1.0305606936416183,0.8247640006213329,-4.158,0.863,5.021000000000001,1.3199587114754763,7.115433526011561,1.0613268674492546,1.3730000000000002,11.335999999999999,9.962999999999997,7.194151025844465,-6.746520231213873,1.3391464220779252,-13.062000000000001,-1.922,11.14,6.878142799472994,0,,,,,,,,,,,,,,,,,,,173,16e72300-2a57-4503-b3af-5e6ed17d36c5,1759b48b-9b30-40b9-8855-2f8d97f02c3a,Pothole,12.0,,16.304046242774568,Kia RIO 2018,Left door top
6.249503703703703,0.8376696677142517,4.4719999999999995,10.748,6.276,6.305393486120816,0.4643333333333333,0.8542611015548055,-0.863,3.452,4.3149999999999995,0.9723000946590893,8.026074074074074,1.0492035895338947,5.178,12.827,7.649,8.094361816401266,0,,,,,,,,,,,,,,,,,,,135,16e95ac1-83d3-43d6-b52e-5bdd7b20f08a,aaf9a053-4ef4-426f-89ff-0a7236c340ac,Pothole,5.5,,2.7,Kia RIO 2018,Left door
8.774627906976745,1.6760884144861479,4.315,13.376,9.061,8.933273044023101,0.9116046511627907,0.7087781977613148,-1.6480000000000001,2.589,4.237,1.1547248908910774,-5.343015503875969,1.2501839305577183,-8.865,-2.275,6.59,5.4873285426411025,0,,,,,,,,,,,,,,,,,,,129,173df374-94db-4aeb-b557-305525bbdd13,66031827-ff15-43df-b039-38ecde7f9099,Speed_bump,,bad,5.4,VW Derby 2001,Console left
-0.312345945945946,1.14361926630647,-3.295,3.687,6.981999999999999,1.1855062278268371,-8.689654054054055,1.1383147521296546,-12.945,-4.433,8.512,8.763894571139824,5.623816216216216,1.0403296560468456,2.864,9.14,6.276000000000001,5.7192302477717245,0,,,,,,,,,,,,,,,,,,,185,17af6dc4-2213-4ee8-b9ee-92d05dea4715,93535cee-a12e-47da-867d-b86bc302dbc9,Pothole,7.0,,17.951351351351352,Honda Accord 2007,Console seats
-6.602388059701493,1.1879243964990902,-9.454,-3.452,6.002000000000001,6.708404613817399,0.5980373134328358,0.49326163029485737,-0.785,1.608,2.3930000000000002,0.7752133023749687,-7.714134328358209,1.239124990931069,-11.023,-4.707,6.316,7.813021130081787,0,,,,,,,,,,,,,,,,,,,134,183a7c6f-93fb-4695-9810-98e55e4ac092,f6cf7517-8f8e-4465-b6c7-0dde6013e931,Speed_bump,,good,9.9,Chevrolet Cruze 2010,Left door
2.734646666666667,0.8904843636034393,-0.314,4.825,5.139,2.8759789278319365,1.5473666666666666,1.2134268796356138,-0.431,6.472,6.9030000000000005,1.9664049413417712,9.850093333333334,1.1426088298081525,6.276,13.886,7.609999999999999,9.916143081527885,0,,,,,,,,,,,,,,,,,,,150,18519b38-45e4-48f7-8004-929cfbb111d8,eb489a47-b696-4fba-b6eb-7c21c2468129,Pothole,12.0,,10.116,VW Pointer 2004,Glove compartment
-4.6146875000000005,0.9730830792534955,-7.571000000000001,-1.922,5.649000000000001,4.7161670243732585,3.935258928571429,0.8072509428558813,1.726,6.472,4.746,4.017202623672704,8.042508928571428,1.5314011907606502,3.491,14.395999999999999,10.905,8.187010411207151,0,,,,,,,,,,,,,,,,,,,112,186ca25f-0312-4646-a828-716b20a2cc9b,894fd446-d1ac-4f3f-a1cc-59aa8866537d,Metal_bumps,,good,12.6,Chevrolet Cruze 2010,Driver trousers
-7.784541353383459,1.624707892826185,-12.277999999999999,-4.119,8.158999999999999,7.952280164804863,0.7966090225563911,0.780074083956099,-1.4509999999999998,3.06,4.511,1.1149446225163813,6.619278195488721,1.8240452249759727,0.941,10.317,9.376,6.8660020981667405,0,,,,,,,,,,,,,,,,,,,133,188bc02c-d8cb-4509-81d0-3f43d21821ce,942ba7b0-f45c-449d-b8ce-2bee67381dd3,Pothole,6.0,,0.0,VW Derby 2001,Copilot trousers
-0.10521818181818182,0.7401099965154834,-2.589,1.53,4.119,0.7475517859836017,6.425681818181818,0.8431657761277186,2.903,9.179,6.276,6.480765028493584,7.461645454545455,0.8976516998800375,4.001,9.65,5.649,7.515446191919437,0,,,,,,,,,,,,,,,,,,,110,189b8b45-f9c3-4e97-ba5b-58b3a334a906,894fd446-d1ac-4f3f-a1cc-59aa8866537d,Metal_bumps,,good,0.0,Chevrolet Cruze 2010,Console
2.77405625,0.6758953714044338,0.902,5.2170000000000005,4.315,2.8552097350720143,1.27243125,0.9122547521243382,-0.706,4.707,5.413,1.5656596113938688,9.8937,0.9436686905370975,6.629,13.729000000000001,7.100000000000001,9.938602028831822,0,,,,,,,,,,,,,,,,,,,160,18a8c2b3-30b8-470a-9844-e5a71591fc3f,a881edcc-dfea-48ee-a681-ce081eb854ab,Pothole,7.5,,11.08125,VW Pointer 2004,Glove compartment
0.20180213903743313,0.47781702625969685,-1.255,1.726,2.981,0.5186841176513345,-8.660679144385027,1.0568486824959311,-10.003,-5.531000000000001,4.4719999999999995,8.724923631739085,4.898491978609626,0.8662814647323731,3.452,6.7860000000000005,3.3340000000000005,4.974501707773524,0,,,,,,,,,,,,,,,,,,,187,18aa40c5-0f15-40b8-83bb-80589e48d104,79b93997-2fd9-4c58-ab95-e235e77c5f2c,Speed_bump,,bad,0.9240641711229948,Kia RIO 2018,Console seats
2.1465306122448977,0.7562317456603651,-2.471,3.883,6.354,2.275847121941406,5.216578231292517,0.7075077454461254,2.589,8.002,5.413,5.2643381020847455,-8.344598639455782,1.0305847535005594,-12.788,-4.864,7.924,8.40799806064173,0,,,,,,,,,,,,,,,,,,,147,18ceb336-6357-4aec-b84d-6270e321103f,b41a1fe3-7e59-4c46-9e72-2570c4c0c930,Pothole,7.0,,11.436734693877552,Peugeot Partner 2013,Left door
4.703189743589744,0.7149691762388986,2.824,7.061,4.237,4.7572234220372165,0.4685179487179487,0.751741877028175,-1.412,2.471,3.883,0.8857905609954974,8.962964102564102,0.7870186155838227,7.178,11.219000000000001,4.041000000000001,8.997450961529504,0,,,,,,,,,,,,,,,,,,,195,1902b53e-9960-4d91-8f6b-d7287d89f245,8f2ff7d7-1058-46cb-9308-067ba3aa6f6e,Pothole,10.0,,10.583076923076923,VW Derby 2001,Console
0.0959299363057325,0.863373837700744,-3.06,2.511,5.571,0.8686869034961517,7.054038216560509,1.4675622357286746,1.6869999999999998,12.630999999999998,10.943999999999999,7.205081129066704,-6.833700636942676,1.8094176050921547,-15.377,-1.6869999999999998,13.690000000000001,7.069190651338253,0,,,,,,,,,,,,,,,,,,,157,1908d0f7-4073-466e-aa91-dac22813146c,5d0e8e08-49af-47c4-b5db-bef4c93776c9,Speed_bump,,good,28.261146496815286,Kia RIO 2018,Left door top
-6.743978021978023,1.2910106270195478,-9.414,-3.727,5.686999999999999,6.866436339179152,-0.5733626373626374,1.1543696488025665,-4.119,0.941,5.06,1.2889197026967973,-7.657384615384617,1.4446305263165082,-10.827,-4.746,6.0809999999999995,7.792464084324964,0,,,,,,,,,,,,,,,,,,,91,190957a8-8746-46c7-a942-d38d89e073a3,d3360deb-372b-402d-8f72-e95c80190688,Speed_bump,,good,9.9,Chevrolet Cruze 2010,Left door
0.6569156626506025,0.39881844179239945,-0.235,1.6869999999999998,1.9219999999999997,0.7685013580660723,6.36367469879518,1.4872996482137406,2.2359999999999998,10.003,7.767,6.535167627204573,7.9757710843373495,1.0927491949296078,4.511,10.199,5.688,8.050281062967372,0,,,,,,,,,,,,,,,,,,,83,197d823c-2e06-4a38-9a80-ed2a1abc68e8,f428be73-5f11-4379-bcc6-83e2a56ec17d,Metal_bumps,,bad,44.45999999999999,Peugeot Partner 2013,Console
9.706539877300614,2.206891841052264,4.4719999999999995,15.925999999999998,11.453999999999999,9.954259791050767,-0.08978527607361964,1.2058967782456365,-2.432,4.276,6.708,1.2092346486860281,-1.6463251533742331,0.8946539371630899,-4.825,0.981,5.806,1.8737108042369053,0,,,,,,,,,,,,,,,,,,,163,19878e69-67eb-47f5-9afd-9ac59b736baf,36bc2903-7ac8-4dd1-81b6-977433c4bf13,Pothole,8.0,,9.9,VW Pointer 2004,Left door
-9.607335260115606,0.7215644233749497,-12.082,-7.571000000000001,4.511,9.634393910222949,0.8727225433526011,0.5233221616437811,-1.608,2.275,3.883,1.017600472947685,3.3571965317919075,0.5982842970558215,0.628,5.688,5.06,3.410089830661238,0,,,,,,,,,,,,,,,,,,,173,19f7b9c4-1037-4572-bc0d-6088214194d0,993a6072-7366-474d-8fc1-110eb1b14ca4,Metal_bumps,,good,6.3,Chevrolet Express van 2013,Copilot
4.517435897435898,1.0612911213147218,2.824,7.688,4.864,4.6404273436423855,0.25583760683760687,0.9284309340330525,-1.726,2.903,4.629,0.9630352435616676,9.084786324786327,1.1138689317320711,6.159,12.395999999999999,6.236999999999999,9.152816318713194,0,,,,,,,,,,,,,,,,,,,117,1a0fbcf0-6e9b-4ed6-9545-04bb50fcd584,156a6c9c-54df-4638-a04a-15b1ad68d14d,Pothole,10.0,,14.4,VW Derby 2001,Console
2.509430463576159,0.9116143130516942,-1.255,8.198,9.453,2.669884249791509,5.270615894039736,1.2287474043058806,2.471,12.395999999999999,9.924999999999999,5.411950857693806,-8.229278145695364,1.251643455562931,-12.082,-2.589,9.493,8.323919157408538,0,,,,,,,,,,,,,,,,,,,151,1a7f60fc-05eb-4a01-9db6-a19f3dd7bdf4,b2ea9aa9-0023-4ec1-8d8f-1780fe9ef70a,Pothole,7.0,,8.326490066225166,Peugeot Partner 2013,Left door
-5.836630630630631,0.7284818958459283,-7.296,-4.236000000000001,3.0599999999999996,5.881916608639652,2.078342342342342,0.5875772442299444,0.588,3.727,3.139,2.1598041369323076,8.583225225225226,0.9628774040445356,4.746,11.14,6.394,8.63706478858195,0,,,,,,,,,,,,,,,,,,,111,1a9363cf-f1a0-4b9d-bb53-2a4c477631c9,f51471d1-ea06-410f-bc25-7b37ff1e25b4,Metal_bumps,,good,0.0,Kia RIO 2018,Copilot trousers
8.114845528455284,1.2431352380336507,4.9030000000000005,12.709000000000001,7.806000000000001,8.209512967937362,-0.3572276422764228,0.700962738800804,-1.6869999999999998,1.6480000000000001,3.335,0.7867403317445318,-5.721333333333334,0.8485656158106121,-8.394,-3.57,4.824,5.783918975525777,0,,,,,,,,,,,,,,,,,,,123,1ae75598-7547-43c6-ba65-7b623c50781e,43bed957-6acb-4f0b-bfce-1364f369321a,Pothole,7.0,,17.928000000000008,Chevrolet Spark 2013,Left door
4.999825806451613,1.1009968805346044,2.131,9.505,7.3740000000000006,5.1196144606607294,-0.3141806451612903,0.6338146108411455,-2.945,0.948,3.893,0.7074110818397443,8.144529032258065,0.9304732428225655,5.803999999999999,10.415,4.611,8.197507768395418,1,0.007174193548387096,0.03574301617092208,-0.083,0.073,0.156,0.03645589469570753,0.017012903225806453,0.07593562529106791,-0.215,0.264,0.479,0.0778181088469524,0.0016774193548387104,0.04721835830566546,-0.098,0.11599999999999999,0.214,0.04724814384475007,155,1b29fd22-0383-43c4-8cdd-19e68094878e,004c8c25-24a5-4b22-bdc2-cc142359e346,Pothole,8.0,,0.0,VW Pointer 2004,Right door
4.456834170854271,0.966369415323433,1.53,7.728,6.1979999999999995,4.56039917916917,0.6311608040201006,0.42782828268909506,-0.47100000000000003,2.04,2.511,0.7624965573692776,9.00459798994975,1.3339047147891274,5.374,14.318,8.943999999999999,9.102861459384282,0,,,,,,,,,,,,,,,,,,,199,1b4b37b0-7c53-4733-97ba-045c74a1e8c1,93747a7c-6941-4a89-86ce-2b24a2a0e565,Speed_bump,,good,42.28190954773869,VW Pointer 2004,Copilot trousers
5.8436830985915496,0.6823675063028752,3.613,7.5920000000000005,3.9790000000000005,5.883388272961639,-0.9674014084507041,0.5968578411424512,-2.873,0.22699999999999998,3.1,1.1367078637915873,7.403845070422535,0.6160169800085042,5.922999999999999,9.503,3.580000000000001,7.429427888234657,1,-0.03843661971830986,0.041587929043110844,-0.11900000000000001,0.06,0.179,0.056629758762198425,0.007401408450704225,0.08038481916970296,-0.20199999999999999,0.318,0.52,0.08072484128197466,-0.045598591549295776,0.04846591075238885,-0.10400000000000001,0.083,0.187,0.06654454189742408,142,1b4db870-2405-4666-b092-d4b009ffee99,0b3c066a-6f84-405c-886d-ea838414f61b,Pothole,7.0,,0.0,Chevrolet Cruze 2010,Right door
-4.4110000000000005,1.0517507815171894,-6.237,2.001,8.238,4.534655522354705,-0.007137614678899089,0.696476880651744,-1.569,1.6869999999999998,3.256,0.6965134534419907,-8.03245871559633,0.9597875867077832,-9.885,-3.727,6.1579999999999995,8.08959734655303,0,,,,,,,,,,,,,,,,,,,109,1b54ead8-a7ca-404c-863c-8d641c1c9b7a,08d51d1b-9dba-4764-8eda-985e8c6f21c3,Metal_bumps,,bad,18.0,Chevrolet Express van 2013,Left door
2.8959320388349514,0.8095158119210594,0.431,5.374,4.943,3.0069483240157235,-0.1420776699029126,0.512752853832153,-2.432,1.216,3.6479999999999997,0.5320728835395188,9.588058252427185,1.7158862570380626,2.707,13.259,10.552,9.740386373190189,0,,,,,,,,,,,,,,,,,,,103,1b7dcb67-61d2-4aab-9e2e-c2dc9b051bda,a7441e63-11ab-443b-8c90-8a73204dcd1d,Speed_bump,,bad,21.6,Kia RIO 2018,Console
-3.279307692307692,0.9300736434543884,-5.492000000000001,-0.353,5.139000000000001,3.4086501614388243,1.7530923076923073,1.165004796597282,0.431,5.374,4.943,2.1048916398201154,9.56586153846154,0.6747382370376753,7.885,10.787,2.902000000000001,9.589628703007143,0,,,,,,,,,,,,,,,,,,,65,1bf92f88-ff44-4822-9ad2-03893491aed9,7ab712a5-c434-4df3-9243-b12d01b45f5a,Pothole,5.0,,9.0,Chevrolet Cruze 2010,Driver trousers
9.329146496815286,2.838243059788357,2.1180000000000003,20.006,17.887999999999998,9.751338268436681,1.6200127388535033,1.7351054557325558,-4.08,12.866,16.945999999999998,2.3738222799022908,3.732757961783439,2.731657753369717,-11.376,14.435,25.811,4.625520087817428,0,,,,,,,,,,,,,,,,,,,157,1c048744-8005-4efa-8409-b5cd6833077c,cdc75e64-c77f-4aec-a30b-877b86524a4a,Pothole,11.0,,7.882165605095542,Chevrolet Spark 2013,Left door top
2.4945159235668792,0.9272026665073214,-1.569,6.394,7.963,2.66126182058568,4.806337579617835,0.9912947497815472,1.9609999999999999,8.002,6.041,4.907498977095266,-8.352305732484076,1.2087390369281084,-12.16,-5.412999999999999,6.747000000000001,8.439316388682217,0,,,,,,,,,,,,,,,,,,,157,1c1f7dd2-19ad-4a40-8267-bd583d5f966b,4b07f47f-1397-44bf-b3b3-42e97c2d12c2,Pothole,8.0,,8.615923566878982,Peugeot Partner 2013,Left door
6.721866995073893,0.6978710532327812,4.55,8.748,4.1979999999999995,6.757996737673372,-0.08158620689655173,0.3739353309476554,-1.138,1.02,2.158,0.38273220518621043,7.561635467980296,1.2615573474908037,4.55,11.062000000000001,6.512000000000001,7.666150134952068,0,,,,,,,,,,,,,,,,,,,203,1c362e28-7ed4-4f2a-bec5-d82fcc9b83a3,8f2ff7d7-1058-46cb-9308-067ba3aa6f6e,Pothole,10.0,,11.482758620689655,VW Derby 2001,Left door
7.240473372781064,1.3114434256796772,3.5410000000000004,11.645999999999999,8.104999999999999,7.358283666773798,0.49530769230769234,1.3883924551319975,-4.37,6.249,10.619,1.4740974593040406,6.171159763313609,1.2970454652681707,1.781,11.612,9.831,6.305992369430335,1,0.044532544378698226,0.07255008761574837,-0.132,0.23800000000000002,0.37,0.08512733240207573,-0.0007396449704142025,0.1338896601347476,-0.35700000000000004,0.43,0.787,0.13389170312487803,0.051165680473372784,0.07671037365128909,-0.16899999999999998,0.214,0.383,0.09220850440183742,169,1c4b3e97-9fa4-4ec4-b9e7-f61c01718ef4,1ecf0f3f-01cf-49fd-a89b-3c6cabf16c65,Pothole,4.5,,0.0,VW Derby 2001,Right door
0.19840740740740742,1.2533838423409753,-5.099,6.7860000000000005,11.885000000000002,1.26899036858266,-2.288624338624339,1.8103574120619474,-16.004,2.55,18.554000000000002,2.918080760148924,10.024534391534392,3.182975868757467,-3.4130000000000003,20.006,23.419,10.517729087029581,0,,,,,,,,,,,,,,,,,,,189,1c62818d-0689-486c-ba18-6f94f8e96894,d25c4b6a-2aab-4f47-aab8-e4d420014437,Metal_bumps,,good,24.29047619047619,Chevrolet Express van 2013,Console
0.1703973509933775,0.6656097148053909,-1.6480000000000001,2.511,4.159000000000001,0.687074631804198,-1.5633443708609271,0.6107337249024435,-3.02,-0.353,2.667,1.6784043924620078,9.358509933774835,1.5482345462384635,4.393,13.494000000000002,9.101000000000003,9.48571232911522,0,,,,,,,,,,,,,,,,,,,151,1c64ff31-bb6f-42af-beb9-efbc74c9b8de,b41a1fe3-7e59-4c46-9e72-2570c4c0c930,Pothole,7.0,,14.334437086092716,Peugeot Partner 2013,Console
-0.018983870967741918,0.8773064163261038,-3.217,2.1180000000000003,5.335000000000001,0.8775117865213383,6.322120967741935,0.8027149756551195,2.3930000000000002,8.63,6.237,6.372877282900027,8.305951612903227,0.9347750967637385,4.55,10.866,6.316,8.358387205521131,0,,,,,,,,,,,,,,,,,,,124,1c66dbe3-8569-4476-a5bc-2b9602837286,832d58a9-5588-45c8-a243-7392fccd662d,Pothole,7.0,,12.019354838709678,Peugeot Partner 2013,Console
4.121274647887324,0.7586656108428669,1.255,7.532,6.277,4.190522429530042,0.5563239436619718,0.4035353371142861,-0.8240000000000001,2.3930000000000002,3.2170000000000005,0.6872678506896343,8.985654929577466,1.3008910870488057,4.511,13.847000000000001,9.336000000000002,9.079334344201826,0,,,,,,,,,,,,,,,,,,,142,1c6e1f21-6c7f-42de-89ae-27fb1cb82384,ae68c85e-773d-4017-aca4-bfae02a17782,Speed_bump,,bad,10.7543661971831,VW Pointer 2004,Copilot trousers
2.9970251572327045,1.1981400047845938,-0.431,6.237,6.668,3.227646087189694,1.3795597484276731,0.8682878952695556,-0.8240000000000001,4.04,4.864,1.6300640995229172,9.825408805031447,1.8697127187053388,3.727,15.338,11.610999999999999,10.00172404320765,0,,,,,,,,,,,,,,,,,,,159,1c9c5634-7ef1-4054-a0d1-52ac07108c41,05c1e7b0-66f0-431c-8b08-45d0d2d686a3,Speed_bump,,good,14.076,VW Pointer 2004,Glove compartment
-0.486,0.4569590025374267,-1.844,0.706,2.55,0.6670888471560591,6.55261,0.826598057038607,3.373,9.257,5.8839999999999995,6.604541025688311,7.498345,1.1799159529284278,3.373,12.277999999999999,8.904999999999998,7.590611266228827,0,,,,,,,,,,,,,,,,,,,200,1ce59138-ccda-4fc9-94bf-35f338bd2c01,1d868bf5-e370-4f99-a6f7-bf9919c1481b,Speed_bump,,good,0.0,Chevrolet Cruze 2010,Console
0.4444034334763948,0.24467275225567262,-0.706,1.765,2.471,0.5073057927739187,0.36177682403433475,0.47446591792670784,-2.079,1.4909999999999999,3.5700000000000003,0.5966576721055411,10.09803862660944,1.0745133216188207,5.688,15.808,10.120000000000001,10.155046183195457,0,,,,,,,,,,,,,,,,,,,233,1cedc10f-6d87-44da-a011-d8f8efde6c25,4b3e805f-f023-4d31-aced-c174b889284d,Ditch,6.0,,11.50532188841202,Chevrolet Express van 2013,Console
-4.698762962962964,1.211097746352808,-8.472999999999999,-0.667,7.805999999999999,4.852332545625179,3.4051925925925928,0.6076254023448657,1.765,5.178,3.4130000000000003,3.458980373205697,8.169437037037035,0.8533222881872632,5.8839999999999995,11.023,5.139,8.213882177729946,0,,,,,,,,,,,,,,,,,,,270,1d2d80fd-0d78-4128-b05a-a54cd86f85ec,c46983c7-0344-495a-8448-899cae37655a,Pothole,8.5,,12.6,Chevrolet Cruze 2010,Driver trousers
2.5979009900990095,0.8292315481782331,0.981,6.315,5.3340000000000005,2.7270340142454192,4.203851485148514,1.1247165309414822,2.1180000000000003,7.218,5.1,4.35170708850658,-8.84691089108911,1.8046202151069,-12.749,-3.53,9.219000000000001,9.029091119024304,0,,,,,,,,,,,,,,,,,,,101,1d4a4f3a-7f20-4902-9f48-d8763d0d223a,7a31ec2a-822a-4c71-a007-fde0e955b97f,Speed_bump,,good,12.6,Peugeot Partner 2013,Left door
6.734935483870967,0.7417400394749158,4.08,8.748,4.667999999999999,6.775657477917883,1.2995430107526884,0.9788233284741067,-0.275,3.02,3.295,1.6269318194568851,7.570763440860215,0.42095214393162744,6.08,9.65,3.5700000000000003,7.582457371126212,0,,,,,,,,,,,,,,,,,,,186,1d4a733d-c1ac-40d6-8e0e-2a280b956c0d,79b93997-2fd9-4c58-ab95-e235e77c5f2c,Speed_bump,,bad,18.706451612903226,Kia RIO 2018,Left door
-7.3260169491525415,0.5771342261267854,-8.669,-5.766,2.9030000000000005,7.348714734852435,2.417432203389831,0.8456587090447781,1.294,4.158,2.8640000000000003,2.5610773338908555,6.9274576271186445,0.6778472734846993,4.315,8.551,4.236,6.9605420838965495,0,,,,,,,,,,,,,,,,,,,118,1d54c499-330d-4b0f-ae08-c2e481d4c0be,e9f479ad-a384-4f42-a3d6-e24ba492ce54,Pothole,7.0,,0.0,Chevrolet Spark 2013,Copilot
-0.964861313868613,1.2493211831720301,-5.021,4.236000000000001,9.257000000000001,1.5785312077126088,-0.2611021897810219,1.4498883384374162,-7.649,5.138999999999999,12.788,1.4732109650166385,10.954824817518249,2.635043591372861,1.02,20.006,18.986,11.267281904299232,0,,,,,,,,,,,,,,,,,,,137,1d8bc5c9-26e4-4cb1-b361-a284da515828,ba603f8e-b287-4763-b13b-1a29e3aea9bc,Pothole,7.0,,10.530919708029197,Peugeot Partner 2013,Console
-7.931235632183907,0.4463189889303084,-9.414,-6.002000000000001,3.411999999999999,7.9437836887155635,2.8106091954022987,0.2853036839919047,1.569,4.001,2.4320000000000004,2.825052608603831,5.713086206896552,0.4344715624127573,4.04,7.178,3.138,5.729582842230053,0,,,,,,,,,,,,,,,,,,,174,1dc6a572-7d54-4101-ae51-ffe67bbc82ea,5b2efa9e-4ab0-40d6-99ee-6ebb4ad714e7,Metal_bumps,,good,0.0,Chevrolet Spark 2013,Copilot
4.3271875,0.9055184784662045,1.922,8.591000000000001,6.669000000000001,4.420917933529189,-0.8335729166666667,0.7671480428725342,-2.707,1.844,4.551,1.1328547687516408,9.945380208333333,0.9767902934185123,3.9619999999999997,13.612,9.65,9.993233048699755,0,,,,,,,,,,,,,,,,,,,192,1dc72c9f-0642-40b4-a947-328dc93cb652,519432f8-7ea6-45b4-a88f-04f903b1c059,Metal_bumps,,bad,19.2,Honda Accord 2007,Left door
9.282797752808989,1.7279478162621946,-0.275,16.24,16.514999999999997,9.442252791324796,2.340837078651685,2.2518780205695093,-6.237,19.849,26.086,3.2481491419444715,3.334915730337079,2.650472126414202,-20.006,19.965999999999998,39.971999999999994,4.259890306257699,0,,,,,,,,,,,,,,,,,,,178,1e091c35-36f9-4065-acc6-5ec458ca5dc8,5b2efa9e-4ab0-40d6-99ee-6ebb4ad714e7,Metal_bumps,,good,38.4876404494382,Chevrolet Spark 2013,Left door top
4.2516333333333325,1.179847885204793,0.706,7.571000000000001,6.865,4.4123040504178,0.08552666666666665,0.8909215805121247,-1.569,2.275,3.844,0.8950173592357488,9.163326666666666,1.8133608410781221,4.315,14.395999999999999,10.081,9.341029554604782,0,,,,,,,,,,,,,,,,,,,150,1e356e36-ab1a-449c-b360-e24a10092883,05c1e7b0-66f0-431c-8b08-45d0d2d686a3,Speed_bump,,good,10.080000000000004,VW Pointer 2004,Copilot trousers
0.17224154589371982,0.3149371221862287,-0.706,1.294,2.0,0.35896036140889137,-0.24367632850241547,0.4036385317569263,-2.001,0.941,2.9419999999999997,0.47148936084635495,10.153647342995171,1.4589105445784922,4.629,15.181,10.552,10.25792251593836,0,,,,,,,,,,,,,,,,,,,207,1e35e2b2-b4ef-4924-9a16-4f422f64b4e4,c47e2571-3fe5-42af-8daf-43391c1f2a6b,Speed_bump,,good,18.556521739130435,Chevrolet Express van 2013,Console
5.422029411764706,0.8832284057830153,2.55,7.962999999999999,5.412999999999999,5.4934957321202615,0.6333470588235293,0.5025911712640067,-0.51,3.177,3.6870000000000003,0.8085334763341225,8.569870588235293,0.879867674385794,5.06,12.277999999999999,7.217999999999999,8.614920140287397,0,,,,,,,,,,,,,,,,,,,170,1e6d2169-46a0-4334-b0a6-380d8780bfc9,95a9a4ec-88b5-458f-8c08-9b2827989655,Pothole,6.5,,11.467058823529412,Kia RIO 2018,Left door
4.360034013605442,1.1106642947866034,1.255,7.492000000000001,6.237000000000001,4.499274583253417,0.2097687074829932,0.6981079099872488,-0.941,2.3930000000000002,3.334,0.728942771845534,9.050387755102038,1.8088702508305725,3.609,13.965,10.356,9.229384058648812,0,,,,,,,,,,,,,,,,,,,147,1e7bd9d1-8739-4131-a479-d95a8ec6c603,c1d7144a-64b5-4631-becc-8ee4975525f3,Speed_bump,,good,10.080000000000004,VW Pointer 2004,Copilot trousers
0.611239393939394,0.45425413421136585,-1.025,3.9789999999999996,5.004,0.7615513214166956,6.222869696969697,0.773896303829994,2.394,9.469,7.074999999999999,6.270807185247004,7.326042424242423,0.8236397222934173,1.18,12.263,11.083,7.3721964158545985,1,0.00176969696969697,0.023538266521077197,-0.105,0.068,0.173,0.023604699069927116,-0.0024787878787878785,0.025855446147774342,-0.139,0.134,0.273,0.025973996320329394,0.003227272727272727,0.021418482145345134,-0.131,0.07200000000000001,0.203,0.021660255461712973,330,1f0cd74f-fabf-4eb4-8ce9-72fdc09c5c43,3f7163d6-35e5-4b54-b64e-76d43aa7b9af,Pothole,7.0,,0.0,Peugeot Partner 2013,Right door
6.8547777777777785,1.4556468696779252,2.864,10.317,7.453,7.007630569023969,0.6517676767676767,0.484903902346397,-0.392,2.432,2.824,0.8123625415969762,7.470131313131312,1.3683841436435324,3.766,10.317,6.551,7.594428023228609,0,,,,,,,,,,,,,,,,,,,99,1f288503-4608-4757-9d6e-e115bca5b550,a7441e63-11ab-443b-8c90-8a73204dcd1d,Speed_bump,,bad,22.5,Kia RIO 2018,Left door
-0.3851811023622047,1.574517240936118,-6.394,2.354,8.748000000000001,1.6209469527476978,7.133062992125984,0.9819464900990373,3.57,11.767999999999999,8.197999999999999,7.20033378108648,-6.721338582677165,1.0335042919999136,-12.630999999999998,-3.0989999999999998,9.531999999999998,6.80033259955474,0,,,,,,,,,,,,,,,,,,,127,1f55971e-c297-4b0e-a648-a42f44f03072,d44ea04b-18ab-4ad4-ba58-8f23e38f301f,Pothole,4.0,,4.691338582677165,Kia RIO 2018,Left door top
-1.018892405063291,1.252600598984061,-7.138999999999999,3.883,11.021999999999998,1.6146671464022813,-0.2651075949367089,1.2097978102095768,-6.551,4.197,10.748000000000001,1.2385042504896835,11.054208860759495,1.9217014450010061,4.59,20.006,15.416,11.220003118583017,0,,,,,,,,,,,,,,,,,,,158,1f5646c6-326a-4423-ae30-6392741c77d3,b2ea9aa9-0023-4ec1-8d8f-1780fe9ef70a,Pothole,7.0,,10.474632911392401,Peugeot Partner 2013,Console
-7.995127516778522,1.176100035058372,-11.18,-5.06,6.12,8.081167941703317,1.6138389261744965,0.9355254566795557,-1.294,3.609,4.9030000000000005,1.8653911010111373,5.536476510067113,1.2688708798971264,3.02,9.885,6.865,5.680018085919783,0,,,,,,,,,,,,,,,,,,,149,1f7669e2-250f-4086-81c1-f08151f2ff26,eb489a47-b696-4fba-b6eb-7c21c2468129,Pothole,12.0,,0.0,VW Pointer 2004,Dashboard
1.6572048192771085,0.832922800614801,-0.47100000000000003,5.06,5.531,1.8547474773723989,-0.14352710843373495,0.33328593478479374,-0.981,2.785,3.766,0.36287676307628586,9.823415662650602,0.9249680043938125,3.883,14.828,10.945,9.866866832503693,0,,,,,,,,,,,,,,,,,,,332,1fbdca82-2455-455b-8bfe-34a40afd2d32,3f7163d6-35e5-4b54-b64e-76d43aa7b9af,Pothole,7.0,,9.553012048192771,Peugeot Partner 2013,Glove compartment
7.176851239669421,1.6910065058017227,2.511,11.533,9.021999999999998,7.373377565200921,0.17763636363636365,0.8608557917647276,-1.569,3.687,5.256,0.8789922479185049,7.3103884297520665,2.293714218301406,1.9609999999999999,13.572000000000001,11.611,7.661782032209668,0,,,,,,,,,,,,,,,,,,,121,1fef149d-36cf-463d-bdf0-df2ce6105df6,117c09e7-598b-4cc0-9898-06333e9a8c2c,Pothole,6.0,,15.165818181818176,VW Derby 2001,Left door
0.34381512605042025,1.2616961304075909,-2.314,3.53,5.843999999999999,1.307702552718528,-0.1713949579831933,0.5657725174371614,-1.726,0.902,2.628,0.5911639139098763,10.964033613445379,0.935245862006108,9.061,14.004000000000001,4.943000000000001,11.003850139799237,0,,,,,,,,,,,,,,,,,,,119,1ffc04ae-d581-48a0-8f7a-23f3425d86b5,69b49691-dd74-49c1-9cac-69e9fab0d778,Pothole,8.5,,11.607126050420167,Chevrolet Cruze 2010,Dashboard
1.5842079207920792,1.1163617739040919,-1.726,6.865,8.591000000000001,1.9380346608186998,-0.1118712871287129,0.6803072349520077,-3.177,1.6869999999999998,4.864,0.6894440650349245,9.083435643564357,2.739063782439921,2.471,21.81,19.339,9.487427127258975,0,,,,,,,,,,,,,,,,,,,101,20147411-9155-4a2b-84cc-d2fca5c002ba,d2ff0919-5520-48f8-8d1a-f6d3820f0aa9,Speed_bump,,good,19.033663366336636,Peugeot Partner 2013,Glove compartment
-7.798236363636364,0.7401734595301547,-9.767000000000001,-5.178,4.589000000000001,7.833284568642539,3.4666848484848494,0.7919021044950978,0.941,6.825,5.884,3.55598267456665,5.375939393939393,1.8321469925711502,1.255,10.63,9.375,5.679567498471779,0,,,,,,,,,,,,,,,,,,,165,204a3e44-e0bd-4154-8c6c-6e157b0c2f8d,f1d079ef-259d-46b3-b993-5c71635fb0a1,Pothole,8.0,,0.0,Chevrolet Spark 2013,Copilot
-1.0521021276595746,1.0389532693788108,-3.844,0.863,4.707,1.4786286832666014,7.14995744680851,0.766512376756658,4.9430000000000005,9.767000000000001,4.824000000000001,7.190927110942901,-6.744978723404256,0.6169647215460644,-8.669,-4.59,4.079000000000001,6.773136898572811,0,,,,,,,,,,,,,,,,,,,235,2067d16b-9eeb-47fc-a0fc-5894edcfbfcf,ae5a562a-202a-48a6-8f94-43363a1c6601,Speed_bump,,bad,10.83063829787234,Kia RIO 2018,Left door top
-0.476275,0.37129920465172017,-1.4509999999999998,0.785,2.2359999999999998,0.6039047731223856,-7.8205,0.8183469618688641,-9.611,-5.296,4.315,7.863199857564349,6.163525000000001,0.6029818261841176,4.59,7.532,2.942,6.192949822849636,0,,,,,,,,,,,,,,,,,,,120,20945b64-f495-4232-94d4-4db1a1228df8,c045444a-4ab3-4a4e-a73c-67423ffb2cc0,Speed_bump,,good,13.5,Kia RIO 2018,Console seats
4.578365671641791,0.8241865418923615,3.0989999999999998,7.767,4.668000000000001,4.651958262829158,0.1518955223880597,0.7347766060009122,-1.4909999999999999,2.354,3.8449999999999998,0.7503125418435715,9.082410447761193,0.9346652861876689,5.845,11.376,5.531,9.130376703006617,0,,,,,,,,,,,,,,,,,,,134,20a762c3-08ba-4f23-9eb0-acaa311ab70e,0b9cef62-1da9-4632-8c7a-5b8dbb83b1aa,Pothole,10.0,,9.9,VW Derby 2001,Console
3.9940125,1.260250431399946,-5.138999999999999,9.611,14.75,4.188122132889632,0.24931874999999998,1.9579205626501903,-2.314,19.378,21.692,1.9737306727996098,9.58716875,3.086660854025501,4.511,42.247,37.736,10.071806187012834,0,,,,,,,,,,,,,,,,,,,160,20af337b-630d-498a-b237-ffffad0c1a9e,4df233fb-2120-4e3e-8024-93eafe47c00f,Pothole,12.0,,8.13375,VW Pointer 2004,Copilot trousers
4.3112790697674415,1.1102954490294774,1.883,7.335,5.452,4.4519527402647014,0.2727441860465116,0.8180734247961309,-1.922,2.9419999999999997,4.864,0.8623418807989351,9.140441860465117,0.9746755843262979,6.315,12.199000000000002,5.884000000000001,9.192261413777613,0,,,,,,,,,,,,,,,,,,,129,20ce1e9e-b410-464d-ad5d-5f3a5a2103c2,a23c5991-cc40-4048-b7bc-dc67341721e4,Pothole,6.0,,14.4,VW Derby 2001,Console
-7.255622950819672,1.2639147053595348,-10.395,-4.197,6.1979999999999995,7.3648859316954285,2.8371393442622947,0.8337341963068166,0.745,4.511,3.766,2.9571054037440834,6.654680327868852,1.6363325209508013,3.844,10.944,7.100000000000001,6.85290846175884,0,,,,,,,,,,,,,,,,,,,122,2121a96d-127b-4f5b-8ea4-cc55f28c2632,156a6c9c-54df-4638-a04a-15b1ad68d14d,Pothole,10.0,,0.0,VW Derby 2001,Copilot trousers
9.452900900900902,2.8823595563012243,-1.0590000000000002,20.006,21.065,9.88257719696912,2.141891891891892,2.7063497851319602,-6.982,16.985,23.967,3.451380888287474,3.9590540540540538,2.638721451381153,-2.432,20.006,22.438,4.757831428382147,0,,,,,,,,,,,,,,,,,,,111,2160408f-2c21-4b8a-905a-51a07fe42f05,c3c45db0-b36e-4917-84f3-ccf5b45624df,Metal_bumps,,good,26.57027027027027,Chevrolet Spark 2013,Left door top
-7.439305194805195,1.533712749006971,-13.886,-3.0989999999999998,10.786999999999999,7.595757801425877,0.06188961038961037,0.5287358061917112,-1.922,0.981,2.903,0.532345636427478,-7.031448051948051,1.254974677874655,-12.277999999999999,-3.844,8.434,7.142564185875451,0,,,,,,,,,,,,,,,,,,,154,216447f9-0f2a-4dc1-a4f1-8a63b010b517,d5cccc00-7337-4cd9-8d22-256496484c70,Pothole,5.0,,9.9,Chevrolet Cruze 2010,Left door
2.6000625000000004,0.771779140640043,1.6480000000000001,5.099,3.451,2.7121887924392976,-0.4659541666666667,0.762501296435601,-2.9810000000000003,1.608,4.589,0.8936003091427397,9.731333333333334,0.4427900148176584,8.277000000000001,11.533,3.2559999999999985,9.741401923833482,0,,,,,,,,,,,,,,,,,,,240,218dfb3b-2196-4940-817f-69925c5174f3,ccb203e3-0b6c-46c4-b91f-eca77f8ec2d7,Pothole,12.0,,7.4925,Kia RIO 2018,Console
-0.5497795275590551,0.7331212735868491,-2.785,1.294,4.079000000000001,0.9163647367225898,3.4834251968503933,0.9256660638304309,0.078,6.355,6.277,3.6043180719491903,10.000677165354332,1.6060194539073842,3.727,15.22,11.493,10.128812479850168,0,,,,,,,,,,,,,,,,,,,127,21ab977a-6cea-44ee-b4a1-a31ae849d3a5,c9f2b558-c243-4fc5-93de-93ba06bbe0bb,Speed_bump,,bad,21.500787401574804,Chevrolet Cruze 2010,Console between seats
-2.184207070707071,0.696129750002752,-4.707,-1.255,3.452,2.292456576811359,0.1651868686868687,0.6357535101642415,-4.315,2.04,6.355,0.6568631724131955,9.890070707070707,0.8283088863232883,7.061,15.415999999999999,8.354999999999999,9.92469617681167,0,,,,,,,,,,,,,,,,,,,198,21c3d1fc-400f-47a7-9dae-d8e202fe1c8c,0ee7e3ee-3849-47e7-a920-c2bf5c4ad74f,Pothole,8.0,,19.8,Chevrolet Spark 2013,Console
0.38341152263374484,1.0420052069088972,-1.4509999999999998,8.865,10.316,1.110305924920506,-1.251201646090535,0.9245509846000177,-5.06,0.392,5.452,1.5557313657262706,10.280786008230452,2.487904364529921,-0.11800000000000001,32.009,32.127,10.577534167946427,0,,,,,,,,,,,,,,,,,,,243,221d07ee-a0e9-4cca-a503-d8327429f6e3,8fcbcba2-9141-4e0d-acba-bdc99f4aa7a6,Metal_bumps,,bad,24.433333333333334,Honda Accord 2007,Console
7.9246904761904755,2.988914636086829,-0.11800000000000001,20.006,20.124,8.469612142550455,3.252779761904762,2.2855312798684437,-2.314,12.513,14.827,3.9754533591421097,-5.319863095238095,2.7815550398276176,-19.927,1.569,21.496,6.003165147792177,0,,,,,,,,,,,,,,,,,,,168,2225cc2a-1814-42ac-aaf5-3a93f1f27bf9,7df84ce3-8aae-4af2-9741-ba9b56fa0dde,Pothole,5.5,,38.892857142857146,Chevrolet Spark 2013,Left door top
0.8084609929078015,0.9960391524228844,-2.7460000000000004,3.491,6.237,1.2828496288391582,6.943950354609929,2.0598086887899973,-0.196,14.122,14.318,7.243014452677982,-6.6601134751773055,2.326394449799851,-15.024000000000001,1.3730000000000002,16.397000000000002,7.054730514930947,0,,,,,,,,,,,,,,,,,,,141,22a44083-2fc3-4ec0-b2c6-b7e081535bd1,18cac846-a98a-46d4-9db6-13d99b27a4d6,Metal_bumps,,bad,6.778723404255319,Kia RIO 2018,Left door top
0.3134,1.113433375692171,-3.53,3.3339999999999996,6.863999999999999,1.1566993741267706,0.31213684210526316,1.101433683987196,-3.4130000000000003,3.4130000000000003,6.8260000000000005,1.1448080923984827,10.714673684210526,1.8536176488841618,4.668,17.574,12.906000000000002,10.873827778081113,0,,,,,,,,,,,,,,,,,,,95,22f5e436-cc48-4df4-9f2f-10165ff4bb51,dc91461a-7ff8-41e1-b928-ff039ebd8227,Speed_bump,,good,9.0,Chevrolet Cruze 2010,Dashboard
1.5087307692307692,0.7684708971864096,-0.275,4.707,4.982,1.6931674618436754,-0.06151538461538462,0.5294774380987554,-1.726,1.53,3.2560000000000002,0.533038929159963,9.853746153846155,1.1997736729614303,2.511,12.474,9.963000000000001,9.926518530218399,0,,,,,,,,,,,,,,,,,,,130,232b8e8c-c6b4-4eb8-b182-60117fd3bb20,36bc421b-c7b4-4013-bb4b-ef442eda7ff9,Metal_bumps,,bad,12.606923076923078,Kia RIO 2018,Console
0.4305873015873016,0.6946920668722641,-1.544,2.392,3.936,0.8173141942138851,6.181730158730159,1.011039841997497,1.791,10.02,8.229,6.263863769069401,7.345809523809523,1.1338720478350626,2.248,10.609000000000002,8.361,7.432804543437987,1,-0.00530952380952381,0.0571664881693332,-0.37,0.111,0.481,0.057412528360092384,0.014499999999999999,0.08128177034536213,-0.519,0.21600000000000003,0.7350000000000001,0.0825649816234231,0.02913492063492064,0.03617184583820554,-0.073,0.247,0.32,0.046446162723588175,126,235cbe11-101e-4bc3-9df9-15c96114e5c7,0ef4e17b-58e6-444d-b262-57abe170533d,Pothole,5.0,,0.0,Peugeot Partner 2013,Right door
9.386757575757574,2.796417743972857,1.334,17.965999999999998,16.631999999999998,9.794445874313078,1.0629545454545455,0.7231649908523575,-2.511,2.3930000000000002,4.904,1.285628239304415,-4.403818181818181,2.5465312200758383,-13.023,8.002,21.025,5.087085200125248,0,,,,,,,,,,,,,,,,,,,132,24372773-0051-40af-8f69-c128b3908b42,dfc3b628-958a-4863-ace2-059ee0628d53,Speed_bump,,good,5.4,VW Derby 2001,Console left
0.1852,0.4790765065523823,-1.138,1.294,2.432,0.5136276269150977,6.6009913043478265,1.2609888493500863,2.903,11.925,9.022,6.7203555767727705,8.059147826086956,1.0486351895469386,4.236000000000001,11.610999999999999,7.374999999999998,8.127084313791647,0,,,,,,,,,,,,,,,,,,,115,24786f43-30d7-40bb-a8a3-e7e326e8a085,5b56e1e0-d15f-4dce-84ab-971784b6d646,Speed_bump,,good,13.746052173913046,Peugeot Partner 2013,Console
6.0858430583501,0.8359449523125813,-1.0390000000000001,9.716000000000001,10.755,6.142987033533848,-2.3202977867203223,0.9004810964621327,-4.4319999999999995,0.342,4.773999999999999,2.488904984957214,6.999871227364185,0.8681347030808423,1.791,10.623,8.831999999999999,7.053499490492237,1,-0.009154929577464787,0.04205981824389314,-0.198,0.15,0.348,0.04304464015737228,-0.0027887323943661976,0.0437702713462593,-0.303,0.221,0.524,0.043859020532754214,-0.011175050301810862,0.0424769737746677,-0.204,0.076,0.27999999999999997,0.043922375280736024,497,249a1a71-37da-41c7-9c74-a260dbff26dd,3bb0381c-506c-40b3-b83f-8574f3a4b1f4,Speed_bump,,bad,0.0,Chevrolet Cruze 2010,Right door
-7.871246153846153,1.1862495871434593,-11.572000000000001,-4.393,7.179000000000001,7.960132165827142,1.4568461538461537,0.44458085927525604,0.039,3.02,2.981,1.5231719720406676,5.578210256410258,0.9067664114991307,3.609,8.277000000000001,4.668000000000001,5.651429464281014,0,,,,,,,,,,,,,,,,,,,195,24bff6e1-cacc-4927-9f97-4df5fea8af17,93747a7c-6941-4a89-86ce-2b24a2a0e565,Speed_bump,,good,62.1,VW Pointer 2004,Dashboard
-1.8058763440860217,1.2686478454153294,-5.335,3.373,8.708,2.2069564394900167,-0.44033333333333324,1.3541316928486167,-8.434,2.707,11.140999999999998,1.423926292341533,10.918913978494624,1.62923453994466,6.472,17.417,10.945,11.039795634698768,0,,,,,,,,,,,,,,,,,,,186,24c6fa1a-4b61-48e8-aa50-6ade79c1d31f,d24f63f7-97aa-4c80-8147-9e7adf0343fc,Pothole,7.0,,15.029032258064516,Peugeot Partner 2013,Console
8.079465408805032,1.1426945963936945,4.629,15.259,10.63,8.159872072079587,-0.0799245283018868,0.7531069945548369,-1.9609999999999999,3.3339999999999996,5.295,0.757336170713969,-5.62222641509434,1.0711290987647015,-12.866,-2.354,10.512,5.7233510646128485,0,,,,,,,,,,,,,,,,,,,159,24cfec51-fd78-4989-bd0e-6a76069034f8,ad7ec196-a600-4086-8f00-865fa5a6dabd,Pothole,8.0,,9.373584905660378,Chevrolet Spark 2013,Left door
-0.3437,0.6118855555387159,-2.2359999999999998,1.6869999999999998,3.9229999999999996,0.7018073974224859,5.947653846153846,0.687379949927353,3.373,7.452999999999999,4.079999999999999,5.9872428937893245,7.931915384615386,1.1156096576423369,4.746,11.807,7.061,8.009985429257851,0,,,,,,,,,,,,,,,,,,,130,251b4f53-d38e-4d16-8e12-d0f494edd933,239def7b-d731-4b2c-b6cb-14de8cd8b7b9,Speed_bump,,bad,0.0,Chevrolet Cruze 2010,Console
8.17651145038168,1.181621401027026,3.844,12.592,8.748000000000001,8.261450758407253,-0.4698396946564885,1.0491657886934707,-2.785,3.766,6.551,1.149564348281424,-5.579167938931297,1.2141261246697872,-15.22,-2.079,13.141,5.7097475546126,0,,,,,,,,,,,,,,,,,,,131,252628f4-feb6-4192-a133-3ccd367200ca,43a943da-3432-4f22-8750-35ad80d287e8,Pothole,8.0,,8.285496183206106,Chevrolet Spark 2013,Left door
6.195394366197183,0.8799803508692375,1.805,10.068,8.263,6.257577548111069,0.03901006036217305,0.5759577850156355,-1.317,3.6510000000000002,4.968,0.5772773639504475,7.305682092555332,1.0999264652306242,3.278,10.565999999999999,7.2879999999999985,7.388019292503126,1,0.0019557344064386325,0.0393783439998549,-0.147,0.21600000000000003,0.363,0.039426880085031285,-0.0033903420523138847,0.13594551720883913,-0.369,0.632,1.001,0.13598778646779447,0.00317102615694165,0.035125542672556236,-0.127,0.17300000000000001,0.30000000000000004,0.03526838747277195,497,252b3598-9c41-4802-a707-ac57ce460488,1256b495-10d4-477d-ad8d-8826a9b584c9,Pothole,16.0,,7.715589537223339,Chevrolet Express van 2013,Right door
-0.8608435374149661,1.2293396086837207,-3.491,2.157,5.648,1.5007756225991131,-0.31460544217687075,0.9826909574192244,-3.491,2.157,5.648,1.0318227086281908,11.091789115646257,1.2070901494905741,8.002,15.415999999999999,7.413999999999998,11.157278002047184,0,,,,,,,,,,,,,,,,,,,147,2539a8b0-7e3f-401a-8d91-50760c180107,1f4d98d4-9b4d-4b02-9fdb-ea22bcd90984,Pothole,4.5,,6.835102040816327,Peugeot Partner 2013,Console
-1.087478527607362,1.1745596921390722,-4.236000000000001,3.766,8.002,1.6006873581074188,-0.3157361963190184,0.7821215667219159,-3.687,2.3930000000000002,6.08,0.8434473847238759,10.970742331288344,1.3222502319675058,5.962000000000001,16.24,10.277999999999999,11.050137237856376,0,,,,,,,,,,,,,,,,,,,163,2577f553-18e0-4bbb-8ec2-1942013e859a,23262ba3-e541-486b-b128-6723952f87f5,Pothole,5.0,,7.31042944785276,Peugeot Partner 2013,Console
0.10364620938628162,0.4069210858865154,-1.569,2.55,4.119,0.41991345162926824,-7.8175956678700365,0.7189223300607188,-10.238,-4.7860000000000005,5.451999999999999,7.85058286644758,6.233079422382671,0.6748959814296177,3.295,9.885,6.59,6.269510640510959,0,,,,,,,,,,,,,,,,,,,277,259666e4-a256-4d46-9932-834269d24d00,d08f1d6a-c0f0-4080-88b2-3b92b655d91c,Ditch,6.0,,11.764981949458484,Chevrolet Express van 2013,Console
-5.625862068965517,0.7461229594578913,-7.962999999999999,-2.628,5.334999999999999,5.675123213610006,3.4822137931034485,0.5426947727419847,1.412,5.256,3.8440000000000003,3.5242489295226265,8.131282758620689,0.8724506325600656,4.315,11.335999999999999,7.020999999999998,8.177953864316951,0,,,,,,,,,,,,,,,,,,,145,25d2c54d-0ef4-4303-b5ef-98cb3c442c6c,36bc421b-c7b4-4013-bb4b-ef442eda7ff9,Metal_bumps,,bad,0.0,Kia RIO 2018,Copilot trousers
1.9784440154440155,0.4383591374115703,0.5489999999999999,2.9810000000000003,2.4320000000000004,2.0264252899128694,0.07469111969111969,0.33206524274963745,-0.981,1.255,2.2359999999999998,0.3403617029030863,9.748486486486486,0.7670665042994362,6.002000000000001,12.120999999999999,6.118999999999998,9.778618501569012,0,,,,,,,,,,,,,,,,,,,259,25e9e2fe-662c-41b1-93c1-5afbe2a18dc8,9297cb19-7576-42e9-a7b4-9bdd30c73935,Pothole,5.0,,15.888648648648655,Peugeot Partner 2013,Glove compartment
0.24849107142857144,0.4942980953464597,-1.0979999999999999,2.432,3.53,0.5532435446011613,-2.4383928571428575,0.8291724775033115,-4.746,-0.47100000000000003,4.275,2.575516787600944,10.539361607142856,0.8947693729936317,6.747000000000001,12.827,6.079999999999999,10.577275420303865,0,,,,,,,,,,,,,,,,,,,224,25ecfea1-f65c-4516-bd89-ed933157433e,f65fe7c5-45ec-43ce-9157-dfa12b3141b7,Metal_bumps,,bad,9.883928571428573,Chevrolet Express van 2013,Console
0.6247079999999999,1.4152787537216829,-4.197,9.846,14.043,1.5470210198959806,-2.26673,0.8824025368843859,-11.14,2.04,13.18,2.432426592931429,10.548754,1.567577673190072,2.707,17.456,14.748999999999999,10.66459144618302,0,,,,,,,,,,,,,,,,,,,500,25fb798a-239b-465a-8de3-65ced57b7af5,55efcea6-5eb1-4d7d-99c3-a46838ab6b8c,Pothole,16.0,,3.1014000000000004,Chevrolet Express van 2013,Console
10.660385620915031,1.6789337618818396,6.7860000000000005,17.965999999999998,11.179999999999996,10.791785772679084,-1.1463071895424837,0.9031186871895216,-3.883,2.275,6.1579999999999995,1.4593298242507458,0.7703986928104576,1.8406501172455176,-4.001,7.296,11.297,1.995371394001628,0,,,,,,,,,,,,,,,,,,,153,2638c654-be88-4995-8792-f146730b68b2,f4017275-a11f-4e1f-a79c-922bf778f745,Pothole,7.5,,8.1,VW Pointer 2004,Left door
0.3906071428571428,0.26546350252618417,-0.51,1.53,2.04,0.4722762022635587,0.27295408163265306,0.4709239755508806,-2.707,1.608,4.3149999999999995,0.5443099497791414,10.105857142857143,1.1184949344397348,6.669,14.277999999999999,7.608999999999999,10.167565072828602,0,,,,,,,,,,,,,,,,,,,196,264f2ac5-7e02-447a-8dd9-a783eb30e990,ace132a4-dc34-49f4-9af8-91fd5c6d1fae,Ditch,6.0,,11.314285714285715,Chevrolet Express van 2013,Console
3.927460122699386,1.1051220360971314,0.745,7.688,6.943,4.079980113929643,-0.49692024539877294,0.5952005898060428,-3.177,1.569,4.746,0.7753666696425879,10.184938650306748,0.9923007206298883,5.256,13.886,8.629999999999999,10.23316353972098,0,,,,,,,,,,,,,,,,,,,163,26565633-56de-4519-88c5-e6943e5dcecc,fdd8dbe7-88ee-4234-8f3e-1d3dca54c873,Metal_bumps,,good,25.450453987730054,Honda Accord 2007,Left door
2.671353846153847,0.8439599777380848,1.294,5.845,4.551,2.8014995654799977,0.05068461538461539,0.5161793223679506,-1.255,1.922,3.1769999999999996,0.5186617617261977,9.763123076923078,0.7966847075936686,7.885,11.845999999999998,3.9609999999999985,9.795574446578492,0,,,,,,,,,,,,,,,,,,,130,2673013b-dfb3-4d79-b4b0-ec849986d7d4,aaf9a053-4ef4-426f-89ff-0a7236c340ac,Pothole,5.5,,8.1,Kia RIO 2018,Console
1.6199846153846154,1.2899404815405862,-3.138,5.178,8.315999999999999,2.0708202722592803,-8.32368717948718,1.065433947748579,-11.219000000000001,-3.02,8.199000000000002,8.391598045603374,6.025805128205129,1.066529648078342,2.589,9.767000000000001,7.178000000000001,6.119461817295156,0,,,,,,,,,,,,,,,,,,,195,26fb49e6-1354-427d-9652-67f9ea4d3fc1,0f34b34c-bc69-42c5-9068-80f3304ffcb9,Pothole,7.0,,16.2,Honda Accord 2007,Console seats
2.7444565217391306,0.9348208161217679,0.196,5.412999999999999,5.217,2.8992984596227784,1.7981811594202897,0.9941468284195383,-0.275,8.591000000000001,8.866000000000001,2.054697884982297,9.864036231884059,1.004773659777615,6.669,14.905999999999999,8.236999999999998,9.915078461177417,0,,,,,,,,,,,,,,,,,,,138,2701d570-7a03-4fde-a827-b57c8c820fe7,02dc88e6-51e5-4e63-b65b-7eb12d0575f5,Pothole,4.5,,13.203652173913046,VW Pointer 2004,Glove compartment
2.3746603773584907,1.2916327161138752,-0.785,8.041,8.826,2.7032067958504533,1.3603490566037737,1.2466013270992156,-1.255,7.61,8.865,1.8451461797181006,10.356566037735849,2.1914117704178304,1.412,16.789,15.377000000000002,10.585874817014862,0,,,,,,,,,,,,,,,,,,,106,271c0f0e-f633-4a9b-af21-0af9ddb56982,321e06a2-9664-4a93-9149-9d701cfb1b45,Metal_bumps,,good,10.986792452830189,VW Pointer 2004,Glove compartment
3.85761935483871,0.6387932097218008,2.354,5.8839999999999995,3.5299999999999994,3.910151384743678,0.3558258064516129,0.7238680876833051,-0.628,2.511,3.1390000000000002,0.8065959415365452,9.193451612903226,0.8542024251560985,7.414,11.376,3.9619999999999997,9.233050110442132,0,,,,,,,,,,,,,,,,,,,155,273caec9-437b-43da-88f7-27267dbbe3c9,fe07ba30-6a0a-45e5-b77e-f01bf9da847a,Pothole,8.0,,10.943999999999999,VW Pointer 2004,Copilot trousers
0.5476842105263158,0.8483705094648445,-2.55,3.4130000000000003,5.963,1.0097972646969657,-2.4855947368421054,0.8943355422197882,-5.609,1.177,6.786,2.6415936965958142,10.390131578947367,1.7219794083225792,3.3339999999999996,14.788,11.454,10.531858682612786,0,,,,,,,,,,,,,,,,,,,190,277edfbe-93c6-4b85-a713-a3da16524bc4,52f5b87b-4e78-4b43-9772-bb3514e324a5,Speed_bump,,good,6.688421052631579,Chevrolet Express van 2013,Console
-0.05139805825242719,0.40593964685582695,-1.294,1.0590000000000002,2.353,0.40918059250354655,-8.306174757281553,1.6585592907448934,-11.572000000000001,-3.4130000000000003,8.159,8.47014510025758,5.455145631067961,0.9184003654282684,2.589,7.296,4.707000000000001,5.531914052783055,0,,,,,,,,,,,,,,,,,,,103,27a4f90d-96dd-4652-81a9-431f7382f5ce,a7441e63-11ab-443b-8c90-8a73204dcd1d,Speed_bump,,bad,0.0,Kia RIO 2018,Console seats
-1.3707934782608695,1.3713128947015916,-4.825,2.7460000000000004,7.571000000000001,1.9389620458424117,-0.04306521739130433,0.6494508182394639,-1.9609999999999999,2.079,4.04,0.6508770838344745,10.53532608695652,2.162109422424513,4.276,15.22,10.944,10.754897159575421,0,,,,,,,,,,,,,,,,,,,92,27b9e5cb-b2d3-400d-ba28-05fc5c130e0e,f428be73-5f11-4379-bcc6-83e2a56ec17d,Metal_bumps,,bad,14.097130434782606,Peugeot Partner 2013,Console
-0.43666111111111106,1.767668361190617,-15.181,11.925,27.106,1.820803218667825,-8.171333333333335,3.086797270455072,-41.38399999999999,-1.4909999999999999,39.892999999999994,8.734930213420903,5.805283333333334,2.11787209317644,-1.138,17.534000000000002,18.672000000000004,6.179538557476063,0,,,,,,,,,,,,,,,,,,,180,27f04c07-d6cb-4d0f-b72d-c57cb9c847e9,d25c4b6a-2aab-4f47-aab8-e4d420014437,Metal_bumps,,good,14.508000000000001,Chevrolet Express van 2013,Console
-0.5569090909090909,0.6931516784306987,-2.9419999999999997,2.354,5.295999999999999,0.8891608318231775,4.04514393939394,0.9350441176804032,0.196,7.414,7.218,4.151806473382911,9.661272727272728,1.5328049061003457,0.628,12.866,12.238,9.782110283109116,0,,,,,,,,,,,,,,,,,,,132,2831ef88-611f-4191-9550-3d189e19f0f7,743b3b39-88d9-489b-935c-2a9e7b9133ca,Speed_bump,,bad,10.363636363636365,Chevrolet Cruze 2010,Console between seats
-0.4478474576271186,0.960578306514109,-3.452,2.275,5.727,1.059848115650817,6.95841242937853,1.2128170431621141,3.0989999999999998,14.357000000000001,11.258000000000001,7.063315702806588,-7.08735593220339,1.010528721531991,-12.513,-3.373,9.14,7.159035019245238,0,,,,,,,,,,,,,,,,,,,177,28484428-04d1-4a97-beed-a4b5e12ada59,75f3fc7e-0920-4574-858d-13014923128d,Pothole,4.0,,7.240677966101695,Kia RIO 2018,Left door top
-7.805776859504133,1.0961069840377138,-12.513,-4.04,8.472999999999999,7.882360236682059,1.6290413223140494,0.6163012893741193,-0.392,3.217,3.609,1.7417241196845465,5.8959752066115705,1.1027209207851976,2.55,9.65,7.1000000000000005,5.998209488348643,0,,,,,,,,,,,,,,,,,,,121,285f2954-6fbf-44a6-9ec6-c0401f961d95,60496a31-e489-4df6-b859-bf0c1f2f2029,Metal_bumps,,good,0.0,VW Pointer 2004,Dashboard
6.08608,1.7047915982899493,0.392,11.845999999999998,11.453999999999999,6.320338927620891,0.968072,0.45574828449046306,-0.706,2.157,2.863,1.0699859326178078,8.45532,2.8017264466039506,1.255,22.476999999999997,21.221999999999998,8.90741867119762,0,,,,,,,,,,,,,,,,,,,125,286f13c2-5302-4411-a0f7-b3f2242d3e78,05f9cb1b-ef7e-454b-9921-c9a5df6fbb3b,Metal_bumps,,good,13.751999999999999,VW Derby 2001,Console
-2.0613693181818182,1.8785975290370422,-7.178,2.864,10.042,2.788973313254441,2.892056818181818,0.8672250135025058,0.941,5.649,4.708,3.019283336097552,10.106642045454546,1.0876552878911747,7.061,14.2,7.138999999999999,10.164999137246756,0,,,,,,,,,,,,,,,,,,,176,28bcbe9a-e0a7-40f4-b2cd-ba951b811624,4d755dac-906f-4660-b34b-d379c1699188,Pothole,9.0,,0.0,Kia RIO 2018,Copilot trousers
6.877885714285715,1.0055121274093848,3.923,9.493,5.57,6.950997521014006,0.1858285714285714,0.5468410626087822,-0.981,2.1180000000000003,3.099,0.5775529462432736,7.370577142857142,1.4291608740967476,4.119,11.335999999999999,7.216999999999999,7.507856433287543,0,,,,,,,,,,,,,,,,,,,175,28c3f364-9091-4601-987a-4ccd8e154c48,fd23c9b5-c782-4eef-9ebe-03d2f6d62561,Pothole,6.0,,15.371999999999993,VW Derby 2001,Left door
-0.21322988505747126,0.3281099024296594,-1.255,0.47100000000000003,1.726,0.39130945804314904,-0.5582068965517242,1.256556205437585,-3.138,1.883,5.021,1.3749648856540333,10.854494252873563,2.171959419793873,6.002000000000001,15.102,9.1,11.069663644704683,0,,,,,,,,,,,,,,,,,,,87,28dac13e-cfa4-4bc8-9718-b089f14518df,d3360deb-372b-402d-8f72-e95c80190688,Speed_bump,,good,17.43103448275862,Chevrolet Cruze 2010,Dashboard
8.961827272727275,3.8898047295207054,1.294,30.008000000000003,28.714000000000002,9.769592053919139,1.2502454545454547,1.3998786388071038,-0.5489999999999999,9.964,10.513,1.8769054051816252,6.601881818181818,3.030882837877794,0.8240000000000001,27.223000000000003,26.399,7.264371570767964,0,,,,,,,,,,,,,,,,,,,110,29147e4f-ef8b-469b-81d2-b5b1edce0b7e,56ff9c4a-c249-4e45-b5fb-20593be8e162,Metal_bumps,,good,23.400000000000002,Chevrolet Spark 2013,Console
-7.47333064516129,0.9599000512635223,-10.63,-3.609,7.021000000000001,7.534724881528361,2.9138387096774196,0.9124266509370879,0.51,5.492000000000001,4.982000000000001,3.053355272377395,6.362290322580644,0.961799169015679,3.295,10.67,7.375,6.4345781361580014,0,,,,,,,,,,,,,,,,,,,124,292c7f71-9359-4d74-9d21-60f1db391da4,d9e3e4ce-6aaa-4acf-aced-5e4c2fcd4abe,Metal_bumps,,good,0.0,Chevrolet Spark 2013,Copilot
10.170142011834319,1.3170640708845138,6.669,14.239,7.570000000000001,10.255069298044374,1.8197633136094673,0.4236698958693467,0.5489999999999999,2.9810000000000003,2.4320000000000004,1.868431079334973,-0.12255621301775148,0.37441189952876186,-1.177,1.3730000000000002,2.5500000000000003,0.3939597642627838,0,,,,,,,,,,,,,,,,,,,169,2a0fc746-2da3-42ed-a6dd-72fb1520e28b,6d3c12d9-a5c6-4772-b881-f8e3432c3d30,Pothole,6.0,,3.1153846153846154,VW Derby 2001,Console left
-0.0785953307392996,0.4611470806772049,-1.6480000000000001,0.667,2.3150000000000004,0.4677968106252205,7.124463035019455,0.40121442057770634,6.119,8.551,2.4320000000000004,7.135751295318394,7.721077821011673,0.47471153822879397,6.551,9.14,2.5890000000000004,7.735657293510741,0,,,,,,,,,,,,,,,,,,,257,2a17e0b2-0a32-4fa8-b0c9-a06463e2b775,9297cb19-7576-42e9-a7b4-9bdd30c73935,Pothole,5.0,,10.768902723735408,Peugeot Partner 2013,Console
7.184330708661418,1.9201704938045085,2.9419999999999997,16.514,13.572,7.436508754563052,1.1801653543307085,1.7365541804034919,-3.0989999999999998,8.355,11.454,2.0996215575763575,-6.749472440944882,2.107178308181072,-13.415,-1.4509999999999998,11.963999999999999,7.07075516854765,0,,,,,,,,,,,,,,,,,,,127,2a3a255a-e487-41f8-9721-3b71d8319268,43bed957-6acb-4f0b-bfce-1364f369321a,Pothole,7.0,,10.970078740157481,Chevrolet Spark 2013,Left door top
-0.17056680161943322,0.6877538946648084,-2.824,2.04,4.864,0.7085890582286009,6.4919311740890695,0.6162712999167254,3.844,7.845,4.0009999999999994,6.521116521287634,7.532939271255061,0.7600385087438386,5.492000000000001,11.572000000000001,6.08,7.571184359080835,0,,,,,,,,,,,,,,,,,,,247,2a4d9de0-a812-4d03-a69b-9d4be0a61f37,96fec4bf-1ec1-49cd-8ee1-8d1593e1d11c,Pothole,6.0,,0.0,Chevrolet Cruze 2010,Console
5.3002421875,1.1763037829500995,1.7380000000000002,9.685,7.947,5.429204162300171,-0.013976562500000018,0.7545010092028928,-3.737,2.401,6.138,0.7546304507422823,7.941968749999999,1.858522896926061,3.28,14.120999999999999,10.841,8.156529591951163,1,-0.043835937500000005,0.056094476296655926,-0.18,0.109,0.289,0.07119114894072157,0.0251875,0.10694893276115475,-0.326,0.335,0.661,0.10987485779285451,-0.085390625,0.04026925672407395,-0.156,-0.004,0.152,0.09440959630779067,128,2a59f1fb-4f57-477c-bdef-579b4a8827c0,32c7e7fb-bb87-4a03-bbe6-1326ee079f01,Pothole,5.0,,0.0,VW Pointer 2004,Right door
0.09747953216374267,0.4810291153506052,-1.804,2.197,4.001,0.49080675321948036,-0.013514619883040936,0.6882350115133702,-3.02,2.707,5.727,0.6883676895550748,10.206473684210527,2.0122698170372035,3.02,20.829,17.809,10.402948374525414,0,,,,,,,,,,,,,,,,,,,171,2a5bc5a8-c5c8-438c-bcf4-85af4c214abb,993a6072-7366-474d-8fc1-110eb1b14ca4,Metal_bumps,,good,20.726315789473684,Chevrolet Express van 2013,Console
-1.8806806526806525,0.5759750651197213,-3.06,1.138,4.198,1.9669028936393869,-0.468051282051282,0.8465418132964229,-4.315,2.667,6.982,0.967318481312667,10.763731934731934,0.6591309673378394,8.041,14.357000000000001,6.316000000000001,10.78389441690115,0,,,,,,,,,,,,,,,,,,,429,2a71d694-3f8e-4e9c-936f-5bc389ce388b,bb13d56d-9395-405d-a6c1-48927c29d371,Pothole,6.5,,2.6916083916083915,Peugeot Partner 2013,Console
-7.613530303030303,0.743428609596493,-10.277000000000001,-5.452000000000001,4.825,7.64974050362019,2.586383838383838,0.5682750917828638,0.745,4.119,3.3739999999999997,2.6480781596081977,5.5616666666666665,0.5827593626424846,4.08,7.532,3.452,5.5921145004245565,0,,,,,,,,,,,,,,,,,,,198,2ab5c2f7-fb7e-44c9-8285-4d4eb9b30e39,49fcabe5-e3c1-4482-a444-d91ff661c5e2,Pothole,4.5,,0.0,VW Pointer 2004,Dashboard
0.21860233918128652,0.5238931911983605,-1.0590000000000002,2.354,3.4130000000000003,0.5676716114793237,-7.781093567251462,0.5426383700051948,-9.532,-6.433,3.099,7.799991891208861,6.193929824561402,0.6707667741106789,4.158,9.336,5.178,6.23014403820988,0,,,,,,,,,,,,,,,,,,,171,2b355f22-234d-4318-b988-e5e0968c8366,95a9a4ec-88b5-458f-8c08-9b2827989655,Pothole,6.5,,9.9,Kia RIO 2018,Console seats
-0.6311531531531531,0.7728836164987712,-9.101,0.706,9.807,0.997849381112895,-1.0942342342342342,0.5562779776133212,-2.7460000000000004,1.608,4.354000000000001,1.2275152739366413,10.255816816816818,1.4372832374247115,2.9810000000000003,19.339000000000002,16.358,10.356039864962122,0,,,,,,,,,,,,,,,,,,,333,2b74811c-b7bf-455d-90b6-9635c9bda6e0,3fe9c651-8f98-4fde-b1bc-60262487f287,Speed_bump,,good,13.118918918918919,Honda Accord 2007,Console
-1.1972875816993465,1.0044634028944421,-3.53,2.55,6.08,1.5628321346343477,-0.276640522875817,1.4333626837595912,-5.296,2.55,7.846,1.459814564282568,11.0218954248366,1.4110103882896896,8.551,16.044,7.493,11.111846339465616,0,,,,,,,,,,,,,,,,,,,153,2ba27c93-9c47-4d3c-87c9-fcccec7691ee,54bed0c6-e190-4521-baec-6c5473d5608d,Pothole,5.0,,8.811764705882354,Peugeot Partner 2013,Console
-5.204876777251184,0.4948771727366045,-6.747000000000001,-2.864,3.883000000000001,5.22835018743623,1.9996540284360191,0.37004038298949676,1.02,3.648,2.628,2.0336042187415457,9.005578199052133,0.39062234619210395,7.138999999999999,10.748,3.609,9.014045957093167,0,,,,,,,,,,,,,,,,,,,211,2bb5b950-0a7e-4857-9162-0d908179df7a,e7250d71-00d4-4a28-95c3-0093b63e9e7c,Pothole,4.0,,0.0,Kia RIO 2018,Copilot trousers
2.972879227053141,0.7166208006242389,1.4509999999999998,6.59,5.139,3.0580314371391606,-0.02785990338164251,0.6948043861133215,-1.765,2.432,4.197,0.695362717708351,9.711159420289857,0.8437896964764722,7.375,14.867,7.492000000000001,9.747748372735328,0,,,,,,,,,,,,,,,,,,,207,2bc91427-fc72-473c-8181-40e7dcf65a0e,c82ad1e5-b462-4d90-bba6-c0629615f065,Pothole,9.0,,11.934782608695652,Kia RIO 2018,Console
-0.7361704035874439,0.719076130999618,-2.589,1.294,3.883,1.0290856841349412,-7.362515695067264,0.6503421372582091,-9.611,-5.845,3.766000000000001,7.391182737262379,6.752591928251121,0.8455012785045236,4.4719999999999995,9.532,5.0600000000000005,6.80531925492368,0,,,,,,,,,,,,,,,,,,,223,2c3294fc-e7d9-4c7f-b475-0e35d722d3ff,cfd05c0f-8067-4b02-8286-7004f0cb9673,Pothole,12.0,,7.490582959641255,Kia RIO 2018,Console seats
0.04685576923076924,0.5943948185771233,-2.1180000000000003,1.765,3.883,0.5962387638031752,-7.781064102564103,0.5912746897266735,-9.807,-6.433,3.3740000000000006,7.803496929385125,6.1933974358974355,0.5648727866711499,4.315,7.806,3.4909999999999997,6.219103879507285,0,,,,,,,,,,,,,,,,,,,312,2c400454-f1be-41b5-921e-38051c3f5930,18d13566-78cb-4882-bceb-f398e51ebb6b,Pothole,12.0,,4.699038461538462,Kia RIO 2018,Console seats
-6.369874015748032,0.7694659257560543,-8.472999999999999,-4.354,4.118999999999999,6.416180545106378,2.4237480314960633,0.6624499620800838,-0.0,4.04,4.04,2.5126469056437166,7.997007874015749,0.8307123164452935,5.8839999999999995,10.552,4.668,8.04003842588851,0,,,,,,,,,,,,,,,,,,,127,2c78f732-2741-421a-afa3-de944fee24d6,18cac846-a98a-46d4-9db6-13d99b27a4d6,Metal_bumps,,bad,0.0,Kia RIO 2018,Copilot trousers
0.4002573099415204,0.5009549166626036,-0.941,2.471,3.412,0.6412189506635456,-0.5957368421052631,0.8823706742471183,-3.06,1.922,4.982,1.0646503612984244,10.860953216374268,2.0454349537098646,4.393,17.613,13.219999999999999,11.051882596106813,0,,,,,,,,,,,,,,,,,,,171,2c7b3309-98aa-4cc9-8f6d-a5187152e4ab,eff8a224-4321-45ef-8d58-6703e72cdc50,Speed_bump,,good,15.368421052631579,Chevrolet Cruze 2010,Dashboard
0.34230065359477135,1.4175667502120535,-4.629,4.9430000000000005,9.572,1.4583090306098259,3.8165098039215684,1.2856842135465096,-0.628,7.649,8.277,4.027248562032415,9.800267973856208,1.921890092980658,1.4909999999999999,14.004000000000001,12.513000000000002,9.986937162558343,0,,,,,,,,,,,,,,,,,,,153,2cd0ef5f-21e5-4222-a999-d9c390796e36,98ae06bc-e394-408e-9a30-9e7426f692a4,Pothole,9.0,,7.947058823529413,Chevrolet Cruze 2010,Console between seats
2.402026086956522,0.6808827449443472,0.431,4.982,4.551,2.4966639010452747,4.466078260869565,0.8549628636514351,1.4909999999999999,6.355,4.864000000000001,4.547176764810752,-8.594382608695652,1.3028052180657252,-13.808,-4.393,9.415,8.692566586507668,0,,,,,,,,,,,,,,,,,,,115,2ce58db6-1397-4d9c-afd8-5f229b461e2d,5b56e1e0-d15f-4dce-84ab-971784b6d646,Speed_bump,,good,10.8,Peugeot Partner 2013,Left door
9.838477987421385,1.930559787285217,5.374,16.397000000000002,11.023000000000003,10.026101445789278,0.2652264150943396,1.0282880131774272,-1.765,5.922999999999999,7.687999999999999,1.0619422250330646,-1.7350817610062896,0.8735972833296382,-4.7860000000000005,1.4509999999999998,6.237,1.942596440544873,0,,,,,,,,,,,,,,,,,,,159,2d2ce66f-25b0-42ea-acf4-7ea23c1777a8,004c8c25-24a5-4b22-bdc2-cc142359e346,Pothole,8.0,,10.126415094339622,VW Pointer 2004,Left door
1.1781172413793104,0.5800064625495879,-0.34700000000000003,3.4760000000000004,3.8230000000000004,1.3131518309146444,7.1749241379310345,0.559186269413081,4.678,9.107999999999999,4.429999999999999,7.196681573403502,6.3939172413793095,0.6742956223011232,4.8839999999999995,9.429,4.545000000000001,6.4293741745104604,1,-0.0007034482758620688,0.02589504656078563,-0.055999999999999994,0.09300000000000001,0.14900000000000002,0.02590459951170967,0.017082758620689656,0.04852791638069866,-0.092,0.263,0.355,0.05144685909115179,0.01086896551724138,0.03187134810396837,-0.084,0.10099999999999999,0.185,0.03367368767122648,145,2d364abf-ecb6-4c88-ab11-096f3b66e9b4,b57f3df2-1453-4e16-a46e-112a9e24336a,Pothole,5.0,,0.0,Peugeot Partner 2013,Right door
3.105577464788732,0.9160844595106682,0.745,5.374,4.629,3.2378730868828947,2.325408450704225,1.0884998667563472,0.196,7.767,7.571000000000001,2.567558455524472,9.650028169014085,1.2424800899227295,4.158,13.18,9.021999999999998,9.729686553873137,0,,,,,,,,,,,,,,,,,,,142,2d82d7f8-7f79-479c-9ff8-9b8d077470d0,ae68c85e-773d-4017-aca4-bfae02a17782,Speed_bump,,bad,10.611887323943662,VW Pointer 2004,Glove compartment
-7.06168992248062,1.1790898000428593,-10.982999999999999,-4.433,6.549999999999999,7.15944951220619,0.07299224806201553,0.5023095882227688,-1.922,1.0590000000000002,2.981,0.5075852546101732,-7.254534883720931,0.980507865924448,-10.434000000000001,-4.668,5.766000000000001,7.320496708165613,0,,,,,,,,,,,,,,,,,,,129,2da4d53d-d02a-4b39-968a-1eb44eec2500,b56dc9cb-baf7-4097-bada-9b7c53154222,Pothole,8.5,,13.104000000000001,Chevrolet Cruze 2010,Left door
2.146864864864865,0.7304233097788055,-0.392,3.9619999999999997,4.354,2.267718448013214,-0.21944594594594596,0.38023254413411245,-1.334,0.941,2.275,0.43901402120070243,9.835006756756759,1.1746417653826946,4.825,13.455,8.629999999999999,9.904904905269532,0,,,,,,,,,,,,,,,,,,,148,2da7eca6-6b91-44df-9617-408560b480cc,5d0e8e08-49af-47c4-b5db-bef4c93776c9,Speed_bump,,good,9.9,Kia RIO 2018,Console
-0.7932329545454544,1.1248029914593116,-10.395,1.922,12.317,1.3763721479936766,-0.9457272727272726,0.5394873140153261,-2.314,1.726,4.04,1.0887821804032414,10.057426136363636,0.805254593562343,6.355,12.239,5.884,10.089611263515739,0,,,,,,,,,,,,,,,,,,,176,2db90a6f-d663-4ee7-8856-612e4d1a033e,e1623b0b-af77-41e4-a772-c798eee54b42,Speed_bump,,bad,18.900000000000002,Honda Accord 2007,Console
0.47100000000000003,0.884811929381572,-2.1180000000000003,2.432,4.550000000000001,1.0023637814565827,6.003398496240601,0.7079898998881293,4.158,7.9239999999999995,3.765999999999999,6.045001505624917,8.010789473684213,1.0641846965920085,5.06,10.591,5.531,8.081165575593063,0,,,,,,,,,,,,,,,,,,,133,2dc4e0c0-744d-429d-883e-f6a99d8d772a,063ec5d3-4aaa-46c3-8a3e-ffa415bbb42d,Pothole,9.0,,0.0,Chevrolet Cruze 2010,Console
0.4466516853932584,0.8405603414780517,-1.6480000000000001,3.923,5.571,0.9518610275299315,6.8651011235955055,0.8557271833043102,4.315,10.042,5.726999999999999,6.91822827387462,7.825483146067416,0.9390341752567979,5.178,11.335999999999999,6.157999999999999,7.8816223997147565,0,,,,,,,,,,,,,,,,,,,178,2dd805d6-9d7a-4cb0-90b4-bf85a7161fe7,6365dbed-bc7d-4f16-b29d-f27ab80cc5b5,Pothole,8.0,,13.125842696629213,Peugeot Partner 2013,Console
2.858032051282051,0.8922311878445288,-0.11800000000000001,6.315,6.433000000000001,2.994064745244823,2.03775,3.793100620298008,-1.0979999999999999,40.207,41.305,4.305814368758264,9.755371794871794,1.4727826585088755,4.315,17.534000000000002,13.219000000000001,9.865919501768936,0,,,,,,,,,,,,,,,,,,,156,2de98f9f-c2d2-4903-ab81-ee32aa50d0c0,4df233fb-2120-4e3e-8024-93eafe47c00f,Pothole,12.0,,8.1,VW Pointer 2004,Glove compartment
0.17911229946524065,0.8684223036917338,-1.765,3.217,4.982,0.8867009153987516,-3.1561818181818184,0.7397880597571584,-5.296,-1.138,4.158,3.241723313730021,10.1401871657754,1.4477158635773335,6.59,16.514,9.924,10.243011128501697,0,,,,,,,,,,,,,,,,,,,187,2dec701d-ffb4-41ca-9742-6d4799b8342f,898ca1f4-2528-4cff-a4fb-68677dba372a,Pothole,6.5,,10.174331550802139,Peugeot Partner 2013,Console
8.735755905511812,1.0491178650411923,4.864,12.984000000000002,8.120000000000001,8.798527123071967,0.7187165354330708,0.9141964321185208,-2.079,3.53,5.609,1.162888031928762,-4.779456692913387,0.9693249112436794,-8.158999999999999,-1.4509999999999998,6.707999999999999,4.8767609191954575,0,,,,,,,,,,,,,,,,,,,127,2e155270-faa2-4ac5-b8f5-db463c2ba372,9597eaf3-206d-45f5-a157-b68d8acb5ffe,Pothole,7.0,,26.1,Chevrolet Spark 2013,Left door
3.0685757575757573,0.9581101251617985,0.863,6.1979999999999995,5.334999999999999,3.2146745079275427,2.246833333333333,0.9076157785732637,0.353,10.552,10.199,2.4232264502709877,9.739691919191918,1.3263518741175377,5.922999999999999,15.455,9.532,9.829588392946444,0,,,,,,,,,,,,,,,,,,,198,2e28dbcf-525a-4aad-a79c-1c7ab0ab4559,93747a7c-6941-4a89-86ce-2b24a2a0e565,Speed_bump,,good,44.268181818181816,VW Pointer 2004,Glove compartment
-0.14612322274881517,0.5389068837618584,-1.844,2.04,3.8840000000000003,0.5583660319113414,6.392417061611376,0.4507234695074416,5.296,8.551,3.255,6.408287410497834,7.649545023696683,0.586770825388728,6.119,10.042,3.923,7.672016623488902,0,,,,,,,,,,,,,,,,,,,211,2e3306c3-3e60-4a5e-b5d7-4720c735b569,aae97e0c-7ee3-4ce2-9655-11afa316ced3,Pothole,6.0,,0.0,Chevrolet Cruze 2010,Console
-0.806390625,1.0673580694658078,-4.511,1.726,6.237,1.3377290789026255,-0.7828802083333333,0.5777121915581812,-2.157,0.863,3.02,0.9729608403604947,10.114343750000002,1.1059641375300575,5.8839999999999995,14.395999999999999,8.512,10.174630517452055,0,,,,,,,,,,,,,,,,,,,192,2e466a62-57a5-436c-b793-426b013022ce,93535cee-a12e-47da-867d-b86bc302dbc9,Pothole,6.0,,18.8625,Honda Accord 2007,Console
6.351113924050634,0.6272697567879424,4.393,8.669,4.276000000000001,6.382014997165914,-0.12795886075949364,0.5738966752623534,-2.001,2.667,4.667999999999999,0.5879888297612894,7.931854430379748,1.030168087709995,4.59,10.787,6.197000000000001,7.998472416259926,0,,,,,,,,,,,,,,,,,,,316,2e81d622-0e33-4a2a-99b3-77ebda03c20f,18d13566-78cb-4882-bceb-f398e51ebb6b,Pothole,12.0,,10.309443037974685,Kia RIO 2018,Left door
-6.007266233766234,1.3428205440546277,-10.944,-2.314,8.63,6.155519037163569,1.359681818181818,0.8218073501972666,-0.078,5.2170000000000005,5.295000000000001,1.5887422596294427,8.43827922077922,2.0898777336285193,3.923,13.18,9.257,8.693224094048805,0,,,,,,,,,,,,,,,,,,,154,2eae4617-196e-4ea8-a759-c8878a5385ee,d65427f0-0846-4faa-b0aa-862723b20587,Speed_bump,,good,0.0,Kia RIO 2018,Copilot trousers
0.4027177419354839,0.6135767633507102,-1.883,2.314,4.197,0.7339332559528478,-0.012000000000000004,0.5363193559931463,-1.765,1.216,2.981,0.5364535875664391,10.890145161290324,1.1983541044171213,8.041,17.848,9.806999999999999,10.955880347719592,0,,,,,,,,,,,,,,,,,,,124,2ebc855f-63b7-4858-8664-b999dbf7a30f,9614dec6-cc79-4978-be4f-a35e91307e01,Pothole,5.5,,12.07741935483871,Chevrolet Cruze 2010,Dashboard
6.841234899328859,1.4106144807418792,3.06,14.277999999999999,11.217999999999998,6.985150546772334,0.6760335570469799,0.6746078295618421,-0.785,3.02,3.805,0.9550482155157044,7.504966442953019,1.6397508053274163,3.295,15.925999999999998,12.630999999999998,7.682011716563755,0,,,,,,,,,,,,,,,,,,,149,2ec3b285-ed19-47da-9505-881fc1615bae,a7ca630d-3c60-49d8-a80f-efc127a6a590,Pothole,5.5,,13.751999999999997,VW Derby 2001,Left door
-1.059705426356589,0.8547985247282142,-3.883,1.0979999999999999,4.981,1.3614903997190475,-0.48850387596899225,1.0593704589825137,-4.9030000000000005,2.785,7.688000000000001,1.166576961113818,10.856352713178294,0.905903799209867,7.218,14.514000000000001,7.296000000000001,10.89408352851935,0,,,,,,,,,,,,,,,,,,,258,2ee3c17f-8b1b-4f3d-bb25-2b14e7e9fe72,24bb858e-aa25-4c4f-bb73-35895d8904d1,Pothole,6.5,,2.9232558139534883,Peugeot Partner 2013,Console
6.054310606060607,1.573324159574127,2.7460000000000004,9.807,7.061,6.255399733490864,0.5086893939393938,0.5290269817913534,-0.902,2.197,3.099,0.7339171935373207,8.193621212121212,2.0368706223708264,3.9619999999999997,13.612,9.65,8.443001273244011,0,,,,,,,,,,,,,,,,,,,132,2eee09a6-6b52-4322-aad6-5a45d40e84dd,a5c0ce37-a248-4648-990e-58d184f70c62,Speed_bump,,good,22.875,Kia RIO 2018,Left door
6.290091836734693,1.3358967834588906,-0.091,10.559000000000001,10.65,6.430386888097188,0.0029693877551020265,0.7561068782307091,-3.3280000000000003,2.634,5.962,0.7561127089074938,7.205469387755102,1.4752421019164863,0.84,12.024000000000001,11.184000000000001,7.354939045100432,1,0.0299030612244898,0.06498984057823197,-0.165,0.263,0.42800000000000005,0.07153930702054355,-0.00018367346938775526,0.06197429469410808,-0.214,0.31,0.524,0.06197456687041476,0.03796938775510205,0.07190455040547095,-0.10300000000000001,0.428,0.531,0.08131382893155507,196,2f264d0d-e6b4-4e13-a93d-f90f72a72fd5,52f5b87b-4e78-4b43-9772-bb3514e324a5,Speed_bump,,good,2.3657142857142865,Chevrolet Express van 2013,Right door
-6.04023076923077,0.7577452764686292,-7.806,-3.373,4.433,6.0875746935518285,1.6539487179487182,0.3638722854315701,0.863,2.903,2.04,1.6935021115160742,8.455128205128204,0.9364000764745616,5.649,10.982999999999999,5.333999999999999,8.506823030272587,0,,,,,,,,,,,,,,,,,,,117,2f36959d-42f9-4712-ae55-56546fac8a37,c045444a-4ab3-4a4e-a73c-67423ffb2cc0,Speed_bump,,good,0.0,Kia RIO 2018,Copilot trousers
2.104799212598425,0.45731511371014893,-0.0,3.373,3.373,2.1539073421534822,4.2730551181102365,0.8578003668703686,2.3930000000000002,7.885,5.491999999999999,4.358304889726168,-8.87537007874016,0.9630477032783774,-12.513,-4.746,7.7669999999999995,8.927466321044612,0,,,,,,,,,,,,,,,,,,,254,2f4f0ec0-2acd-479e-b4f8-20b6060b6743,14818ed9-69cb-4d56-90e6-3aaec7acfe28,Pothole,7.0,,13.32992125984252,Peugeot Partner 2013,Left door
7.228725806451614,2.0763228909296703,1.305,16.082,14.777000000000001,7.521010140417181,-0.11649193548387096,1.0321137447941617,-2.72,1.7209999999999999,4.441,1.0386670078643137,6.3132661290322565,1.0936183219085385,4.197,10.437000000000001,6.240000000000001,6.407287276999526,1,-0.026008064516129033,0.04619322949407858,-0.127,0.11699999999999999,0.244,0.053011639014161234,-0.006016129032258066,0.12939243782254345,-0.271,0.451,0.722,0.12953222291844432,-0.015903225806451614,0.05957557132979584,-0.166,0.109,0.275,0.06166166791713131,124,2fb3754a-1677-4347-863e-b39dae77b693,76d1fb6f-45a1-417a-946d-0c1e45302e65,Pothole,6.0,,0.0,VW Derby 2001,Right door
0.045476821192052964,0.6219183293674019,-1.883,1.922,3.8049999999999997,0.623578823941989,-8.161470198675497,0.7683609786309701,-10.12,-6.1979999999999995,3.9219999999999997,8.19755905116584,5.640059602649006,1.0854372771101237,2.903,7.571000000000001,4.668000000000001,5.743556947047145,0,,,,,,,,,,,,,,,,,,,151,307261cd-28be-4df7-b92e-ba70201ba3f1,3e2a7efb-a19b-42ef-8c4e-7ad663ee0bc4,Pothole,5.5,,13.5,Kia RIO 2018,Console seats
-1.4424444444444442,1.3134121748450587,-5.727,2.628,8.355,1.9508197036989012,-0.27022222222222225,1.6442843615775207,-10.905,2.667,13.572,1.6663406347776288,11.003705882352941,1.8622037225675614,5.374,20.006,14.632000000000001,11.160167823544286,0,,,,,,,,,,,,,,,,,,,153,30bd90ec-89e9-470c-8abf-8a113fce206c,5fa64f04-7264-4b6a-8689-7b6c098e16bb,Pothole,5.0,,11.329411764705883,Peugeot Partner 2013,Console
6.464134453781512,1.0477821147898263,2.628,11.886,9.258,6.548502240714181,0.666470588235294,0.6691301869727156,-0.628,3.177,3.805,0.9444142375572491,7.827134453781512,0.96289400033013,3.3339999999999996,9.689,6.355,7.886139652164765,0,,,,,,,,,,,,,,,,,,,119,312e55f5-80a5-4bc3-a9f4-ed94b1e8a14b,b890f1c4-65a2-4be8-89a5-861f138e2de6,Metal_bumps,,good,10.8,Kia RIO 2018,Left door
-7.559755244755245,1.5083993842257535,-11.062000000000001,-1.844,9.218000000000002,7.708772150150571,-0.2652867132867133,0.5627993670800465,-1.726,1.6480000000000001,3.374,0.6221898165609654,-6.680846153846154,1.2792221320179884,-10.63,-1.608,9.022,6.8022139480029296,0,,,,,,,,,,,,,,,,,,,143,31759b5d-af68-457c-97a2-1f5dba8e7dbd,063ec5d3-4aaa-46c3-8a3e-ffa415bbb42d,Pothole,9.0,,11.687412587412588,Chevrolet Cruze 2010,Left door
2.296217391304348,0.6621950732675843,-0.431,4.393,4.824,2.3897942637784544,1.2376231884057973,1.1699637006811678,-1.216,5.06,6.276,1.7030931323304972,9.916442028985507,0.770317824658879,7.375,11.767999999999999,4.392999999999999,9.94631650739194,0,,,,,,,,,,,,,,,,,,,138,317a0d16-84c5-47c7-b893-50ca4ae7bf5c,c62027c4-019a-4dd9-a7fa-f8ee1c70990c,Pothole,5.0,,9.719999999999997,VW Pointer 2004,Glove compartment
0.4808888888888889,0.4617843813023723,-1.138,2.001,3.139,0.6667075357843234,0.1790164609053498,0.3121391871537794,-1.4509999999999998,1.412,2.8629999999999995,0.3598301897174538,10.089806584362142,0.788148196644731,8.158999999999999,13.298,5.139000000000001,10.120542203346218,0,,,,,,,,,,,,,,,,,,,243,31b20f53-19da-4c96-a673-a7be93e2e39b,af97e26d-d273-4cdf-823e-9512a0a15757,Manhole_cover,,good,12.948148148148148,Chevrolet Express van 2013,Console
0.5425472972972972,1.0831735987644193,-2.955,6.3260000000000005,9.281,1.211454751472322,6.805020270270271,1.2994291494552448,2.346,13.645,11.299,6.927973512741172,7.0454459459459455,1.7038119594086978,2.37,16.195,13.825,7.248536664063323,1,-0.005810810810810811,0.06711701674821688,-0.451,0.18,0.631,0.06736808932617475,0.020594594594594597,0.07381558813599383,-0.16,0.5710000000000001,0.7310000000000001,0.07663470740061828,0.01656081081081081,0.06220446085847813,-0.35100000000000003,0.446,0.797,0.06437123119379809,148,31bacb27-6451-4214-9796-dcc899b30afa,b2ea9aa9-0023-4ec1-8d8f-1780fe9ef70a,Pothole,7.0,,0.0,Peugeot Partner 2013,Right door
2.85224347826087,1.0334158184205497,0.275,5.649,5.374,3.033684412235966,4.59735652173913,1.429817697052772,0.078,10.591,10.513,4.81456806315817,-8.429939130434782,1.028605609863529,-11.845999999999998,-4.982,6.863999999999998,8.492461553841634,0,,,,,,,,,,,,,,,,,,,115,31e8bd06-f382-4f0c-ad7a-4afeb2b13707,33b53676-ba58-45b7-ba83-5d5965e43321,Metal_bumps,,bad,12.6,Peugeot Partner 2013,Left door
-7.222330708661417,0.9232327664383896,-10.513,-4.864,5.649,7.281100164556124,3.0862755905511805,0.8683538383728013,0.785,4.9030000000000005,4.118,3.2061090763492155,6.554236220472441,1.2694543403181717,4.197,10.356,6.159,6.6760412488169605,0,,,,,,,,,,,,,,,,,,,127,31ef98a1-7da2-439e-9f2c-7a88cf687ed0,a23c5991-cc40-4048-b7bc-dc67341721e4,Pothole,5.5,,0.0,VW Derby 2001,Copilot trousers
-7.226886363636364,2.109536731591859,-13.062000000000001,0.275,13.337000000000002,7.528481369761666,2.4881969696969697,1.0202320698519791,0.039,5.296,5.257000000000001,2.6892373707732897,6.50239393939394,2.6640281580024516,0.235,16.357,16.122,7.026960436041814,0,,,,,,,,,,,,,,,,,,,132,323d2d4e-a0db-4581-b943-4d50fe48bc7e,b620b7f9-2113-4126-b57e-afd3c497363a,Pothole,11.0,,0.0,Chevrolet Spark 2013,Copilot
-2.4019146341463413,1.188035098451092,-6.1979999999999995,1.216,7.414,2.679668133347495,-0.8601219512195122,0.7445729565105923,-3.2560000000000002,0.941,4.197,1.1376285239640334,9.652170731707319,1.6119385905273105,6.041,14.552999999999999,8.511999999999999,9.785844156415864,0,,,,,,,,,,,,,,,,,,,82,3281ce89-2f21-4b92-9392-0609237e4d34,1e276e9e-d407-465a-9f69-6fceeba64db3,Pothole,7.0,,18.0,Chevrolet Spark 2013,Console
-0.025179104477611947,0.6322403643942289,-1.922,2.04,3.9619999999999997,0.6327415472937128,-2.758320895522388,0.648620747924397,-5.335,-0.431,4.904,2.8335566056307107,9.91654104477612,0.9083386601095731,6.394,13.062000000000001,6.668000000000001,9.958055302827914,0,,,,,,,,,,,,,,,,,,,268,32aca43c-7a39-435a-9812-001d5fa33243,14818ed9-69cb-4d56-90e6-3aaec7acfe28,Pothole,7.0,,8.932835820895523,Peugeot Partner 2013,Console
5.87291489361702,1.850196479845721,0.6729999999999999,11.970999999999998,11.297999999999998,6.157463468158144,-1.451648936170213,1.2273015955914917,-6.431,0.951,7.382,1.900934991109778,7.356319148936169,1.655920700465171,4.08,13.147,9.067,7.540391553973444,1,0.02135106382978724,0.09888449176506002,-0.15,0.19699999999999998,0.347,0.10116328700817245,-0.0030744680851063845,0.17049572524507683,-0.395,0.536,0.931,0.17052344320019774,0.0009361702127659589,0.09298407648059828,-0.184,0.153,0.33699999999999997,0.0929887890749042,94,32cf519c-143e-432e-8bbc-81b1028750c1,08eb2fa5-c031-49a7-8465-ba336d59836a,Pothole,9.0,,0.0,Chevrolet Cruze 2010,Right door
1.800474820143885,0.5380359744456029,0.392,3.373,2.9810000000000003,1.8791466913920756,0.023402877697841724,0.45359578112410764,-1.412,1.4509999999999998,2.8629999999999995,0.4541991053911594,9.887942446043166,0.7837633137238184,7.571000000000001,11.886,4.314999999999999,9.918956131982913,0,,,,,,,,,,,,,,,,,,,139,331b0d22-96bf-4bf3-9a38-3b727b3ca051,f0c51d49-faf5-4985-a8ad-1f9e22ff8c5a,Pothole,6.5,,14.4,Kia RIO 2018,Console
-0.04462068965517241,0.5800305083410879,-1.412,2.275,3.687,0.5817442707510958,-2.0705862068965515,0.6229471260698742,-4.629,-0.8240000000000001,3.8049999999999997,2.162265099859165,9.898672413793104,2.042563259375177,2.589,15.925999999999998,13.336999999999998,10.107214266262387,0,,,,,,,,,,,,,,,,,,,116,333c472d-75ab-48da-a346-b7b9fb8b0486,0ef4e17b-58e6-444d-b262-57abe170533d,Pothole,5.0,,13.70948275862069,Peugeot Partner 2013,Console
-5.619161572052402,0.5076604400247153,-7.492000000000001,-4.55,2.942000000000001,5.642047136917283,1.6386157205240173,0.8855379096612342,0.275,2.9810000000000003,2.7060000000000004,1.8625892915497053,8.804519650655022,0.921195732254969,4.9030000000000005,11.14,6.237,8.852579728864079,0,,,,,,,,,,,,,,,,,,,229,336474db-aba1-468d-8a7a-00f0503df0fa,ae5a562a-202a-48a6-8f94-43363a1c6601,Speed_bump,,bad,0.0,Kia RIO 2018,Copilot trousers
-0.6877754237288135,0.7001590469964108,-4.158,1.177,5.335000000000001,0.9814569397463503,-8.420406779661018,1.3153248888939444,-12.317,-4.354,7.963,8.522518987852422,5.941483050847458,0.9628420654152295,2.275,7.962999999999999,5.687999999999999,6.01899374367848,0,,,,,,,,,,,,,,,,,,,236,3370a3ea-be03-454f-a0e3-29dc41727ad8,48134e6a-7d07-481c-ba5a-837f635ea717,Speed_bump,,good,13.023305084745763,Honda Accord 2007,Console seats
-0.6027801047120418,0.7914417911091916,-4.119,3.452,7.571,0.9948487138006387,-4.647225130890051,0.7520261473375998,-7.728,-2.55,5.178,4.707679337365226,9.151057591623037,0.7683425772758741,7.218,14.122,6.904,9.183256794909774,0,,,,,,,,,,,,,,,,,,,191,33a11e9b-194e-4490-bee4-1d0aab537994,507bd7d5-4e16-442e-8d4d-dd2400bc6cd2,Pothole,5.0,,19.8,Honda Accord 2007,Console
-3.232692307692308,0.9749499961890525,-6.237,-0.353,5.884,3.376511076730247,4.120333333333332,0.5649747139035759,2.354,5.688,3.3339999999999996,4.1588872556404075,8.588115384615387,0.758360647252859,6.315,10.356,4.0409999999999995,8.621533316688467,0,,,,,,,,,,,,,,,,,,,78,341e918f-2de2-416b-ade0-956d09ba841e,9614dec6-cc79-4978-be4f-a35e91307e01,Pothole,5.5,,9.0,Chevrolet Cruze 2010,Driver trousers
0.45156962025316455,1.5151863459240054,-6.041,6.002000000000001,12.043000000000001,1.5810454720880505,3.4067594936708856,1.1014098354840534,0.981,6.041,5.0600000000000005,3.580379012537321,9.882341772151898,1.4559181529199787,5.452000000000001,16.475,11.023,9.98901279254463,0,,,,,,,,,,,,,,,,,,,158,3442a5fe-09ca-4edb-b763-74b06208c829,8f33e2c1-e701-4a5d-9a51-c7c0472f489a,Pothole,9.0,,8.396202531645569,Chevrolet Cruze 2010,Console between seats
3.2277407407407406,0.9461804669271677,0.981,6.315,5.3340000000000005,3.363564740782032,0.48379012345679007,0.9898402878535554,-1.765,3.57,5.335,1.1017425647638135,9.601561728395062,1.1671962234206308,5.492000000000001,13.533,8.040999999999999,9.672245584565568,0,,,,,,,,,,,,,,,,,,,162,34aae04f-ccfb-413a-ad73-7c84759b30f3,9a4c6802-09d2-4f9e-bb15-d7d98f3f24f6,Pothole,12.0,,7.433333333333334,Kia RIO 2018,Console
2.352985401459854,1.0102625949404382,-0.706,6.865,7.571,2.5606973288967554,5.119226277372263,1.1116015998017286,-0.745,8.316,9.061,5.238524200156036,-8.567408759124088,1.7012322908317175,-19.025,-3.844,15.181,8.734682830720567,0,,,,,,,,,,,,,,,,,,,137,34dd3fb4-1c7a-4aa9-8c80-69daec033eb3,ba603f8e-b287-4763-b13b-1a29e3aea9bc,Pothole,7.0,,15.3,Peugeot Partner 2013,Left door
-0.47452845528455284,0.5191341967458387,-1.569,1.4909999999999999,3.0599999999999996,0.7033331849882324,-7.928227642276424,2.1828759310352055,-13.494000000000002,-4.158,9.336000000000002,8.223243938863105,6.001333333333333,1.5655796748032917,1.4509999999999998,9.807,8.356,6.20218038240867,0,,,,,,,,,,,,,,,,,,,123,351ba74a-b2fc-4b2e-9187-fd01f1c7e14c,a5c0ce37-a248-4648-990e-58d184f70c62,Speed_bump,,good,7.2,Kia RIO 2018,Console seats
8.120349514563108,1.0733719187205444,3.923,11.610999999999999,7.687999999999999,8.190983061547808,-0.019456310679611656,0.6874124661196364,-1.294,2.1180000000000003,3.4120000000000004,0.6876877537094446,-5.634563106796114,0.8387107960528413,-7.962999999999999,-3.452,4.510999999999999,5.696642625607077,0,,,,,,,,,,,,,,,,,,,103,35689339-49c0-4e33-8909-5e1839b372d1,5cd750de-f2a2-416b-a2a0-6c9be4cf9d47,Pothole,6.0,,20.232,Chevrolet Spark 2013,Left door
8.188666666666666,1.3969059502044063,0.314,14.985,14.671,8.306961418683384,0.5345057471264367,0.44553862207453343,-0.51,3.3339999999999996,3.8439999999999994,0.6958455701312356,6.3165689655172415,1.4177167588986692,0.628,15.140999999999998,14.512999999999998,6.473713331975528,0,,,,,,,,,,,,,,,,,,,174,3571f042-08b1-4147-831a-3f78601f32a7,5b2efa9e-4ab0-40d6-99ee-6ebb4ad714e7,Metal_bumps,,good,17.35737931034483,Chevrolet Spark 2013,Console
-0.04896178343949038,1.3689044244870636,-4.236000000000001,3.4130000000000003,7.649000000000001,1.3697797558796942,-5.090191082802548,1.0989128567234419,-14.435,-3.295,11.14,5.207461447395905,8.949904458598725,0.9740931747860849,6.002000000000001,11.415,5.4129999999999985,9.002757762553106,0,,,,,,,,,,,,,,,,,,,157,357e3e13-edda-4cde-940f-b5e79831abe6,fdd8dbe7-88ee-4234-8f3e-1d3dca54c873,Metal_bumps,,bad,23.400000000000002,Honda Accord 2007,Console
-7.1565,1.2431260472707444,-10.395,-3.177,7.218,7.2636667475458285,-0.8304701492537312,0.4824147545189612,-2.589,0.431,3.02,0.9604190044866378,-7.228507462686567,1.5372313197893552,-11.69,-3.727,7.962999999999999,7.390155632235137,0,,,,,,,,,,,,,,,,,,,134,35b77d1c-39ae-44ab-8f1e-7fc428f5f389,160a6df2-ecf3-4892-862b-d31c2d9f26f2,Speed_bump,,good,18.900000000000002,Chevrolet Cruze 2010,Left door
-0.37812,1.2675281452233451,-11.14,2.785,13.925,1.3227253431205335,-1.29264,1.2472615565309468,-3.9619999999999997,0.902,4.864,1.7962682316402525,10.000166666666667,1.4464131701864749,4.707,14.632,9.925,10.10422903639857,0,,,,,,,,,,,,,,,,,,,150,35b8b86a-6a55-40e6-a99f-be5fe0810d67,479743f3-e957-4140-8ce1-0ea0b7201c22,Speed_bump,,good,16.2,Honda Accord 2007,Console
3.1785445544554456,1.3807874889348681,-1.412,7.806,9.218,3.4655042308814785,1.5123564356435644,1.576940072344385,-0.628,12.709000000000001,13.337000000000002,2.184939811573312,9.69359405940594,2.1711499265433205,1.6869999999999998,17.691,16.003999999999998,9.933763526080094,0,,,,,,,,,,,,,,,,,,,101,35d6830f-4ba6-4fae-81e5-9101f77e7667,ba4538f6-177e-4613-9e7d-cade3572c354,Metal_bumps,,good,13.5,VW Pointer 2004,Glove compartment
-0.4814244186046512,0.7846237730388274,-2.785,2.785,5.57,0.9205454557198747,7.13310465116279,0.718954959113699,5.335,9.297,3.9620000000000006,7.169245301820436,7.692052325581395,0.6756901662377556,5.531000000000001,9.964,4.433,7.721672498897668,0,,,,,,,,,,,,,,,,,,,172,36406eca-890a-4cc3-ab06-0cedb82d4298,898ca1f4-2528-4cff-a4fb-68677dba372a,Pothole,6.5,,11.522093023255815,Peugeot Partner 2013,Console
2.640147368421053,0.5618297732160713,1.255,4.001,2.7460000000000004,2.699264866783664,4.969821052631579,1.0342884457589532,2.903,8.355,5.452,5.07630514096725,-8.194168421052634,1.0914335300794629,-10.395,-2.432,7.962999999999999,8.266536352255272,0,,,,,,,,,,,,,,,,,,,95,364b3119-e4b5-41c5-882e-c2753f1310d5,4fd78215-4876-45a7-b63a-c56c256c767e,Metal_bumps,,bad,12.6,Peugeot Partner 2013,Left door
-1.2255162790697673,0.960644337285266,-4.9430000000000005,2.3930000000000002,7.336,1.5571537152841577,7.235609302325581,1.9933586162396173,0.11800000000000001,15.181,15.062999999999999,7.505166257241554,-6.572706976744186,1.6791260358799545,-11.062000000000001,-1.922,9.14,6.783799912033936,0,,,,,,,,,,,,,,,,,,,215,365c76ca-0e66-4d62-826c-3d55103b08b2,103be121-da18-4fa6-b129-bde1b16f2f31,Pothole,9.0,,18.272093023255813,Kia RIO 2018,Left door top
9.664895833333333,2.050076733722254,2.55,15.024000000000001,12.474,9.879930469559659,-1.7067604166666668,1.4881110701769407,-8.238,2.275,10.513,2.264399628396749,0.527125,2.817554614414481,-10.356,7.414,17.77,2.8664393890039492,0,,,,,,,,,,,,,,,,,,,96,366593c6-c481-43ad-8507-8ca7fbf1b466,9d7a5b6c-863b-448d-a300-430f6f3c1b9c,Metal_bumps,,bad,25.5,VW Pointer 2004,Left door
10.000758620689657,2.368988572266471,2.1180000000000003,19.102999999999998,16.985,10.277513310369761,0.1403448275862069,1.2494684601133692,-2.9419999999999997,7.688,10.629999999999999,1.2573257745899733,0.9509137931034484,1.9969326632447797,-3.923,8.041,11.964,2.2117814321149085,0,,,,,,,,,,,,,,,,,,,116,3669d451-3adb-455a-ad2b-e3b7ee8cbd53,2733c0d5-dec6-4a5b-b869-0d07ecf9602b,Pothole,7.5,,12.15,VW Pointer 2004,Left door
8.252254237288135,1.397745001030508,4.08,12.67,8.59,8.36979038475551,0.853372881355932,0.560003341343091,-1.0590000000000002,2.314,3.373,1.0207100552797315,-6.004677966101695,1.195510938790919,-13.808,-2.7460000000000004,11.062,6.122532472870677,0,,,,,,,,,,,,,,,,,,,118,368a061a-3a80-4c72-8913-b161d9121aa1,263e1f3f-5aec-4649-a171-910e1a8589d1,Pothole,6.5,,12.6,VW Derby 2001,Console left
-0.12324590163934425,1.0354456656037678,-4.4719999999999995,3.3339999999999996,7.805999999999999,1.0427546589148016,-4.741469945355192,0.7997039397009502,-7.61,-2.903,4.707000000000001,4.808436714138991,8.90767213114754,1.0112357379160548,5.335,12.984000000000002,7.649000000000002,8.96488820419202,0,,,,,,,,,,,,,,,,,,,183,368b309d-d72d-4cae-90b0-c846789dfcda,45cdde7b-58e5-479a-87f3-4a2becdf991b,Pothole,7.0,,19.8,Honda Accord 2007,Console
2.7151884057971016,0.893114616455494,0.157,4.9430000000000005,4.7860000000000005,2.8583040071170616,1.7873913043478258,0.9964002632286219,-0.0,5.021,5.021,2.0463580232745904,10.104311594202898,1.5421096259868252,5.8839999999999995,22.516,16.631999999999998,10.221311798947548,0,,,,,,,,,,,,,,,,,,,138,36da82a6-5499-4d2d-953a-6c18f928a441,a89db916-dafa-4dce-a766-54abb2259a1b,Pothole,12.0,,8.679130434782609,VW Pointer 2004,Glove compartment
1.8371115241635687,0.6385021350081334,0.314,3.452,3.138,1.94490712596374,0.22775092936802974,0.6708365091277384,-1.726,3.295,5.021,0.7084434400900973,9.740460966542752,0.777443147110707,6.08,12.513,6.433,9.771437851602617,0,,,,,,,,,,,,,,,,,,,269,3721f6a7-1d55-4289-a1a5-87cf4e6c4e21,14818ed9-69cb-4d56-90e6-3aaec7acfe28,Pothole,7.0,,12.857620817843866,Peugeot Partner 2013,Glove compartment
2.787862637362637,1.179888906965337,-0.47100000000000003,7.061,7.532,3.0272621157710176,1.6212417582417584,1.1799464212147803,-0.588,12.16,12.748,2.005167922046529,9.780384615384616,1.971739173560875,1.844,15.415999999999999,13.572,9.977157841459992,0,,,,,,,,,,,,,,,,,,,182,37254e0a-c9d8-4b9b-aae2-7cc04414ee2f,d19ed1fc-ee10-4c6b-a57a-c1eb200b0ef1,Speed_bump,,good,14.142461538461534,VW Pointer 2004,Glove compartment
5.660710280373832,1.6990738489247372,0.785,14.318,13.533,5.9102024349788485,0.20638317757009345,0.7391525918979986,-2.1180000000000003,6.355,8.473,0.7674246347970972,8.270532710280374,3.4128593660841573,-0.981,27.576,28.557000000000002,8.947028577381765,0,,,,,,,,,,,,,,,,,,,107,37e9ca1e-0c71-40c7-ab1d-0ec253fa2fff,9bd80cdf-998e-461d-bd08-abd929d42522,Metal_bumps,,good,13.751999999999999,VW Derby 2001,Console
0.14817129629629627,0.6480335234456862,-1.334,2.079,3.4130000000000003,0.6647572343010308,-8.344180555555555,0.6484334611282815,-10.042,-6.982,3.0599999999999996,8.369337793232043,5.386726851851852,0.8094411220216816,3.727,6.982,3.2550000000000003,5.447203053538713,0,,,,,,,,,,,,,,,,,,,216,38366904-d546-4c1f-af68-bd0298bc269c,3efa4be1-3dd2-4550-a1c0-a9d3dff5ef5c,Pothole,12.0,,12.450000000000001,Kia RIO 2018,Console seats
-7.7165906040268455,1.1772654072495063,-12.043,-5.06,6.983,7.805877554078193,0.9406510067114094,0.7715765341185165,-1.255,3.06,4.3149999999999995,1.2166160710879705,6.821778523489932,1.8439477341427464,2.04,14.671,12.631,7.066597870955914,0,,,,,,,,,,,,,,,,,,,149,384d6778-10e5-418b-bb83-f0ddcec82a81,a7ca630d-3c60-49d8-a80f-efc127a6a590,Pothole,5.5,,0.0,VW Derby 2001,Copilot trousers
3.0333740458015264,0.6225252358338927,1.412,4.982,3.5700000000000003,3.0965942212360287,1.491198473282443,1.5353181753433565,-0.588,11.415,12.002999999999998,2.140297826532453,9.969221374045802,0.7060710697753338,7.9239999999999995,12.592,4.668000000000001,9.994193872459416,0,,,,,,,,,,,,,,,,,,,131,3857ece4-d705-48cc-b9a7-0fa16376ce32,83b2cf8a-897e-4c27-a257-21ad84341b21,Pothole,5.0,,8.1,VW Pointer 2004,Glove compartment
-1.1915119999999995,0.9878493133347819,-3.609,2.197,5.806,1.5477555078241525,-0.266088,1.1006446475843146,-4.04,2.001,6.041,1.132352181964604,11.006336,1.6858277204696805,4.7860000000000005,17.299,12.512999999999998,11.134695651341351,0,,,,,,,,,,,,,,,,,,,125,3879d253-a4a6-4434-a043-76811377e480,0ef4e17b-58e6-444d-b262-57abe170533d,Pothole,5.0,,5.6880000000000015,Peugeot Partner 2013,Console
-2.802144827586207,0.6525140767863025,-4.746,-0.902,3.8440000000000003,2.8771149186593874,2.688289655172414,0.5397631909520856,1.138,4.4719999999999995,3.3339999999999996,2.7419419345445286,10.036627586206896,0.5775007740831065,8.591000000000001,12.513,3.921999999999999,10.053228359501036,0,,,,,,,,,,,,,,,,,,,145,38a80f76-8053-4bb2-8a40-b36c4a4f5fb5,ecb6eedb-682a-4fda-a211-4c0bb5b4032f,Pothole,6.0,,0.0,Kia RIO 2018,Copilot trousers
9.817045454545454,2.103639684493594,4.746,15.808,11.062,10.03990445068019,0.7396818181818182,1.3828661075778823,-2.3930000000000002,4.04,6.433,1.5682626896143272,-1.243681818181818,0.9820872277973861,-4.001,2.785,6.7860000000000005,1.5846891770561153,0,,,,,,,,,,,,,,,,,,,132,38ce3cba-a24c-445a-a5aa-bb2fb9d37b52,ae68c85e-773d-4017-aca4-bfae02a17782,Speed_bump,,bad,15.170454545454545,VW Pointer 2004,Left door
6.402417910447761,1.0783531826562611,3.0989999999999998,9.571,6.4719999999999995,6.49259583576301,0.7862835820895522,0.8659965065933839,-0.5489999999999999,2.864,3.413,1.1696973202053265,7.807313432835821,1.2841346608253323,4.59,11.69,7.1,7.912214915285835,0,,,,,,,,,,,,,,,,,,,134,38dfbdca-ebf6-4116-81eb-833a2543c288,66031827-ff15-43df-b039-38ecde7f9099,Speed_bump,,good,5.4,VW Derby 2001,Left door
8.164870689655173,1.77807878461932,0.628,13.572000000000001,12.944,8.356235847742898,0.13759482758620692,0.39184140833198183,-0.745,2.04,2.785,0.41529751487586464,6.161629310344827,2.4816683227847585,-0.235,20.79,21.025,6.642616459077988,0,,,,,,,,,,,,,,,,,,,116,39002a6d-fbbd-43d7-a427-c421e2e49636,d9e3e4ce-6aaa-4acf-aced-5e4c2fcd4abe,Metal_bumps,,good,16.303655172413794,Chevrolet Spark 2013,Console
0.8665845070422533,1.0926062216254382,-2.707,3.805,6.5120000000000005,1.3945454683803902,-0.18947887323943663,0.5794730087445998,-1.255,1.4909999999999999,2.7459999999999996,0.6096648351902918,11.090352112676056,1.3208756389158869,7.885,14.905999999999999,7.020999999999999,11.168734146563779,0,,,,,,,,,,,,,,,,,,,142,3914fc28-bfad-40f4-ae43-fa039685f38b,063ec5d3-4aaa-46c3-8a3e-ffa415bbb42d,Pothole,9.0,,13.538028169014085,Chevrolet Cruze 2010,Dashboard
0.6819683544303797,0.9056669157530803,-1.0590000000000002,4.001,5.0600000000000005,1.1337166307037123,-8.375892405063292,0.9889439232636189,-11.023,-5.845,5.178,8.434072780368744,5.27123417721519,0.722064105009597,3.295,6.7860000000000005,3.4910000000000005,5.320459221043312,0,,,,,,,,,,,,,,,,,,,158,3922cd88-b46c-4df6-827b-177b328f8f9d,9a4c6802-09d2-4f9e-bb15-d7d98f3f24f6,Pothole,12.0,,13.5,Kia RIO 2018,Console seats
8.5502265625,1.834760867485715,0.667,18.083,17.415999999999997,8.744868307238109,2.6284843749999998,1.104979581148837,-0.392,6.394,6.7860000000000005,2.851299700903958,5.2193125,2.181719250205844,-5.766,9.493,15.259,5.656953407919761,0,,,,,,,,,,,,,,,,,,,128,39431f65-7348-44aa-84a5-a030e32dfe6f,2eb39caa-d21b-4895-8510-2004a70959d4,Pothole,8.0,,18.3515625,Chevrolet Spark 2013,Left door top
-0.00780882352941177,0.602647083763959,-2.001,1.569,3.57,0.6026976732111363,6.564389705882354,1.320401856013774,3.923,14.082,10.159,6.69586986672074,8.58427205882353,1.278668519725475,2.824,14.671,11.847,8.678981504948336,0,,,,,,,,,,,,,,,,,,,136,39ecf274-14fd-4018-bc30-ea9820041a1b,4e40cb43-263f-46ab-a1ee-5b9c91df39f8,Pothole,5.0,,14.4,Peugeot Partner 2013,Console
-1.3034831460674157,0.8208044028229095,-5.845,0.51,6.3549999999999995,1.5403857243480545,7.299421348314607,1.6374259351958838,1.3730000000000002,14.788,13.415,7.480823197582144,-6.463792134831461,1.4181258428751216,-13.102,-2.197,10.905000000000001,6.617528969981115,0,,,,,,,,,,,,,,,,,,,178,3a0be815-d3fa-4221-a070-e94f96021ab5,95a9a4ec-88b5-458f-8c08-9b2827989655,Pothole,6.5,,12.453370786516855,Kia RIO 2018,Left door top
0.3685416666666666,1.2411499533083108,-2.785,5.649,8.434000000000001,1.2947108428783112,0.3790052083333333,0.892814250799799,-1.6480000000000001,2.04,3.688,0.9699289841916263,10.633494791666669,1.7643506300637088,-7.375,16.514,23.889,10.778874924137877,0,,,,,,,,,,,,,,,,,,,192,3a2640f6-dcc7-4fc9-b26a-87a5dbc86dfd,5f17fd7b-4b53-43e1-a72d-747dc3dc28b4,Pothole,5.0,,7.4624999999999995,Chevrolet Cruze 2010,Dashboard
0.38750641025641025,1.1182351680145592,-2.55,4.707,7.257,1.1834741691200357,0.22358333333333333,0.5585813413017189,-1.6480000000000001,1.9609999999999999,3.609,0.6016665370409691,10.878833333333333,1.2793164582804954,8.551,18.554000000000002,10.003000000000002,10.953796843783062,0,,,,,,,,,,,,,,,,,,,156,3a2b8b1c-d4cd-4aaf-9c73-892d0ea118b1,d5cccc00-7337-4cd9-8d22-256496484c70,Pothole,5.0,,11.048076923076923,Chevrolet Cruze 2010,Dashboard
9.217857843137256,1.5463982835479526,3.177,17.142,13.965,9.346670576608929,1.9451764705882355,1.0876352916679657,-0.667,9.571,10.238,2.2286009129971576,3.872446078431372,1.6242293261590894,0.157,13.769,13.612,4.199280835370948,0,,,,,,,,,,,,,,,,,,,204,3a5ff58b-44fb-4a85-9221-a2cef10d7284,0ee7e3ee-3849-47e7-a920-c2bf5c4ad74f,Pothole,8.0,,7.561764705882354,Chevrolet Spark 2013,Left door top
-1.7095210084033612,0.767396437035939,-3.805,0.196,4.001,1.8738621533474384,0.213,0.6122593370446214,-1.844,1.6480000000000001,3.492,0.6482518768182005,10.025529411764706,1.3389901238082214,7.296,16.317999999999998,9.021999999999998,10.114550634497567,0,,,,,,,,,,,,,,,,,,,119,3a68d491-c056-4a36-9236-0c323622d972,43bed957-6acb-4f0b-bfce-1364f369321a,Pothole,7.0,,13.946218487394958,Chevrolet Spark 2013,Console
5.6793706896551726,1.199583703150823,2.157,8.865,6.708,5.804675054762266,0.03687068965517241,0.5943834465685404,-1.922,2.001,3.923,0.5955259266483239,8.514870689655174,0.9437563384593947,6.08,11.886,5.805999999999999,8.567012249782945,0,,,,,,,,,,,,,,,,,,,116,3abb54de-3805-405b-8894-e85383d32a51,f51471d1-ea06-410f-bc25-7b37ff1e25b4,Metal_bumps,,good,16.875,Kia RIO 2018,Left door
0.37244923857868023,1.1624868073971921,-8.591000000000001,4.59,13.181000000000001,1.2206940700643858,-0.0005812182741116686,0.7529527794447953,-8.669,2.9810000000000003,11.65,0.7529530037713675,10.116999999999999,1.43018105772242,4.001,15.062999999999999,11.061999999999998,10.217588113535797,0,,,,,,,,,,,,,,,,,,,394,3aca8f1d-77c3-4e19-a603-17e57ddff242,947a4a24-9b56-4f21-8225-94a4da436968,Pothole,16.0,,10.41532994923858,Chevrolet Express van 2013,Console
-0.5790149253731344,1.0746332035468162,-4.236000000000001,2.197,6.433000000000001,1.2206943949941562,3.052955223880597,1.0848004553123334,-1.0979999999999999,5.57,6.668,3.2399579668362475,10.192470149253733,1.9402080812022882,3.883,15.573,11.690000000000001,10.37549300716795,0,,,,,,,,,,,,,,,,,,,134,3ad2a37c-f2b9-464a-9f53-86bc744a40c5,3bb0381c-506c-40b3-b83f-8574f3a4b1f4,Speed_bump,,bad,13.594029850746269,Chevrolet Cruze 2010,Console between seats
-1.1997578125000001,0.5993524728052058,-2.707,0.039,2.746,1.3411346671056192,-0.14310937499999998,0.7415134569157255,-3.06,1.53,4.59,0.755196994167747,10.05121875,0.8237514030479326,7.218,12.905999999999999,5.687999999999999,10.084917686048557,0,,,,,,,,,,,,,,,,,,,128,3b17f5bd-3f00-4286-be34-9bc9631c0e76,33738b16-0e25-4a5b-b72e-9c0308b2ef02,Pothole,6.0,,21.6,Chevrolet Spark 2013,Console
2.9027719298245613,0.8213035926250711,0.667,5.412999999999999,4.7459999999999996,3.0167241285600275,1.708970760233918,1.3133752483599976,-0.745,8.472999999999999,9.217999999999998,2.155350459284796,9.859614035087718,1.0413303078732579,7.1,16.044,8.944,9.91445196321986,0,,,,,,,,,,,,,,,,,,,171,3b3168e1-e6c2-467a-afef-a61df5160e1f,04a9ea4d-bded-4397-b793-2e3be7d52321,Pothole,12.0,,10.022105263157897,VW Pointer 2004,Glove compartment
7.00728476821192,0.8265601934185746,4.433,10.356,5.923,7.055865756670753,0.5499735099337748,0.6460130188241793,-1.6869999999999998,2.275,3.9619999999999997,0.8484124481166017,7.276668874172186,1.1334101898993172,3.766,11.610999999999999,7.844999999999999,7.364409586851747,0,,,,,,,,,,,,,,,,,,,151,3b4233bb-afdf-49d3-acca-5c74886dcf76,bd1ca00f-ceb2-4f0b-afb6-08c178c0ba7f,Pothole,6.0,,15.371999999999996,VW Derby 2001,Left door
-0.6152280701754387,0.5849180034765664,-2.628,0.706,3.334,0.8489020256324089,-7.8484298245614035,0.9677934476716141,-13.298,-5.688,7.61,7.9078742319552005,6.349149122807018,1.3068575824933197,-2.511,8.669,11.18,6.482250483016019,0,,,,,,,,,,,,,,,,,,,114,3b52df7c-d12e-4691-9b5c-a06ec1fc2bf1,f51471d1-ea06-410f-bc25-7b37ff1e25b4,Metal_bumps,,good,13.5,Kia RIO 2018,Console seats
0.33962546816479405,0.7561121742344387,-1.804,3.06,4.864,0.8288854436239578,-0.20757677902621724,0.5327293414306049,-2.197,1.0979999999999999,3.295,0.5717417864840605,10.997097378277152,0.858265203219143,8.904,13.18,4.276,11.030538060600989,0,,,,,,,,,,,,,,,,,,,267,3b705297-af4c-4aa7-914a-13e2034c93a3,c46983c7-0344-495a-8448-899cae37655a,Pothole,8.5,,10.679865168539324,Chevrolet Cruze 2010,Dashboard
5.985691056910568,1.5218481870916583,1.35,11.112,9.762,6.1761249447637745,-1.6033333333333333,0.8135075283271731,-5.129,-0.024,5.1049999999999995,1.7979077496976212,7.098528455284552,1.8148655634558555,3.012,12.92,9.908,7.326857665050034,1,-0.008195121951219513,0.09301041628323277,-0.19399999999999998,0.21600000000000003,0.41000000000000003,0.09337075324198477,0.0024065040650406515,0.05052582651168616,-0.125,0.2,0.325,0.05058310396272717,0.0022032520325203256,0.08386971694430949,-0.22399999999999998,0.155,0.379,0.08389865159725392,123,3b963a28-0a1f-46e8-b727-a4135e61d00d,752eccaf-ef23-4567-ba24-059b8e943f0d,Speed_bump,,good,0.0,Chevrolet Cruze 2010,Right door
0.3000229007633588,0.6417778677522494,-3.295,2.9810000000000003,6.276,0.7084437680713156,-0.8153969465648855,0.9647960404589837,-5.296,4.119,9.415,1.263211613369934,10.987358778625955,1.7122509628636557,5.8839999999999995,21.928,16.044,11.119975552584473,0,,,,,,,,,,,,,,,,,,,131,3b9a72b4-aeaa-4fc0-bda5-4fd83d8dc217,62293c82-da5d-4322-8fc9-cab2384a7d02,Metal_bumps,,good,18.0,Chevrolet Cruze 2010,Dashboard
0.15545267489711934,0.5689086592548486,-1.4909999999999999,3.648,5.139,0.5897648656098623,-7.8850658436213985,0.624258503179724,-9.767000000000001,-5.727,4.040000000000001,7.909738430380428,6.140172839506173,0.5000097642698472,4.629,7.885,3.2560000000000002,6.160497728542272,0,,,,,,,,,,,,,,,,,,,243,3ba80c6a-537c-4291-8d7c-8fbf73e8e793,af97e26d-d273-4cdf-823e-9512a0a15757,Manhole_cover,,good,13.404592592592596,Chevrolet Express van 2013,Console
5.606744966442953,0.84709041817779,3.452,8.512,5.0600000000000005,5.67037488137266,0.3825436241610738,0.48331801310132,-0.706,1.608,2.314,0.616389427370795,8.460570469798657,1.3156803953666438,6.315,12.788,6.473,8.562258322264121,0,,,,,,,,,,,,,,,,,,,149,3bbed58a-9d3b-4aa1-bdc3-5609344515fb,170a9178-30e6-4a97-89b5-1f5cec7849ab,Speed_bump,,good,21.16510067114094,Kia RIO 2018,Left door
0.015752136752136745,0.9168448955496423,-2.785,2.511,5.296,0.9169802027894017,7.367230769230769,2.6234955229066763,-0.5489999999999999,16.593,17.142,7.820410345104148,-6.614581196581197,3.2128533348255135,-20.006,6.433,26.439,7.3535781057431455,0,,,,,,,,,,,,,,,,,,,117,3c12e423-5321-4579-b732-77aa42e4683d,f51471d1-ea06-410f-bc25-7b37ff1e25b4,Metal_bumps,,good,35.715384615384615,Kia RIO 2018,Left door top
8.21606603773585,2.1708829404005265,1.294,14.828,13.533999999999999,8.49802764630467,1.350735849056604,0.5854251527476096,-0.0,3.4130000000000003,3.4130000000000003,1.47214467475049,-5.802584905660378,1.4910105340346693,-11.100999999999999,-0.392,10.709,5.991085377458746,0,,,,,,,,,,,,,,,,,,,106,3c5ceb00-0dc5-4366-9c00-12a0df71c3e0,4c40b7a2-b10b-4cc6-a291-a73faba5a9f8,Speed_bump,,good,5.4,VW Derby 2001,Console left
0.08896774193548385,0.4860726073382232,-1.726,0.981,2.707,0.49414758798326375,0.011629032258064517,0.3899235615967709,-1.6869999999999998,1.138,2.8249999999999997,0.3900969344657426,10.13017741935484,1.3951751636764385,3.844,13.925,10.081000000000001,10.225801107245644,0,,,,,,,,,,,,,,,,,,,186,3c727ce4-1b98-4ae6-8fd0-0ba2d3520e89,52f5b87b-4e78-4b43-9772-bb3514e324a5,Speed_bump,,good,6.745161290322581,Chevrolet Express van 2013,Console
2.015536082474227,0.6644721346830279,0.47100000000000003,3.2560000000000002,2.785,2.122241484262753,-0.2581855670103093,0.7698930415725238,-2.157,2.511,4.668,0.8120314541162964,9.991458762886598,1.1535442072110726,4.158,13.612,9.454,10.057828416137033,0,,,,,,,,,,,,,,,,,,,194,3c82dec1-95b6-459f-b5c8-dc619e4da43a,642ada93-72ab-4f94-aead-4ba887a715a4,Pothole,8.0,,12.071134020618556,Peugeot Partner 2013,Glove compartment
8.532911764705883,1.591946549273544,3.445,16.269000000000002,12.824000000000002,8.680142683159072,0.017470588235294127,0.9209924070484133,-2.339,2.167,4.506,0.9211580946255196,4.123301470588236,1.6185751691636479,-0.773,11.758,12.530999999999999,4.429605015753463,1,0.021617647058823533,0.10487254581181818,-0.149,0.773,0.922,0.10707741839160936,-0.005022058823529411,0.17768865148441382,-0.79,0.7020000000000001,1.492,0.17775960716984182,0.011816176470588234,0.107426733049162,-0.247,0.318,0.565,0.10807462699449857,136,3cdbc6aa-ecc5-4978-ae04-e1506bafcb85,b620b7f9-2113-4126-b57e-afd3c497363a,Pothole,11.0,,0.0,Chevrolet Spark 2013,Right door
-7.073363095238094,1.3623736526196932,-10.787,-3.609,7.178000000000001,7.203369173270836,-0.7063214285714287,0.5937014473524849,-2.314,1.02,3.334,0.9226978752807546,-7.245238095238095,1.3794038620865279,-10.63,-2.628,8.002,7.37537999505304,0,,,,,,,,,,,,,,,,,,,168,3cf6f658-90d8-449f-ab37-14209eca8ec2,eff8a224-4321-45ef-8d58-6703e72cdc50,Speed_bump,,good,9.9,Chevrolet Cruze 2010,Left door
10.143321608040202,1.812974761133747,6.747000000000001,18.044,11.297,10.304069619749432,-0.8450050251256281,0.9450453686032573,-3.138,3.923,7.061,1.2677319279745343,1.1974824120603016,1.6530375264224995,-5.688,6.669,12.357,2.0411999389953874,0,,,,,,,,,,,,,,,,,,,199,3cf9e79b-d8a2-4980-ac7f-c7778a1705ed,49fcabe5-e3c1-4482-a444-d91ff661c5e2,Pothole,4.5,,5.730150753768844,VW Pointer 2004,Left door
1.2934473684210528,1.7688189480311791,-5.021,5.492000000000001,10.513000000000002,2.1912842275226354,-0.16978289473684213,0.7483374460285029,-4.158,1.53,5.688000000000001,0.7673559568242656,10.652888157894736,1.1353857827404912,6.865,13.376,6.510999999999999,10.713222063425324,0,,,,,,,,,,,,,,,,,,,152,3cfb1d85-2081-467e-aafb-385751b8f265,8f33e2c1-e701-4a5d-9a51-c7c0472f489a,Pothole,9.0,,14.263815789473684,Chevrolet Cruze 2010,Dashboard
6.869839622641508,1.3567587564986292,3.217,12.16,8.943,7.002534595712536,0.1432169811320755,0.5518196486328677,-2.511,2.471,4.982,0.5701017701269545,7.479698113207548,1.4375718598597398,2.864,13.062000000000001,10.198,7.616593511339641,0,,,,,,,,,,,,,,,,,,,106,3d13c4e8-448d-4199-a3c9-14c261577214,4c40b7a2-b10b-4cc6-a291-a73faba5a9f8,Speed_bump,,good,5.4,VW Derby 2001,Left door
1.1454844444444443,1.809219945102868,-6.593999999999999,9.283,15.876999999999999,2.141357378445322,0.7409866666666666,0.5849107698710215,-2.555,2.61,5.165,0.9440242840567656,9.534204444444445,1.3009898737253118,4.183,18.58,14.396999999999998,9.622558341730125,1,-0.003071111111111111,0.057781152721943355,-0.474,0.204,0.6779999999999999,0.0578627110783217,0.06132888888888889,0.35325596424765887,-0.395,3.6430000000000002,4.038,0.35854010778278195,0.011324444444444446,0.040160971411201674,-0.307,0.172,0.479,0.04172704958017841,225,3d33172e-7e39-48aa-b973-3a8e9eac1468,99f0ebda-a429-4c18-8c40-5544859afeca,Pothole,8.5,,0.0,Honda Accord 2007,Right door
0.6008783783783783,0.8576708868050996,-4.236000000000001,4.7860000000000005,9.022000000000002,1.0472125742539935,7.321824324324325,1.7019529827890494,2.354,15.062999999999999,12.709,7.517031022411168,-6.735608108108107,1.993977895168536,-17.534000000000002,-0.275,17.259000000000004,7.02455439386958,0,,,,,,,,,,,,,,,,,,,148,3d7c76a2-e0b8-4a27-b2d1-3b6fc34b9475,f0c51d49-faf5-4985-a8ad-1f9e22ff8c5a,Pothole,6.5,,18.541216216216217,Kia RIO 2018,Left door top
9.858278481012656,1.879047607111139,4.9030000000000005,15.102,10.199,10.035759787828093,0.2113227848101266,0.8493647609100516,-2.079,2.55,4.629,0.8752587140130033,-1.9699936708860761,0.9921188710987822,-4.433,0.275,4.708,2.2057141514080016,0,,,,,,,,,,,,,,,,,,,158,3daa4d21-9a4a-4099-8f56-53c93ad3a9e8,05c1e7b0-66f0-431c-8b08-45d0d2d686a3,Speed_bump,,good,14.417088607594938,VW Pointer 2004,Left door
-2.7340727272727277,1.074655612566107,-6.251,0.369,6.62,2.9376926938732653,0.30757727272727275,0.42592720081319296,-0.953,1.7409999999999999,2.694,0.5253739231165828,9.286077272727272,0.8430382383389574,4.975,13.638,8.663,9.324266436903422,1,-0.004209090909090909,0.029417711255928628,-0.209,0.11599999999999999,0.32499999999999996,0.02971730441709311,-0.011240909090909093,0.06860440722054702,-0.259,0.247,0.506,0.06951922559459885,0.015672727272727272,0.03944791942685239,-0.18,0.131,0.311,0.04244729352117432,220,3db0e5c4-67e0-42f8-8f10-e46ffddbd48d,512e48e5-c447-48b6-a3b6-f84da5324a66,Pothole,6.0,,0.0,Honda Accord 2007,Right door
3.9849186046511624,1.3433084912547537,0.667,9.375,8.708,4.205241252101012,0.5111279069767442,1.1032718338894358,-1.608,4.864,6.4719999999999995,1.2159196012665419,9.321558139534885,1.3723402995549556,5.452000000000001,15.690999999999999,10.238999999999997,9.422036088155874,0,,,,,,,,,,,,,,,,,,,172,3dbdb6b4-a779-478a-9b4e-55dc31d0766c,1ecf0f3f-01cf-49fd-a89b-3c6cabf16c65,Pothole,4.5,,11.082558139534884,VW Derby 2001,Console
4.709058064516129,1.421484722388303,-0.086,9.378,9.464,4.918927390292292,-0.20798064516129025,1.0086860534696116,-4.0489999999999995,2.3819999999999997,6.430999999999999,1.029904608799187,8.358503225806452,1.1412069184134643,5.428,11.229000000000001,5.801000000000001,8.43604939568585,1,-0.007206451612903226,0.06617081480962918,-0.17,0.15,0.32,0.06656207386657477,-0.0018322580645161314,0.116085998119572,-0.479,0.24600000000000002,0.725,0.11610045705780946,-0.016451612903225808,0.053483333979171266,-0.158,0.18899999999999997,0.347,0.05595643466702611,155,3dbe5c37-88df-4277-9a11-a9795cf522ef,eb489a47-b696-4fba-b6eb-7c21c2468129,Pothole,12.0,,0.0,VW Pointer 2004,Right door
-0.17292274678111585,0.5680395644861718,-1.334,2.354,3.688,0.5937770820568655,-7.9087982832618025,0.5312933022768714,-10.552,-6.315,4.236999999999999,7.9266236733157145,6.1163347639484975,0.8628138264376025,4.4719999999999995,9.924,5.452,6.176892312787785,0,,,,,,,,,,,,,,,,,,,233,3de65ac1-81cd-4a0f-a318-72e10db75e11,25d259df-54c2-4ff8-95a1-fddbef4bf3ec,Pothole,12.0,,12.6,Kia RIO 2018,Console seats
-1.5344636363636368,1.529855124913186,-14.2,0.51,14.709999999999999,2.1668030262452223,0.13621818181818185,1.3725249418619168,-2.667,11.062000000000001,13.729000000000001,1.379267961308066,10.114090909090907,1.8513037152992995,5.57,26.086,20.516,10.282128202061884,0,,,,,,,,,,,,,,,,,,,110,3e0e6713-31f0-48d0-b526-76186b7e9929,16cf2a6b-2501-43d1-809c-7164430cc82e,Metal_bumps,,good,12.6,Chevrolet Spark 2013,Console
0.13062135922330095,1.0567891755149326,-2.589,3.844,6.433,1.0648311138255087,0.1827621359223301,0.5797240025640097,-2.9810000000000003,2.55,5.531000000000001,0.6078502426385369,11.043970873786408,1.2402582330259118,6.119,15.808,9.689,11.113394312523562,0,,,,,,,,,,,,,,,,,,,206,3e125669-701c-46b7-8d93-056f2987e9fb,5794dfea-1dd6-4ee5-9198-242de74036d9,Pothole,6.0,,16.5266213592233,Chevrolet Cruze 2010,Dashboard
10.129260089686097,1.2468638198569053,6.551,14.161,7.609999999999999,10.205713074047093,1.5710134529147983,0.5751817063630538,0.157,3.06,2.903,1.6729964926962613,-0.45067264573991045,0.40880324684731945,-1.6480000000000001,0.8240000000000001,2.4720000000000004,0.6084619365672114,0,,,,,,,,,,,,,,,,,,,223,3f021e6b-2654-484b-8961-feb4f9c5bcad,8f2ff7d7-1058-46cb-9308-067ba3aa6f6e,Pothole,10.0,,12.797757847533633,VW Derby 2001,Console left
-0.0371791907514451,0.6091134723727055,-2.354,2.079,4.433,0.6102470929474938,-7.999710982658958,0.9571230662082179,-11.925,-6.315,5.61,8.056764882379415,5.955202312138727,0.49394407677115937,4.315,7.138999999999999,2.823999999999999,5.975651874856815,0,,,,,,,,,,,,,,,,,,,173,3f1c540e-c8fc-49f2-a644-3184b0050b6f,1759b48b-9b30-40b9-8855-2f8d97f02c3a,Pothole,12.0,,5.764161849710982,Kia RIO 2018,Console seats
-7.908938461538462,1.7722015111755824,-13.376,-2.432,10.943999999999999,8.10506050468566,1.484576923076923,0.6581751913771733,-0.588,2.9810000000000003,3.5690000000000004,1.6239344885422329,5.516492307692308,0.9994176784981715,2.471,8.748,6.276999999999999,5.606293167229402,0,,,,,,,,,,,,,,,,,,,130,3f2ed88f-514e-4bc0-bf32-2d298b7dadda,d30c7921-211d-4f5c-9bdf-c5285b16a5c9,Speed_bump,,bad,0.0,VW Pointer 2004,Dashboard
0.9375991189427313,0.7846177119029515,-1.412,3.805,5.2170000000000005,1.2225862185032224,-2.457986784140969,0.5918122952228037,-5.412999999999999,-0.47100000000000003,4.941999999999999,2.528228791820184,10.410259911894272,1.1247434982479754,5.099,14.2,9.100999999999999,10.470843297941386,0,,,,,,,,,,,,,,,,,,,227,3f4313ce-de2f-4ed1-9550-7cdcb41981cf,1a8a5991-1b47-44fd-a0e3-6ca151853b9c,Manhole_cover,,good,8.302202643171805,Chevrolet Express van 2013,Console
9.466818965517241,3.020752011871633,-0.235,20.006,20.241,9.9370822701185,2.587310344827587,2.899567849530498,-4.04,18.201,22.241,3.8860865320374383,3.5940172413793103,2.4643588939769763,-2.197,16.75,18.947,4.357754546742528,0,,,,,,,,,,,,,,,,,,,116,3f4a0f1a-8d0a-4a43-9166-0b855eff5808,56ff9c4a-c249-4e45-b5fb-20593be8e162,Metal_bumps,,good,41.43103448275862,Chevrolet Spark 2013,Left door top
6.815873873873876,1.922927301672017,-6.865,12.513,19.378,7.081933780548365,1.2662342342342339,1.2190623110027219,-3.609,9.375,12.984,1.7576865630862786,7.202189189189189,1.912837859286344,1.4909999999999999,16.436,14.945,7.451877467644835,0,,,,,,,,,,,,,,,,,,,111,3f54498c-312f-45a8-948a-20bbb18e50c4,9bd80cdf-998e-461d-bd08-abd929d42522,Metal_bumps,,good,8.1,VW Derby 2001,Left door
4.93262676056338,1.5298180717076486,1.334,11.258,9.924,5.164411882445986,0.030964788732394367,0.740502326764248,-1.922,3.0989999999999998,5.021,0.7411494546206635,8.932908450704225,1.7336842756612474,4.668,14.475,9.806999999999999,9.099588702591895,0,,,,,,,,,,,,,,,,,,,142,3f558c66-ec4d-46c1-aeb1-de61dd9af8ce,371999f8-49a2-43f0-a6bc-148fcf269c7f,Pothole,5.5,,13.721830985915492,VW Derby 2001,Console
3.0577810218978105,0.34322397435805413,2.04,4.158,2.1180000000000003,3.0769835024667507,9.405523114355232,0.6304662132576182,6.59,12.395999999999999,5.805999999999999,9.42662997580418,2.6578807785888077,0.7284845169132712,1.177,4.4719999999999995,3.2949999999999995,2.755906370792413,0,,,,,,,,,,,,,,,,,,,411,3f9842b8-eedf-4db7-b018-f443500cfec7,66076158-69fc-4273-9510-61e8cf11b553,Pothole,5.0,,9.076642335766424,Peugeot Partner 2013,Left door
9.12188596491228,4.095942388315479,0.157,40.09,39.93300000000001,9.999277354152309,-1.2604561403508772,2.398925516568041,-16.867,2.511,19.378,2.7099065142158456,-5.731228070175439,3.89111005005875,-38.128,-2.275,35.853,6.927316407818767,0,,,,,,,,,,,,,,,,,,,114,3fd8817b-65c9-44c6-bc4b-1e51cdc34b6a,d862f5c8-89cb-47ed-810f-4d784db4cf03,Metal_bumps,,good,20.232,Chevrolet Spark 2013,Left door
-3.739198347107438,1.0777375952868995,-6.472,-0.706,5.766,3.891416529145368,-0.7443305785123966,0.5173877550396362,-2.628,1.02,3.648,0.9064866789829588,9.461057851239671,1.3023854229995295,6.355,17.064,10.709,9.550278710830668,0,,,,,,,,,,,,,,,,,,,121,401c28b8-7c76-4443-97e3-a99d4963211b,e9f479ad-a384-4f42-a3d6-e24ba492ce54,Pothole,7.0,,24.002479338842974,Chevrolet Spark 2013,Console
-5.517595744680851,1.846344308265049,-9.846,0.353,10.199,5.818320213462214,1.733198581560284,0.7670704908092401,-0.51,4.315,4.825,1.895356024865225,8.76482269503546,1.2207026129537732,6.08,11.454,5.3740000000000006,8.84941985356559,0,,,,,,,,,,,,,,,,,,,141,4030db73-c002-4355-b053-d2c5112350aa,170a9178-30e6-4a97-89b5-1f5cec7849ab,Speed_bump,,good,0.0,Kia RIO 2018,Copilot trousers
-5.9264081632653065,1.0187076630665464,-8.708,-2.903,5.805,6.013325121794777,2.7990816326530616,0.6852067120468603,1.0590000000000002,4.55,3.4909999999999997,2.881729727870016,8.20318367346939,0.9308957760436414,5.452000000000001,10.199,4.746999999999999,8.255833654242956,0,,,,,,,,,,,,,,,,,,,98,40709782-5974-4e6b-b90a-9bb49dfeb9b1,c16e3a65-c420-49c6-ab3f-6cbbd6d5c4dc,Pothole,6.5,,0.0,Kia RIO 2018,Copilot trousers
3.567285714285714,0.7581286796038883,1.883,7.806,5.923,3.6469557801246877,-0.005588235294117643,0.5523577030607062,-1.412,2.001,3.413,0.5523859705895884,9.481966386554626,1.1024178921598515,6.629,14.357000000000001,7.7280000000000015,9.545837405105216,0,,,,,,,,,,,,,,,,,,,119,411e1260-a958-4d7e-ad88-6e79253dc594,297f7664-be6a-4827-9f44-ccad0d9ad717,Pothole,7.5,,15.3,VW Pointer 2004,Copilot trousers
-4.47499375,1.3847157988955487,-8.394,-1.922,6.472,4.684336335731029,3.6537187500000003,0.6958802444734564,2.04,4.864,2.824,3.7193964589365835,8.195625000000001,0.7224151226095701,5.845,10.081,4.236,8.227402551838582,0,,,,,,,,,,,,,,,,,,,160,41813085-9c35-4cd9-b137-f581e2f0be1b,3bf0a5a0-84ac-4ff2-a7f2-aa0327887ad7,Pothole,6.0,,12.6,Chevrolet Cruze 2010,Driver trousers
0.8590662251655629,0.838260487331265,-2.079,3.2560000000000002,5.335000000000001,1.2002813936077905,-0.21686754966887417,0.6309974304950433,-3.3339999999999996,1.412,4.7459999999999996,0.6672250680173284,10.156602649006622,1.5387452834729343,4.197,16.357,12.16,10.272502831210053,0,,,,,,,,,,,,,,,,,,,151,41cb0e76-bd4b-4f30-bac7-952d37098437,b2ea9aa9-0023-4ec1-8d8f-1780fe9ef70a,Pothole,7.0,,10.95496688741722,Peugeot Partner 2013,Glove compartment
6.027512048192771,1.1167711403753782,2.61,10.532,7.922000000000001,6.130096187751407,-1.169168674698795,0.7876990330891418,-5.409,0.529,5.938,1.4097606735281367,7.231102409638555,1.1228385964192056,4.338,10.204,5.8660000000000005,7.317759805588673,1,0.0040662650602409645,0.02872451946648273,-0.068,0.075,0.14300000000000002,0.029010903641915088,0.0006566265060240957,0.08612618326642152,-0.2,0.228,0.42800000000000005,0.08612868629213868,0.00790963855421687,0.03145293333748074,-0.078,0.11900000000000001,0.197,0.03243222776175515,166,41ff92f3-81e9-4586-859c-32803b20122e,b56dc9cb-baf7-4097-bada-9b7c53154222,Pothole,8.5,,0.0,Chevrolet Cruze 2010,Right door
-1.0512261306532664,1.9194911108792156,-16.867,1.6480000000000001,18.515,2.1884977730197863,-0.9069396984924621,0.7385468867319236,-2.55,3.4130000000000003,5.963,1.1696115255087969,9.910321608040203,0.873834780265374,6.865,12.435,5.57,9.948771863802586,0,,,,,,,,,,,,,,,,,,,199,420d1f06-b57f-4cae-a807-07c865bb22f5,0f34b34c-bc69-42c5-9068-80f3304ffcb9,Pothole,7.0,,16.24974874371859,Honda Accord 2007,Console
-7.767109677419355,0.940035439055646,-9.493,-3.923,5.57,7.823788044658542,1.7557935483870966,0.6896376860518085,0.5489999999999999,3.844,3.295,1.8863751277465055,5.76198064516129,0.7601989083592211,4.04,8.63,4.590000000000001,5.811912192685284,0,,,,,,,,,,,,,,,,,,,155,421123eb-0a8c-4c83-9600-ad6b4df26a1a,fe07ba30-6a0a-45e5-b77e-f01bf9da847a,Pothole,8.0,,0.0,VW Pointer 2004,Dashboard
-0.6956997635933806,0.5809635488416518,-3.452,1.02,4.4719999999999995,0.9063756429574727,6.905085106382978,0.3393941164477696,5.922999999999999,8.277000000000001,2.354000000000002,6.913420911001397,7.8846477541371165,0.48296459525801044,6.472,10.16,3.6879999999999997,7.899425612479188,0,,,,,,,,,,,,,,,,,,,423,421ac165-dea0-45f6-8931-de5b5e844a8c,bb13d56d-9395-405d-a6c1-48927c29d371,Pothole,6.5,,7.480851063829786,Peugeot Partner 2013,Console
1.3062244897959185,0.8193150183318962,-0.431,3.138,3.569,1.5419142378896447,-0.04454421768707484,0.972648591248865,-2.707,3.2560000000000002,5.963,0.9736680488686866,9.582829931972789,1.7536422830187322,1.804,15.102,13.298,9.741965446556703,0,,,,,,,,,,,,,,,,,,,147,422b7836-8c0a-45ec-b053-76fc2fde6e4c,5fa64f04-7264-4b6a-8689-7b6c098e16bb,Pothole,5.0,,11.004244897959184,Peugeot Partner 2013,Glove compartment
4.332928571428572,3.399312133799013,2.314,41.541000000000004,39.227000000000004,5.507230972829744,0.15082738095238096,0.8745646399714424,-1.922,2.9419999999999997,4.864,0.8874751874465749,9.171791666666667,1.0025717517023447,6.08,11.807,5.727,9.226424686412804,0,,,,,,,,,,,,,,,,,,,168,42a9e919-e13c-4caf-afd1-24ee3bb1974b,04a9ea4d-bded-4397-b793-2e3be7d52321,Pothole,12.0,,9.96857142857143,VW Pointer 2004,Copilot trousers
-7.645528985507247,1.1193450607841486,-10.199,-3.609,6.59,7.727033507972728,1.158855072463768,0.5631566383217589,-0.275,2.471,2.746,1.2884449845689452,6.0914782608695655,1.2305910457951408,1.844,8.943999999999999,7.099999999999999,6.21453632418684,0,,,,,,,,,,,,,,,,,,,138,4351abff-efde-4ccb-bee4-42a83e33fb9f,ae68c85e-773d-4017-aca4-bfae02a17782,Speed_bump,,bad,0.0,VW Pointer 2004,Dashboard
2.0325774193548387,0.6651940479481144,0.078,4.7860000000000005,4.708,2.1386570756193652,0.15878064516129034,0.6115406643400906,-2.275,1.6480000000000001,3.923,0.6318174399455548,9.934106451612903,0.5808621109126162,7.845,11.925,4.080000000000001,9.951073901035555,0,,,,,,,,,,,,,,,,,,,310,437a24be-451f-43ea-ab2f-c26b2bc51d02,18d13566-78cb-4882-bceb-f398e51ebb6b,Pothole,12.0,,11.726709677419356,Kia RIO 2018,Console
-4.471607052896726,1.9719088992784457,-12.003,3.727,15.73,4.887094672969746,-0.22777078085642322,0.5372073560817625,-2.707,1.255,3.9619999999999997,0.5834991619876607,-8.398025188916877,1.735916592898846,-14.985,-0.078,14.907,8.575560243574987,0,,,,,,,,,,,,,,,,,,,397,4384cebb-2023-442e-af57-e26d7823d2be,e662fbc8-0ccd-46b9-98cb-ada0c52d2c76,Pothole,16.0,,7.195465994962217,Chevrolet Express van 2013,Left door
-0.3457045454545455,0.3010953623888387,-1.0590000000000002,0.353,1.4120000000000001,0.4584430717111995,-8.036086363636363,0.7460464504155797,-9.807,-5.962000000000001,3.8449999999999998,8.070642437253678,5.91820909090909,0.6442311357587366,4.236000000000001,7.492000000000001,3.2560000000000002,5.953169962297398,0,,,,,,,,,,,,,,,,,,,220,43855d52-a1eb-454d-be79-67410b321bea,f65fe7c5-45ec-43ce-9157-dfa12b3141b7,Metal_bumps,,bad,11.982600000000003,Chevrolet Express van 2013,Console
-0.10113145539906106,0.30839941420489014,-1.255,0.981,2.2359999999999998,0.3245578067972663,-8.07956338028169,1.1090907293738148,-11.729000000000001,-4.276,7.453000000000001,8.155331180397999,5.9959107981220665,0.8141953062612561,3.373,8.63,5.257000000000001,6.050938794581767,0,,,,,,,,,,,,,,,,,,,213,438575b7-1a9e-4e32-bf80-cba5e28ce3a2,c47e2571-3fe5-42af-8daf-43391c1f2a6b,Speed_bump,,good,22.269126760563378,Chevrolet Express van 2013,Console
-2.2403522012578616,0.9111784072237183,-9.532,-0.314,9.218,2.4185582638158003,0.3310440251572327,0.6432046960965486,-2.197,2.079,4.276,0.7233964526267432,9.906075471698113,1.0478885541778657,7.296,16.160999999999998,8.864999999999998,9.961345374644731,0,,,,,,,,,,,,,,,,,,,159,43d56032-98d1-406f-be55-4d73e53379ef,ad7ec196-a600-4086-8f00-865fa5a6dabd,Pothole,8.0,,13.437735849056605,Chevrolet Spark 2013,Console
8.36766923076923,1.2222008860970164,4.4719999999999995,15.024000000000001,10.552000000000001,8.456456903546453,0.35092307692307684,0.8680115792863294,-1.53,2.589,4.119,0.9362644432489722,-5.37856923076923,0.8644071595693739,-9.611,-3.4130000000000003,6.198,5.447587237272324,0,,,,,,,,,,,,,,,,,,,130,43de79d4-e2cb-4810-812c-9af5528e8799,af6bbb39-4b3a-4500-b4c7-ebd7b65329eb,Pothole,6.0,,20.232,Chevrolet Spark 2013,Left door
-1.1399555555555556,1.6554881203268144,-9.375,5.138999999999999,14.514,2.010009847036871,-0.3099925925925926,1.1753508254594,-6.355,3.923,10.278,1.2155430763121355,11.266214814814816,3.0325896460388444,3.491,20.006,16.515,11.667227443348091,0,,,,,,,,,,,,,,,,,,,135,442a5e9a-be9a-43ca-b198-215984509982,4e40cb43-263f-46ab-a1ee-5b9c91df39f8,Pothole,5.0,,11.06,Peugeot Partner 2013,Console
-6.032638655462185,1.0935534724745826,-10.317,-2.707,7.61,6.130953298186002,1.8429831932773109,0.8787515301940444,-0.706,5.962000000000001,6.668000000000001,2.0417618133663407,8.363857142857144,1.4094105823626666,4.59,15.573,10.983,8.481777201494879,0,,,,,,,,,,,,,,,,,,,238,4444463e-70dc-40bf-8cca-a265ff7133fc,66229e42-8162-44aa-be6f-f5c3317ff21f,Pothole,9.0,,0.0,Kia RIO 2018,Copilot trousers
0.3704892086330935,0.8183416584944403,-2.589,2.2359999999999998,4.824999999999999,0.898301354636075,-0.5686187050359713,0.8630587431817697,-2.628,1.4509999999999998,4.079,1.0335364656843418,10.65836690647482,1.868538717105451,4.393,14.788,10.395,10.820915952467228,0,,,,,,,,,,,,,,,,,,,139,448aa7a7-385f-4ea5-a3fc-a0dc53ce7617,3bb0381c-506c-40b3-b83f-8574f3a4b1f4,Speed_bump,,bad,18.479136690647483,Chevrolet Cruze 2010,Dashboard
-5.756992125984251,0.8198451697120649,-8.355,-3.9619999999999997,4.393000000000001,5.8150756178183,2.277645669291339,0.7960989782126128,0.196,3.9619999999999997,3.7659999999999996,2.4127667475230083,8.406503937007876,1.1472104741640674,6.551,13.023,6.4719999999999995,8.484421035931717,0,,,,,,,,,,,,,,,,,,,127,44a5a516-5880-4346-b36b-31f385898676,aaf9a053-4ef4-426f-89ff-0a7236c340ac,Pothole,5.5,,0.0,Kia RIO 2018,Copilot trousers
-7.883404624277458,1.346622346388788,-12.082,-4.197,7.885000000000001,7.9975909006320665,1.7722254335260117,0.6230199349564473,0.039,3.57,3.5309999999999997,1.878546466444095,5.529132947976878,1.507754334304449,2.275,11.964,9.689,5.731023842998503,0,,,,,,,,,,,,,,,,,,,173,44a5f4cd-f946-491b-881e-ee95b7d83d42,04a9ea4d-bded-4397-b793-2e3be7d52321,Pothole,12.0,,0.0,VW Pointer 2004,Dashboard
4.041642384105961,0.7175061514780801,2.511,6.119,3.6079999999999997,4.104837175627139,0.3995430463576159,0.64558971178418,-0.981,2.3930000000000002,3.374,0.7592237627039242,9.278291390728477,0.8874351209521688,6.707999999999999,11.493,4.785000000000001,9.320634754412682,0,,,,,,,,,,,,,,,,,,,151,44cb832f-52a0-47bf-8472-5f7b34a5ae41,004c8c25-24a5-4b22-bdc2-cc142359e346,Pothole,8.0,,10.943999999999997,VW Pointer 2004,Copilot trousers
-0.2707032967032967,0.3806562723526823,-1.177,0.902,2.079,0.4670968556171969,-2.4622417582417584,1.081845252494164,-5.256,0.353,5.609,2.6894281225520094,9.385527472527473,1.8233841700702689,4.04,12.709000000000001,8.669,9.561007047860114,0,,,,,,,,,,,,,,,,,,,91,44db8ce6-c931-48f8-ae15-f7bdbdfccace,f428be73-5f11-4379-bcc6-83e2a56ec17d,Metal_bumps,,bad,17.1,Peugeot Partner 2013,Console
10.437214953271027,3.5510542492192227,-6.669,20.006,26.675,11.02476495267279,-0.8798317757009346,1.8958446665636846,-10.003,5.806,15.809000000000001,2.090055251248404,1.3619532710280373,3.0939863298068,-11.964,11.729000000000001,23.693,3.3804834153557572,0,,,,,,,,,,,,,,,,,,,107,44fbab3b-2123-4667-be68-01367b3723bf,321e06a2-9664-4a93-9149-9d701cfb1b45,Metal_bumps,,good,18.6392523364486,VW Pointer 2004,Left door
7.326686868686869,1.201244217312012,2.354,11.454,9.100000000000001,7.42450861279143,1.2394343434343433,0.569157789302368,-0.157,2.9419999999999997,3.0989999999999998,1.36386879163946,-6.551252525252527,1.5771735321049523,-13.925,1.4909999999999999,15.416,6.738426077356641,0,,,,,,,,,,,,,,,,,,,99,45390a23-f11b-4a2a-8af0-4dfce58a9922,bbe4c449-d896-462b-946e-991c22d19a96,Metal_bumps,,good,7.2,VW Derby 2001,Console left
-7.45106976744186,0.6606741234966642,-9.375,-5.922999999999999,3.452000000000001,7.480302866645454,0.01731007751937982,0.9412357356440958,-1.844,2.157,4.001,0.9413948952682978,7.435434108527132,0.934815571455171,5.256,9.336,4.08,7.493968276879995,0,,,,,,,,,,,,,,,,,,,258,45407df6-aab0-4b9f-bc74-785dceb4f00f,41ad1e6c-2fb6-4edb-bc4d-4e5ae27a21b8,Speed_bump,,good,0.0,VW Derby 2001,Copilot trousers
-6.360797297297297,1.5278817873804609,-10.317,-1.726,8.591000000000001,6.541724926463471,3.4726621621621616,0.899309333743116,0.667,5.256,4.589,3.5872189465197506,7.175263513513514,1.690832232961061,2.9810000000000003,11.807,8.826,7.371792192430439,0,,,,,,,,,,,,,,,,,,,148,455f9798-3e87-4f73-b0fc-d1262353fc2f,7e30328c-fb85-463c-8c20-e60f5a690a8c,Speed_bump,,good,0.0,VW Derby 2001,Copilot trousers
-6.2958355263157895,1.016038614605498,-9.571,-3.373,6.1979999999999995,6.377294053185056,-0.7726710526315789,1.0106481425844598,-2.903,2.2359999999999998,5.138999999999999,1.2721753902997064,8.337980263157895,1.0347302564232987,5.06,11.65,6.590000000000001,8.401939155478837,0,,,,,,,,,,,,,,,,,,,152,45d9a754-2b83-4307-8899-cdc9cf9aa9d3,bd1ca00f-ceb2-4f0b-afb6-08c178c0ba7f,Pothole,6.0,,0.0,VW Derby 2001,Copilot trousers
-5.663885245901641,0.6551186689738389,-7.1,-2.7460000000000004,4.353999999999999,5.701646827819164,2.6193155737704914,0.6811775866186116,0.863,3.9619999999999997,3.0989999999999998,2.7064399087192377,7.920733606557378,0.7657210083581951,4.668,11.610999999999999,6.942999999999999,7.957659802271553,0,,,,,,,,,,,,,,,,,,,244,45f56a6a-0e63-4db8-b85a-42f2f6f02b65,8fcbcba2-9141-4e0d-acba-bdc99f4aa7a6,Metal_bumps,,bad,18.461065573770494,Honda Accord 2007,Copilot trousers
-0.0096271186440678,0.5199737248350309,-1.6480000000000001,1.6869999999999998,3.335,0.5200628384457049,-2.3864830508474575,1.095916509354357,-7.335,0.51,7.845,2.6260872695814252,9.928694915254237,2.6814490628044423,0.667,20.123,19.456,10.284413050661188,0,,,,,,,,,,,,,,,,,,,118,461aa0f1-86f7-47ca-988a-9a9e88b9a159,5b56e1e0-d15f-4dce-84ab-971784b6d646,Speed_bump,,good,11.417796610169493,Peugeot Partner 2013,Console
4.4726548672566375,2.0550801839099413,-2.3609999999999998,11.967,14.328,4.922194238740869,-0.49824778761061955,1.3592120930239469,-6.398,5.257999999999999,11.655999999999999,1.4476561648683763,7.945601769911505,2.2595763701159224,-2.164,13.671,15.834999999999999,8.260646031540578,1,0.003690265486725666,0.09011753187508495,-0.429,0.46399999999999997,0.893,0.09019305744135449,-0.01786725663716814,0.261759009089232,-1.327,1.57,2.8970000000000002,0.26236809581028525,0.007796460176991148,0.12109391946998163,-0.607,0.7240000000000001,1.331,0.12134464192494782,113,4652eb41-297f-4635-b209-258b5b5293f9,43e13e90-3539-4632-b069-13391b01ed46,Metal_bumps,,good,0.0,VW Pointer 2004,Right door
5.8305106382978735,1.3318696804235417,2.275,10.905,8.629999999999999,5.980696543792885,-0.5583510638297872,0.5777047892848891,-2.354,1.53,3.8840000000000003,0.8034293584644222,8.40781914893617,1.250397281231015,4.08,12.120999999999999,8.040999999999999,8.500289183441213,0,,,,,,,,,,,,,,,,,,,94,46736b3d-ce7f-47a7-bffb-633346f2deea,c16e3a65-c420-49c6-ab3f-6cbbd6d5c4dc,Pothole,6.5,,11.700000000000001,Kia RIO 2018,Left door
-0.6214578313253012,0.7377942590612444,-3.609,1.0979999999999999,4.707,0.9646503018292573,-0.7686746987951807,0.8205687215031089,-3.923,0.667,4.59,1.12436373975556,10.168433734939759,0.9528051380797181,6.669,14.749,8.080000000000002,10.212976170197013,0,,,,,,,,,,,,,,,,,,,166,4688a04d-ae19-4fd7-98fb-c64a7314f9f1,836e0ed8-d4e5-4d70-9655-ce0cef1c3be3,Pothole,5.0,,15.3,Honda Accord 2007,Console
-7.176212765957446,1.0935542728362633,-9.414,-2.667,6.747,7.259055765726633,2.932780141843972,0.6172231465647565,1.0590000000000002,5.335,4.276,2.9970258212183705,6.657985815602837,1.1644448650625046,4.197,10.866,6.669,6.759046305843674,0,,,,,,,,,,,,,,,,,,,141,46b0a099-900c-4575-9726-df73bb2eab7e,4848efd1-16c6-4051-bb0f-e24220fd6cf4,Pothole,6.5,,0.0,VW Derby 2001,Copilot trousers
5.849626373626374,1.3597968226411148,1.2309999999999999,12.395,11.164,6.005595400115638,-1.0645384615384617,0.9796792736860064,-5.325,0.601,5.926,1.4467251347041066,7.3948901098901105,1.4416704440484462,2.378,12.890999999999998,10.512999999999998,7.5341099943253695,1,-0.01753846153846154,0.05557319847590138,-0.105,0.17600000000000002,0.281,0.05827502056608837,-0.0012802197802197783,0.1387356706548089,-0.395,0.528,0.923,0.1387415773109318,-0.03701648351648352,0.04957627880954134,-0.134,0.105,0.239,0.061871055207806766,182,46c6bd56-b286-4c26-af91-57f23f20faa0,50241cd5-821b-44ac-b767-04d04e3c8c13,Pothole,9.0,,0.0,Chevrolet Cruze 2010,Right door
9.117526627218936,2.8442214002344026,-0.078,20.006,20.084,9.550857928563152,2.604739644970414,2.2929064583819843,-1.726,18.319000000000003,20.045,3.4701712702646845,3.087757396449705,1.9748889550884878,-4.746,12.984000000000002,17.730000000000004,3.6653010959892987,0,,,,,,,,,,,,,,,,,,,169,46cd86c5-a4ec-420a-a826-a80f061b0c4e,d4dcf998-41d0-4383-9a5a-3d0f1a0212b3,Pothole,11.0,,6.880473372781065,Chevrolet Spark 2013,Left door top
-7.653867132867134,0.5756169598302564,-9.454,-5.492000000000001,3.9619999999999997,7.675481546588981,2.5933846153846156,0.3623475695543093,1.6869999999999998,3.609,1.9220000000000002,2.6185758580716207,5.54820979020979,0.867909205824262,3.53,8.158999999999999,4.629,5.615683241221344,0,,,,,,,,,,,,,,,,,,,143,46d4d88f-5e37-4815-b7c4-84e61f325333,f4017275-a11f-4e1f-a79c-922bf778f745,Pothole,7.5,,0.0,VW Pointer 2004,Dashboard
0.9654320987654321,0.9596645689487525,-1.0979999999999999,3.844,4.942,1.3612550173359224,-0.26587037037037037,0.5283723684480188,-1.608,1.3730000000000002,2.9810000000000003,0.5914933757703859,9.751993827160495,1.4250374112347668,6.1979999999999995,14.004000000000001,7.806000000000002,9.855562654074857,0,,,,,,,,,,,,,,,,,,,162,46d73b36-f157-4d9a-8fc9-0fa92ff6905e,920f0503-2423-4c8d-8ef6-dc57fc9652db,Pothole,8.0,,14.244444444444444,Peugeot Partner 2013,Glove compartment
-0.5289925373134328,0.37339969973903814,-1.569,0.353,1.922,0.6475032357436582,6.6995746268656715,0.9196845531303937,3.9619999999999997,8.551,4.589,6.762404887183919,7.270388059701492,1.416598426916044,4.08,10.944,6.864000000000001,7.407111018594972,0,,,,,,,,,,,,,,,,,,,134,470b7b06-f217-45c8-ae4a-abb3b3bd5a87,f6cf7517-8f8e-4465-b6c7-0dde6013e931,Speed_bump,,good,0.0,Chevrolet Cruze 2010,Console
-7.291822222222222,0.9979749040611204,-10.081,-3.9619999999999997,6.119,7.35979790684701,2.0235259259259264,0.5950955706579703,0.51,3.0989999999999998,2.5889999999999995,2.1092168952270205,6.255044444444445,0.6642035483044687,4.315,8.238,3.922999999999999,6.290210438097882,0,,,,,,,,,,,,,,,,,,,135,47136ca0-9d43-4477-ba51-1227dd65835c,afb70c4c-724c-4d72-a36d-9826567056f3,Pothole,4.5,,0.0,VW Pointer 2004,Dashboard
8.239757763975156,2.4442544158487762,0.628,20.986,20.358,8.594648780397318,0.31210559006211175,0.8196969565955341,-0.863,5.099,5.962,0.8771048968053935,-5.770937888198758,3.373277834714981,-28.635,3.923,32.558,6.684514003248653,0,,,,,,,,,,,,,,,,,,,161,47866dc4-4b49-45d3-aa36-14ea2c3c476f,d4dcf998-41d0-4383-9a5a-3d0f1a0212b3,Pothole,11.0,,9.9,Chevrolet Spark 2013,Left door
4.543610169491525,1.0397358288502356,2.354,7.532,5.178,4.661056099866392,0.26826271186440687,0.8102764795767909,-1.6480000000000001,2.628,4.276,0.8535296456082843,9.084618644067795,1.1746264456290105,5.296,12.199000000000002,6.903000000000001,9.160242529262819,0,,,,,,,,,,,,,,,,,,,118,47feac15-5ca0-4f78-8263-dcce44b03647,e86fcec3-90aa-4274-b069-ce489ea23be9,Pothole,4.5,,14.316101694915256,VW Derby 2001,Console
0.4519825783972125,0.6969074366845599,-2.354,4.354,6.708,0.8306432606605775,-8.41648432055749,0.7387735992432486,-12.043,-5.021,7.021999999999999,8.448845764311768,5.9976898954703834,0.9679148488923293,3.06,10.356,7.295999999999999,6.075289559925007,0,,,,,,,,,,,,,,,,,,,287,4803d00e-877d-4c97-9c59-1c53c186602e,93a8f4aa-76d8-48e2-a62d-f235d4b88aaf,Pothole,6.0,,14.403135888501742,Honda Accord 2007,Console seats
-2.88043661971831,0.587556727435548,-5.178,-1.608,3.57,2.9397513548205083,2.746422535211268,0.582207011777243,0.981,5.06,4.079,2.8074546739847595,9.92104929577465,1.068989191683491,7.022,13.612,6.59,9.978474684095097,0,,,,,,,,,,,,,,,,,,,142,480fb95c-8996-4dca-8a37-ee1716f36036,5d0e8e08-49af-47c4-b5db-bef4c93776c9,Speed_bump,,good,0.0,Kia RIO 2018,Copilot trousers
6.1288780487804875,0.7392263983751725,2.903,8.081,5.177999999999999,6.173297482292429,1.4357560975609756,1.5053170119165127,-1.726,3.9619999999999997,5.688,2.080234332484872,8.168349593495934,0.8780580659701737,4.707,10.552,5.845,8.215407540029922,0,,,,,,,,,,,,,,,,,,,123,485b4179-2a55-46aa-af89-afc828c13c1a,fc96303d-89e2-4081-98ac-0ed3671eab37,Metal_bumps,,good,11.700000000000001,Kia RIO 2018,Left door
0.40071337579617833,0.15588648154648851,-0.235,1.216,1.451,0.4299672134836713,-0.06936093418259023,0.3211634325478561,-0.902,2.079,2.9810000000000003,0.3285679375663471,10.1487940552017,0.8476699712105225,6.7860000000000005,15.298,8.512,10.184133009490273,0,,,,,,,,,,,,,,,,,,,471,48a84a5e-2b3f-4c13-b077-a490ffd70388,961f388e-a61f-4873-80a6-82c99c524970,Ditch,6.0,,13.13457324840764,Chevrolet Express van 2013,Console
-7.181413533834586,2.498234294134212,-13.415,-0.745,12.67,7.603543577328325,2.738804511278196,0.7557645479974062,0.706,5.649,4.943,2.8411670494723675,5.96003007518797,1.1648311306817216,3.452,10.474,7.022,6.072790961341447,0,,,,,,,,,,,,,,,,,,,133,48c10515-78e6-4f1c-bd65-e1d2112c14fa,9551d4fb-1551-4b44-ac58-24b6d7acfd31,Speed_bump,,good,0.0,VW Pointer 2004,Dashboard
8.444664285714287,0.7322503534673516,6.159,10.199,4.04,8.47635213276156,1.5690428571428572,0.6898897517660606,-0.588,4.315,4.9030000000000005,1.714013814746794,5.8263,0.6720305339576681,4.236000000000001,8.198,3.9619999999999997,5.864929388199949,0,,,,,,,,,,,,,,,,,,,140,48cd154c-b9ff-484c-b350-ab738da3d530,b76a43b3-c6f9-488c-8031-b3a99ec1a621,Pothole,7.0,,15.912000000000006,Chevrolet Spark 2013,Console
6.664041237113401,1.248434879272458,2.824,11.062000000000001,8.238000000000001,6.779973101549294,0.15285567010309276,0.5630239596756792,-0.941,2.707,3.6479999999999997,0.5834045209385563,7.514175257731959,1.3505750055340824,3.138,11.415,8.277,7.634584641582313,0,,,,,,,,,,,,,,,,,,,97,490c5cc6-5617-43d5-9e0b-a8e436dc9e3e,0c93afc7-4c3b-495d-b121-5aa3a4c9554a,Speed_bump,,good,5.4,VW Derby 2001,Left door
3.636223684210526,0.6078600210809492,1.6480000000000001,5.452000000000001,3.8040000000000007,3.686680958103387,0.11331578947368419,0.5233854172728262,-1.216,1.883,3.099,0.535511683493362,9.300052631578946,0.979108447769232,6.551,11.18,4.629,9.35145081271519,0,,,,,,,,,,,,,,,,,,,152,493a5b26-b8a6-437f-bd28-90bc15e4e08b,f4017275-a11f-4e1f-a79c-922bf778f745,Pothole,7.5,,13.080789473684211,VW Pointer 2004,Copilot trousers
-0.37567171717171716,1.0325198255773023,-4.315,2.7460000000000004,7.061000000000001,1.0987385627586435,-6.083136363636363,1.4019705708055923,-8.472999999999999,-1.726,6.746999999999999,6.242601180597717,8.191818181818181,1.1063211934622623,5.2170000000000005,13.023,7.805999999999999,8.266186043579632,0,,,,,,,,,,,,,,,,,,,198,49d9f448-1783-4885-91f9-856e85109ded,c0d44874-0877-47eb-8577-b2f6cb147513,Speed_bump,,good,13.745454545454546,Honda Accord 2007,Console
8.677353741496598,1.0168855533482861,6.08,12.474,6.394,8.736734182958383,0.13103401360544215,1.2050632038916826,-4.08,4.707,8.786999999999999,1.2121663409347903,5.899190476190476,1.0749453543037566,3.9619999999999997,10.16,6.198,5.996328525782727,0,,,,,,,,,,,,,,,,,,,147,4a0228fa-98ad-4311-aea8-a36de96e59a2,cdc75e64-c77f-4aec-a30b-877b86524a4a,Pothole,11.0,,11.078448979591837,Chevrolet Spark 2013,Console
10.245008695652173,1.3565401995399413,5.452000000000001,14.867,9.415,10.334428116105725,1.7191652173913043,0.5640793334650225,0.353,3.02,2.667,1.8093409129101226,-0.7763391304347824,0.7991845288026442,-2.314,0.981,3.295,1.1141805762629948,0,,,,,,,,,,,,,,,,,,,115,4a5357fc-f337-4f68-a4bc-95b1c472949a,dc974f5e-4b2a-4c35-a064-727244ba7cab,Pothole,6.0,,8.1,VW Derby 2001,Console left
6.5179558823529415,0.9637683992876079,2.903,10.944,8.041,6.588823750242884,1.537889705882353,1.13602288497554,-2.432,5.649,8.081,1.9119761354805294,7.918279411764706,1.635167376264477,3.2560000000000002,16.711,13.454999999999998,8.085352261415485,0,,,,,,,,,,,,,,,,,,,136,4a68ab86-a6ff-4fe5-921a-2bf77805ac50,05f9cb1b-ef7e-454b-9921-c9a5df6fbb3b,Metal_bumps,,good,8.1,VW Derby 2001,Left door
-6.881093023255814,1.7173433622618433,-15.259,-3.06,12.199,7.092158304677403,0.23077519379844957,0.7121465340056639,-1.4909999999999999,2.667,4.1579999999999995,0.7486052871633971,-7.725217054263566,1.9118860202527332,-15.181,-2.7460000000000004,12.434999999999999,7.958284154886811,0,,,,,,,,,,,,,,,,,,,129,4a863053-45ab-4a7d-9613-d907ec1fd7b1,2639fcf7-5a25-47d9-be8b-622f4196b9b7,Pothole,5.0,,11.700000000000001,Chevrolet Cruze 2010,Left door
4.00505,1.3508710910530497,2.04,15.140999999999998,13.100999999999999,4.226733751626999,0.4320428571428571,0.8873373643453009,-1.294,3.883,5.177,0.9869288872920018,9.622264285714284,1.2389597399818602,6.825,14.945,8.120000000000001,9.70170042937982,0,,,,,,,,,,,,,,,,,,,140,4aa59d22-9edc-4776-bd87-8d3403649d1e,a89db916-dafa-4dce-a766-54abb2259a1b,Pothole,12.0,,8.055771428571429,VW Pointer 2004,Copilot trousers
0.5589657894736841,2.3803366107356725,-3.373,34.99,38.363,2.4450859155069637,0.20817894736842107,0.7412019645065477,-5.531000000000001,2.314,7.845000000000001,0.7698823457618635,10.127202631578948,1.9813342802245852,2.511,17.064,14.553,10.319201455105556,0,,,,,,,,,,,,,,,,,,,380,4aa780e9-9e4e-44be-8715-42974f5f67f8,fcc97819-07be-4573-915c-a2bd280260f5,Pothole,16.0,,9.170336842105264,Chevrolet Express van 2013,Console
-5.4037058823529405,0.9407660686099125,-8.12,-2.04,6.079999999999999,5.484986605163548,1.8598067226890762,0.7916642641812855,-1.0979999999999999,4.04,5.138,2.021290021976356,8.93373949579832,1.0504740063513776,5.021,12.67,7.649,8.995287489391693,0,,,,,,,,,,,,,,,,,,,119,4b6db679-6ed2-457e-9726-9acd6214260b,b890f1c4-65a2-4be8-89a5-861f138e2de6,Metal_bumps,,good,0.0,Kia RIO 2018,Copilot trousers
-4.527280163599182,1.572432375622267,-10.12,-0.235,9.885,4.7925785601932205,-0.3429079754601227,0.4181022293041152,-1.569,2.628,4.197,0.5407359372033923,-8.41016973415133,1.1507302250940137,-13.729000000000001,-2.707,11.022000000000002,8.488529614025031,0,,,,,,,,,,,,,,,,,,,489,4b735665-2d36-468e-9c37-82a91b2075e4,1256b495-10d4-477d-ad8d-8826a9b584c9,Pothole,16.0,,7.277300613496933,Chevrolet Express van 2013,Left door
4.266109243697478,1.2520073615773855,0.941,8.787,7.846000000000001,4.446033120952321,-0.028033613445378146,0.5445615911916932,-2.04,0.981,3.021,0.5452826882306404,9.29735294117647,1.4433695904348927,4.59,14.161,9.571,9.408724009524084,0,,,,,,,,,,,,,,,,,,,119,4ba215c3-06b6-4b75-b5b4-4e443aeb82d4,ba4538f6-177e-4613-9e7d-cade3572c354,Metal_bumps,,good,14.4,VW Pointer 2004,Copilot trousers
-4.817785407725322,0.5622456096973771,-8.041,-3.138,4.9030000000000005,4.850482075063779,0.06123605150214588,0.4212344928038978,-2.628,1.4909999999999999,4.119,0.4256622510058068,-8.381862660944204,0.9148896216290757,-12.120999999999999,-4.9430000000000005,7.177999999999998,8.431645431746718,0,,,,,,,,,,,,,,,,,,,233,4bc4a22b-6ff6-4aba-8626-11cc5b937d88,4b3e805f-f023-4d31-aced-c174b889284d,Ditch,6.0,,8.56351931330472,Chevrolet Express van 2013,Left door
-7.7656796875000005,1.3292496352124392,-12.199000000000002,-2.079,10.120000000000001,7.878622062363602,2.89753125,0.5963834879072671,1.3730000000000002,4.08,2.707,2.958269867570401,5.8965390625000005,1.3569629975055035,2.9419999999999997,10.944,8.002,6.0506628969219145,0,,,,,,,,,,,,,,,,,,,128,4be921d1-e8f6-4bdf-81d3-3e73ef05e2eb,33738b16-0e25-4a5b-b72e-9c0308b2ef02,Pothole,6.0,,0.0,Chevrolet Spark 2013,Copilot
-5.284854545454544,0.7941639724934716,-6.669,-3.648,3.0209999999999995,5.344191611630161,2.230236363636364,0.4289426731621653,0.8240000000000001,3.373,2.5490000000000004,2.2711111937871857,8.870209090909091,0.5808300814814252,7.257000000000001,10.395,3.137999999999999,8.889205414433846,0,,,,,,,,,,,,,,,,,,,110,4c2ac10a-10ce-4e14-b578-743169d6a7bc,d28bdf74-ee85-4390-9660-63327b296d13,Pothole,4.0,,0.0,Kia RIO 2018,Copilot trousers
8.333256097560975,1.7558200072412526,4.001,16.317999999999998,12.316999999999997,8.516223405087835,-0.12481097560975611,0.7212672162219832,-1.6480000000000001,3.177,4.825,0.731986459457597,-5.574195121951219,1.1555705901227724,-9.807,0.314,10.121,5.69271417219778,0,,,,,,,,,,,,,,,,,,,164,4c52c921-81d8-4c4f-bff5-512d421ef067,f1d079ef-259d-46b3-b993-5c71635fb0a1,Pothole,8.0,,8.1,Chevrolet Spark 2013,Left door
8.503653846153846,1.372208736335311,3.9619999999999997,11.023,7.061,8.613656920918203,1.181782051282051,0.7507962721284291,-0.745,4.236000000000001,4.981000000000001,1.4001085168565894,-5.514346153846153,1.4181957915797234,-9.375,-0.5489999999999999,8.826,5.693794236508052,0,,,,,,,,,,,,,,,,,,,78,4c815041-a6d2-4ea5-8f1e-aa54e4681f31,9d4b0e47-189e-4c3d-8db3-745cc72e6864,Metal_bumps,,bad,7.2,VW Derby 2001,Console left
9.752555555555556,2.063494038180482,4.864,15.690999999999999,10.826999999999998,9.968467661070276,0.5971111111111111,0.8126491622200415,-1.216,3.452,4.668,1.0084345987069667,-1.8218627450980391,0.9703339500528383,-4.511,0.863,5.3740000000000006,2.0641540244374466,0,,,,,,,,,,,,,,,,,,,153,4cf7aa6b-495c-42f0-bb75-29cb5f0e67c2,c1d7144a-64b5-4631-becc-8ee4975525f3,Speed_bump,,good,16.205882352941178,VW Pointer 2004,Left door
1.1485539568345324,1.1301851199524975,-5.178,5.06,10.238,1.6113642037485822,-0.024834532374100726,0.5497186147059946,-1.608,1.569,3.177,0.5502793012212235,10.01489928057554,1.780797635912465,4.746,19.064,14.318,10.171993306139356,0,,,,,,,,,,,,,,,,,,,139,4d0ccc27-733e-47d9-aed2-91c130810378,60cf72a5-7c3a-4197-8eb2-3bad38f7053a,Pothole,7.0,,18.23956834532374,Peugeot Partner 2013,Glove compartment
5.0361770833333335,1.7351170289228792,1.4509999999999998,11.807,10.356,5.3266979188564845,0.16756250000000003,0.4733651649911338,-0.902,2.354,3.2560000000000002,0.5021471605349704,9.346177083333332,2.8255081401212587,3.2560000000000002,24.124000000000002,20.868000000000002,9.763939897547335,0,,,,,,,,,,,,,,,,,,,96,4d39985c-6e46-413a-b3fc-815fe61b71b9,0c93afc7-4c3b-495d-b121-5aa3a4c9554a,Speed_bump,,good,29.7,VW Derby 2001,Console
4.431357723577235,0.894985861995626,2.9419999999999997,8.238,5.295999999999999,4.52083299486717,0.21368292682926832,0.8295755337106266,-1.569,2.824,4.393,0.8566539320808569,9.212162601626016,1.1497842312533078,6.041,13.219000000000001,7.178000000000001,9.283638488073292,0,,,,,,,,,,,,,,,,,,,123,4d3b52dc-9db2-471f-b4df-4b7d352d14d0,ecba91f1-e62b-4b78-acee-87b22af1031d,Pothole,10.0,,10.15609756097561,VW Derby 2001,Console
0.499234375,0.5569154514541318,-1.883,2.079,3.962,0.747923646671236,6.1837109375,0.4977867445054871,4.433,8.198,3.7650000000000006,6.203714419729724,7.78465625,0.6287083788100312,6.5120000000000005,10.709000000000001,4.197000000000001,7.810003018965485,0,,,,,,,,,,,,,,,,,,,128,4dab2ea9-9628-48bc-b32f-a99698f08de1,9614dec6-cc79-4978-be4f-a35e91307e01,Pothole,5.5,,0.0,Chevrolet Cruze 2010,Console
3.0274958333333335,0.5355951518164682,0.941,5.492000000000001,4.551000000000001,3.074506982834809,9.32645,0.6504579713555673,6.472,11.807,5.335,9.349105046741105,3.0003375,0.7773734025081405,1.4509999999999998,4.9430000000000005,3.492000000000001,3.0994087372970567,0,,,,,,,,,,,,,,,,,,,240,4dd7b7a5-82c5-46cf-ac90-c674b60b667d,90791568-e66d-4aad-add3-e928fa45f713,Pothole,5.0,,13.102500000000001,Peugeot Partner 2013,Left door
-7.48911875,0.7861686791957802,-9.611,-4.825,4.7860000000000005,7.530269639511589,2.06965625,0.5320951753078932,0.8240000000000001,3.766,2.942,2.136960989056656,5.949,0.8618400591176996,3.648,8.982999999999999,5.334999999999999,6.0111038326999475,0,,,,,,,,,,,,,,,,,,,160,4e38eb38-40a2-44bd-86cf-12384d8741b6,a881edcc-dfea-48ee-a681-ce081eb854ab,Pothole,7.5,,0.0,VW Pointer 2004,Dashboard
10.401653465346532,2.4791803038350464,2.589,28.4,25.811,10.693022481603563,0.9954356435643565,1.244424726258521,-8.081,2.864,10.945,1.5935761732035219,-0.9538514851485147,3.5693973487675588,-27.459,10.081,37.54,3.6946488451690387,0,,,,,,,,,,,,,,,,,,,101,4e662d4d-6b4f-490f-ba95-01fd4b682815,9bd80cdf-998e-461d-bd08-abd929d42522,Metal_bumps,,good,7.2,VW Derby 2001,Console left
0.460352422907489,0.4355661959339648,-0.588,2.354,2.942,0.633752526083471,0.16672687224669605,0.3315317478772879,-1.255,1.294,2.549,0.37109452943924637,10.170409691629958,0.8223320896286028,8.394,12.945,4.551,10.203600509684485,0,,,,,,,,,,,,,,,,,,,227,4e686c55-7ed0-404d-8ba8-c0d5fa87b2d9,1a8a5991-1b47-44fd-a0e3-6ca151853b9c,Manhole_cover,,good,10.61762114537445,Chevrolet Express van 2013,Console
8.16784126984127,1.6472288100268628,1.608,13.572000000000001,11.964,8.332286226595002,-0.18245238095238095,1.0599645666969537,-5.374,3.0989999999999998,8.472999999999999,1.0755527667056852,-5.080119047619048,1.7580340508428451,-10.474,3.648,14.122,5.3757132793616105,0,,,,,,,,,,,,,,,,,,,126,4eaf17dc-7c29-4c0f-b862-fb36b570b975,d9e3e4ce-6aaa-4acf-aced-5e4c2fcd4abe,Metal_bumps,,good,20.232,Chevrolet Spark 2013,Left door
-7.3689230769230765,1.223132800959771,-9.767000000000001,-4.001,5.766000000000001,7.469744384006268,2.6405726495726496,0.7510874659280211,0.902,4.511,3.609,2.745315336923119,6.579333333333333,1.5372678339061134,3.805,10.982999999999999,7.177999999999999,6.756539018186272,0,,,,,,,,,,,,,,,,,,,117,4ed30390-ff8b-4e49-a983-96fd6a8fd75f,ecba91f1-e62b-4b78-acee-87b22af1031d,Pothole,10.0,,0.0,VW Derby 2001,Copilot trousers
-2.1265307692307687,0.7456865209421402,-4.315,-0.235,4.08,2.253482083354558,-0.36343076923076917,0.5496566192208135,-2.707,2.1180000000000003,4.825,0.6589418207072025,10.79998076923077,0.6737545744210234,8.316,13.69,5.373999999999999,10.820976381191658,0,,,,,,,,,,,,,,,,,,,260,4ed33b7c-03d8-44bf-bf24-748d475e603b,9297cb19-7576-42e9-a7b4-9bdd30c73935,Pothole,5.0,,6.043846153846154,Peugeot Partner 2013,Console
0.27827860696517426,1.2862175608816913,-6.629,7.022,13.651,1.315976670391586,-2.204502487562189,1.135599003066204,-6.943,-0.157,6.786,2.479801668164782,9.938597014925373,1.2158094008908518,3.727,13.729000000000001,10.002,10.01268710808333,0,,,,,,,,,,,,,,,,,,,201,4f1dc1db-d8f2-4f37-9203-917dea5bbc62,c0d44874-0877-47eb-8577-b2f6cb147513,Speed_bump,,good,16.750746268656716,Honda Accord 2007,Console
3.2136,0.9928042220565612,0.981,5.452000000000001,4.471000000000001,3.3634632721843913,-0.39780833333333326,0.6361093629221489,-3.177,1.804,4.981,0.7502576835105833,9.683091666666666,0.5666372001529922,8.591000000000001,12.003,3.411999999999999,9.699656795045208,0,,,,,,,,,,,,,,,,,,,120,4f36e717-7e49-4ece-b032-8617ad3051da,5d6098f6-c955-4502-bd27-bd248180a9c6,Pothole,6.5,,15.161999999999997,Kia RIO 2018,Console
-0.7385242290748898,0.7143034702777507,-2.9419999999999997,2.589,5.531,1.027447071425822,-4.930612334801761,0.49832233913447205,-7.492000000000001,-3.53,3.962000000000001,4.955730334650962,8.869022026431718,0.7705957329597702,6.159,14.475,8.315999999999999,8.902436154726795,0,,,,,,,,,,,,,,,,,,,227,4f3c24f4-28b1-4413-9fbd-398d1ac94173,99f0ebda-a429-4c18-8c40-5544859afeca,Pothole,8.5,,3.1004405286343615,Honda Accord 2007,Console
6.647093525179857,1.0186843037357063,2.354,9.493,7.139,6.724698509462374,-0.023158273381295,0.5718626546757938,-1.334,1.726,3.06,0.5723313738026676,7.694647482014389,1.4206490454237612,4.001,11.572000000000001,7.571000000000001,7.824694472165275,0,,,,,,,,,,,,,,,,,,,139,4f7a18d7-3135-4240-8ee3-ade30643d448,0b9cef62-1da9-4632-8c7a-5b8dbb83b1aa,Pothole,10.0,,13.751999999999999,VW Derby 2001,Left door
-5.867388059701493,0.9954824569255272,-10.16,-2.3930000000000002,7.7669999999999995,5.951237515439468,1.49936815920398,0.47468518374052987,0.5489999999999999,2.667,2.118,1.5727145006317937,8.551208955223881,1.291983236232527,4.707,12.630999999999998,7.923999999999999,8.648259667621398,0,,,,,,,,,,,,,,,,,,,201,4fbcd644-da06-45cd-927b-3d5d64cc4fcf,c82ad1e5-b462-4d90-bba6-c0629615f065,Pothole,9.0,,0.0,Kia RIO 2018,Copilot trousers
-6.463358288770053,1.8183569109463569,-12.984000000000002,-1.4509999999999998,11.533000000000001,6.71427004406279,2.823064171122995,0.8744840900151092,0.863,7.375,6.5120000000000005,2.9554041581428274,7.160037433155081,1.1144225303442432,3.805,11.845999999999998,8.040999999999999,7.246245484409209,0,,,,,,,,,,,,,,,,,,,187,5009675b-cfcf-4b4b-a90f-077f2885e2f0,93535cee-a12e-47da-867d-b86bc302dbc9,Pothole,5.0,,19.8,Honda Accord 2007,Copilot trousers
-8.598424242424242,1.1390921927050368,-12.827,-5.609,7.218,8.673547744504004,3.630415584415584,0.7141910996761953,1.6480000000000001,7.414,5.766,3.699998140867674,3.772709956709957,0.8303285991350392,1.608,7.138999999999999,5.530999999999999,3.8630022003617857,0,,,,,,,,,,,,,,,,,,,231,50329779-ec5d-48fb-a091-b1565417b2c0,af97e26d-d273-4cdf-823e-9512a0a15757,Manhole_cover,,good,8.856,Chevrolet Express van 2013,Copilot
0.1844328358208955,0.7068489298768709,-2.785,1.804,4.589,0.7305141207375904,6.419470149253732,0.9778428031214401,4.276,10.238,5.962,6.493517809691148,8.650611940298505,1.110329841476106,4.668,12.749,8.081,8.721577798684564,0,,,,,,,,,,,,,,,,,,,134,50470b25-fd21-4652-8281-476a66192ecf,ba603f8e-b287-4763-b13b-1a29e3aea9bc,Pothole,7.0,,5.4,Peugeot Partner 2013,Console
3.0427500000000003,0.2676547190152102,1.883,3.57,1.6869999999999998,3.054499404339623,0.06244907407407408,0.2003303919156267,-0.431,1.412,1.843,0.209838396814734,9.698416666666667,0.33042188590525473,8.512,11.845999999999998,3.333999999999998,9.7040437170781,0,,,,,,,,,,,,,,,,,,,216,50b6e5ca-4a04-4e73-b3e6-33a7dcae93a3,e7250d71-00d4-4a28-95c3-0093b63e9e7c,Pothole,4.0,,4.279166666666667,Kia RIO 2018,Console
9.263650246305419,1.5316433753966656,3.844,15.455,11.611,9.389416771837904,2.0083103448275863,1.0808329606871558,-0.235,9.179,9.414,2.280681987925818,3.8886650246305425,1.773651507777876,-0.588,12.630999999999998,13.218999999999998,4.274056076472042,0,,,,,,,,,,,,,,,,,,,203,50b93bed-0058-495d-8a0f-7b00a1102b47,f1d079ef-259d-46b3-b993-5c71635fb0a1,Pothole,8.0,,4.433497536945813,Chevrolet Spark 2013,Left door top
0.41888050314465414,0.6055071824385344,-2.001,2.432,4.433,0.7362742857789962,6.234345911949686,0.9244256009358881,3.295,8.669,5.3740000000000006,6.302509947751724,8.547691823899372,0.896770775207625,5.649,10.866,5.217,8.594604897237721,0,,,,,,,,,,,,,,,,,,,159,50d2d9d0-ebf5-46ff-a7c4-515cddc0f163,920f0503-2423-4c8d-8ef6-dc57fc9652db,Pothole,8.0,,14.241509433962264,Peugeot Partner 2013,Console
-2.1705333333333336,1.280007867380336,-10.382,1.228,11.61,2.519848227903154,1.1160666666666665,0.7622324146143936,-2.2430000000000003,3.077,5.32,1.3515187968849465,9.390579166666667,1.6938142490837964,3.658,16.13,12.472,9.542116316406615,1,-0.037625,0.10509702362579067,-0.41200000000000003,0.304,0.716,0.1116289612958931,0.019791666666666666,0.09981465288501262,-0.348,0.456,0.804,0.10175792352441161,0.20082916666666667,0.12882769493644947,-0.018000000000000002,0.381,0.399,0.23859783981978266,240,511fc54c-f0bb-4d78-9dba-8590d36a9874,48134e6a-7d07-481c-ba5a-837f635ea717,Speed_bump,,good,10.124999999999996,Honda Accord 2007,Right door
-9.667513812154695,0.8931341587353112,-13.572000000000001,-7.767,5.805000000000001,9.708682296465451,0.7342099447513812,0.5553843625610511,-1.412,2.197,3.609,0.9206063399462179,2.9897348066298344,0.5906233679949073,0.628,5.021,4.393,3.047515410427908,0,,,,,,,,,,,,,,,,,,,181,51846fea-8e7f-4b49-bfb8-1b987b867c04,d25c4b6a-2aab-4f47-aab8-e4d420014437,Metal_bumps,,good,6.3,Chevrolet Express van 2013,Copilot
-1.2755172413793103,2.5136879777933325,-20.006,6.59,26.596,2.818789009975493,-0.37436206896551727,1.153982410346372,-7.962999999999999,2.3930000000000002,10.356,1.2131868619750896,10.992887931034483,3.1246656559668073,2.275,20.006,17.731,11.428347235093186,0,,,,,,,,,,,,,,,,,,,116,51849609-94af-4d34-8a61-5e56cc4bc46d,33b53676-ba58-45b7-ba83-5d5965e43321,Metal_bumps,,bad,47.653448275862075,Peugeot Partner 2013,Console
2.5611171875,1.0952487775407878,-0.275,7.138999999999999,7.414,2.7854786182651803,0.6830625,0.8847020927796825,-1.4509999999999998,4.04,5.491,1.117708446722579,10.213921875,1.6627771273223855,4.825,14.945,10.120000000000001,10.348382861285621,0,,,,,,,,,,,,,,,,,,,128,51beaf88-7a93-46ac-9876-e29bd427e403,fa89b752-ed44-47b0-ae7a-2cac45fcefdf,Metal_bumps,,good,13.5,VW Pointer 2004,Glove compartment
8.478877862595422,1.2974689395914616,4.7860000000000005,13.062000000000001,8.276,8.57757515024003,1.3250305343511448,0.7767395148161408,-0.981,5.138999999999999,6.119999999999999,1.5359134711433762,5.742977099236641,1.1237800202115626,1.9609999999999999,8.316,6.355,5.851894351078393,0,,,,,,,,,,,,,,,,,,,131,5206638f-94e3-42c4-9055-19135c72576b,43a943da-3432-4f22-8750-35ad80d287e8,Pothole,8.0,,11.843999999999998,Chevrolet Spark 2013,Console
4.213044776119403,0.7857563032800646,1.3730000000000002,6.5120000000000005,5.139,4.285692389069863,0.46632835820895524,0.4999884144347211,-1.334,2.001,3.335,0.68370355581846,8.953268656716418,0.9882185325736795,4.511,11.533,7.021999999999999,9.007640951295887,0,,,,,,,,,,,,,,,,,,,134,5216f2dd-9ee5-4046-9bcd-baec619e008c,02dc88e6-51e5-4e63-b65b-7eb12d0575f5,Pothole,4.5,,14.28770149253731,VW Pointer 2004,Copilot trousers
-3.549392561983471,1.9527827291374236,-18.249000000000002,3.239,21.488000000000003,4.051116876403468,-0.7885123966942148,1.0059891445424405,-7.051,2.866,9.917,1.278188545824788,9.18573966942149,5.535414379211674,-7.1129999999999995,69.523,76.636,10.72467368379882,1,-0.001578512396694218,0.3249585670236816,-3.112,2.323,5.4350000000000005,0.32496240087658,-0.0007272727272727188,0.7541114852801308,-8.968,3.745,12.713000000000001,0.7541118359746285,-0.041723140495867776,0.1357544643408989,-1.146,0.7290000000000001,1.875,0.1420214597915481,242,5227b274-caab-4973-b90b-c20ed3b2bbcf,8fcbcba2-9141-4e0d-acba-bdc99f4aa7a6,Metal_bumps,,bad,12.088561983471072,Honda Accord 2007,Right door
5.158268292682927,1.3157987192129543,2.314,12.749,10.435,5.3234441904448,0.7022560975609756,0.8233893636488978,-1.294,2.864,4.1579999999999995,1.0821892952398426,8.639451219512196,0.7423568294658643,5.335,11.572000000000001,6.237000000000001,8.671286584849181,0,,,,,,,,,,,,,,,,,,,82,5237e624-fe22-4de8-b557-caaeecb58a08,42dd29da-69c2-4a10-86a8-a40a9c569324,Metal_bumps,,bad,32.4,Kia RIO 2018,Left door
0.28460158311345646,0.36869322411285044,-1.334,1.3730000000000002,2.7070000000000003,0.4657604047333932,-0.055044854881266495,0.348538192080815,-1.765,0.941,2.706,0.352858055580233,10.157401055408972,1.6568593912341463,3.02,16.357,13.337,10.291646090045267,0,,,,,,,,,,,,,,,,,,,379,52d2d5a0-625e-4b73-82f9-611e1af3e763,afc2c7cc-b1ce-4a42-a1e1-6690797faad2,Speed_bump,,good,11.358047493403694,Chevrolet Express van 2013,Console
-4.896501333333334,0.9519448103741216,-8.434,-1.0590000000000002,7.374999999999999,4.988178448024222,-0.16016,0.34378092403932675,-1.726,1.0590000000000002,2.785,0.3792578929084183,9.455517333333333,1.4250732057335005,2.903,14.514000000000001,11.611,9.562303157852016,0,,,,,,,,,,,,,,,,,,,375,52ded671-8a79-4960-8cd4-4c52cca6ea79,afc2c7cc-b1ce-4a42-a1e1-6690797faad2,Speed_bump,,good,12.5472,Chevrolet Express van 2013,Left door
-0.4048333333333333,0.9238224383016351,-2.667,2.1180000000000003,4.785,1.008631709439752,-4.93487356321839,0.5498499650029455,-7.218,-2.2359999999999998,4.982,4.965411570954165,8.885057471264368,0.8707205677149709,4.7860000000000005,11.845999999999998,7.059999999999998,8.927620095787715,0,,,,,,,,,,,,,,,,,,,174,53079699-b2e7-4cc8-8d81-b193a6067b91,e1623b0b-af77-41e4-a772-c798eee54b42,Speed_bump,,bad,21.6,Honda Accord 2007,Console
0.41216666666666674,0.45900160372510923,-1.4509999999999998,1.412,2.8629999999999995,0.616898560002642,6.418015151515152,1.0596292232094782,2.628,12.043,9.415,6.504900658408057,8.128242424242424,0.8558923318120856,4.9430000000000005,12.003,7.06,8.173180322916478,0,,,,,,,,,,,,,,,,,,,132,5311f9dc-ffe0-49da-a491-7bcd47f78f88,60cf72a5-7c3a-4197-8eb2-3bad38f7053a,Pothole,7.0,,9.681818181818182,Peugeot Partner 2013,Console
-1.282231884057971,0.5236778837605505,-3.57,0.078,3.6479999999999997,1.3850476996965784,4.096869565217391,0.6980433505296441,1.9609999999999999,5.374,3.413,4.1559120242881935,9.504485507246377,1.775936120715614,5.138999999999999,14.318,9.179,9.66898101468396,0,,,,,,,,,,,,,,,,,,,138,53417c9f-e729-44a8-8818-48dc0e9be90a,f6cf7517-8f8e-4465-b6c7-0dde6013e931,Speed_bump,,good,9.371739130434783,Chevrolet Cruze 2010,Console between seats
-0.03436123348017621,1.2479142676041926,-4.158,4.9430000000000005,9.101,1.2483872450711708,-5.044167400881058,0.6895080850067824,-7.452999999999999,-2.785,4.667999999999999,5.091075148473148,8.808850220264318,0.905037996397311,5.374,11.14,5.766000000000001,8.855220831688703,0,,,,,,,,,,,,,,,,,,,227,53aa914d-38e4-4df7-b099-6b7e06efa064,3e293976-a084-46ee-98c2-7df815eb0ac0,Speed_bump,,good,16.80660792951542,Honda Accord 2007,Console
0.08767938931297709,0.42970537158510447,-1.138,1.255,2.393,0.4385594391634836,5.54924427480916,0.8596513503430396,3.02,7.885,4.865,5.615435198241438,8.224702290076337,1.493975508422326,4.04,13.140999999999998,9.100999999999999,8.359287683777408,0,,,,,,,,,,,,,,,,,,,131,53bb1bc6-f0a8-4569-a0cd-dd756b1f69d7,160a6df2-ecf3-4892-862b-d31c2d9f26f2,Speed_bump,,good,0.0,Chevrolet Cruze 2010,Console
2.9124039735099334,0.5429250942786272,1.6480000000000001,4.7860000000000005,3.1380000000000003,2.962577351380704,0.12833774834437087,0.9385191653207728,-2.157,2.471,4.628,0.9472532931188485,9.776781456953643,0.8968498282826352,6.119,12.827,6.708,9.817830476817328,0,,,,,,,,,,,,,,,,,,,151,53d61ff6-d391-48d6-9870-e17fd0f47b77,1928e690-d4bc-47f8-b629-73a6d305cbd7,Pothole,9.0,,6.3,Kia RIO 2018,Console
-0.8348994082840238,0.81984317049106,-6.002000000000001,0.863,6.865,1.1701281323657875,-1.0238284023668638,0.4998253660927537,-2.903,-0.039,2.864,1.1393199700184493,10.13994674556213,1.6033843727778148,2.903,15.140999999999998,12.237999999999998,10.265932078954359,0,,,,,,,,,,,,,,,,,,,169,53f11891-2ddc-42b6-9e52-484f8655726f,27abc43f-5814-4e20-994f-3d0fbd04027d,Speed_bump,,good,21.424260355029585,Honda Accord 2007,Console
-0.2162429906542056,0.2640800233121607,-0.785,0.745,1.53,0.3413199228284604,-2.416990654205607,0.6793613479100435,-4.59,-0.235,4.3549999999999995,2.5106524378239614,9.45881308411215,2.23878693426263,-0.51,13.651,14.161,9.72014978779629,0,,,,,,,,,,,,,,,,,,,107,542bdfa5-5916-4729-9fab-8d45cdd1ceb8,a25e8d71-9771-4902-a088-8b612ba129c4,Speed_bump,,good,14.4,Peugeot Partner 2013,Console
-1.23219587628866,1.1319363770249986,-3.0989999999999998,1.255,4.353999999999999,1.6731965333382859,7.108927835051547,0.6971942184910707,5.296,10.787,5.4910000000000005,7.143034001197813,-6.800984536082475,1.0793012510335178,-10.944,-3.452,7.492000000000001,6.886093366380931,0,,,,,,,,,,,,,,,,,,,194,54322a36-2367-40b7-ba50-59d3b34aa38b,79b93997-2fd9-4c58-ab95-e235e77c5f2c,Speed_bump,,bad,15.777835051546392,Kia RIO 2018,Left door top
0.5215267857142857,0.8022180630670797,-4.158,2.2359999999999998,6.394,0.9568406392542969,6.241232142857143,0.8228664401058965,3.2560000000000002,10.317,7.061,6.295243270858221,7.589294642857142,0.7362844296872456,4.746,11.023,6.276999999999999,7.624926749648156,0,,,,,,,,,,,,,,,,,,,112,54564484-32d0-4ce7-9bb3-4a2f5664cb1d,8899ed2c-d91d-499e-acb5-2245f3c05177,Pothole,5.5,,0.0,Chevrolet Cruze 2010,Console
-1.1131147540983606,1.11476850641605,-5.845,1.765,7.609999999999999,1.5753517952154448,6.808032786885244,1.6916894210479876,2.785,17.024,14.239,7.015064042800335,-7.032852459016395,1.5374010626417514,-12.043,-2.04,10.003,7.198931569177812,0,,,,,,,,,,,,,,,,,,,122,545bebba-d760-4580-b889-ca2874067597,a5b63b0a-eb19-4598-8492-5ae743c1d496,Pothole,6.5,,18.678688524590164,Kia RIO 2018,Left door top
-0.14665895953757224,0.7688700247150202,-2.079,3.217,5.296,0.7827323714513915,-8.71235838150289,1.339637673774601,-14.082,-3.923,10.159,8.814750005799365,5.452052023121388,0.7824685132145622,2.55,7.806,5.256,5.507915053538337,0,,,,,,,,,,,,,,,,,,,173,54b28189-7e0f-417c-ae0b-83697e750c80,27abc43f-5814-4e20-994f-3d0fbd04027d,Speed_bump,,good,24.294797687861273,Honda Accord 2007,Console seats
0.26827129337539435,0.7756731088711094,-3.648,3.138,6.786,0.8207546884880274,7.3437823343848585,1.3108693385128916,2.667,11.415,8.748,7.459860414074538,-6.537230283911671,1.091548528408851,-14.945,-2.471,12.474,6.627734000000558,0,,,,,,,,,,,,,,,,,,,317,54d82c40-6566-449e-a16e-c0e66d4cc002,18d13566-78cb-4882-bceb-f398e51ebb6b,Pothole,12.0,,6.1835962145110415,Kia RIO 2018,Left door top
-7.193531073446327,1.4740207092487976,-13.612,-2.2359999999999998,11.376000000000001,7.342998458118604,0.0846327683615819,0.7007618659891102,-3.373,1.883,5.256,0.7058540205347595,-7.2506836158192085,1.1807560689030283,-11.062000000000001,-3.4130000000000003,7.649000000000001,7.346196144329421,0,,,,,,,,,,,,,,,,,,,177,5531d070-f7ac-4855-8849-78f51ae00051,50241cd5-821b-44ac-b767-04d04e3c8c13,Pothole,9.0,,11.196610169491526,Chevrolet Cruze 2010,Left door
-7.693959090909092,0.706978868887691,-10.003,-5.922999999999999,4.080000000000001,7.7263720861499,1.4620954545454548,1.3044114573168004,-0.745,4.08,4.825,1.9593908155806536,6.828486363636363,0.5723876267605678,5.178,8.943999999999999,3.765999999999999,6.852434137854691,0,,,,,,,,,,,,,,,,,,,220,556bb9ea-92bf-4e28-9cb1-7f1437a8bb33,81c28ebc-dd7c-4398-8743-50e00f568ac0,Speed_bump,,good,0.0,VW Derby 2001,Copilot trousers
6.559625,0.6684441083902727,4.668,8.826,4.158,6.593595200394597,0.6809427083333334,1.4344603122229158,-2.157,4.55,6.707,1.5878788868723583,7.697229166666666,0.8025252070180137,5.296,10.317,5.021,7.738952354943357,0,,,,,,,,,,,,,,,,,,,192,55a33626-499a-4db9-b5fd-2d6d2e96b4a6,8b8bd02b-b65d-41df-809f-5a68e35d145c,Speed_bump,,bad,4.4390625,Kia RIO 2018,Left door
-0.5767777777777776,0.7167737353267912,-4.236000000000001,0.902,5.138000000000001,0.9200202131434899,6.564548148148147,1.221162644055783,3.9619999999999997,16.317999999999998,12.355999999999998,6.6771648618700885,7.670985185185186,1.0250439266843023,5.492000000000001,11.219000000000001,5.727,7.739168480073487,0,,,,,,,,,,,,,,,,,,,135,55bf9ceb-2470-44d9-88bc-c3fbb105a0d5,2639fcf7-5a25-47d9-be8b-622f4196b9b7,Pothole,5.0,,0.0,Chevrolet Cruze 2010,Console
-7.793392156862746,1.0645030706341179,-11.533,-4.4719999999999995,7.061,7.865756676762841,3.026264705882353,0.5048617734815666,1.883,4.04,2.157,3.0680879192735264,5.772058823529412,1.0114839014113386,2.9419999999999997,7.806,4.864000000000001,5.860013886084062,0,,,,,,,,,,,,,,,,,,,102,55fd0007-158b-438a-b394-7e59a046276a,5cd750de-f2a2-416b-a2a0-6c9be4cf9d47,Pothole,6.0,,0.0,Chevrolet Spark 2013,Copilot
-0.18942622950819674,0.651406082180829,-2.628,1.804,4.432,0.6783894016918814,-2.69761475409836,0.8426252248884923,-5.492000000000001,-0.353,5.139000000000001,2.8261533276076056,9.13595081967213,3.043565332304783,0.785,14.867,14.082,9.629583963571605,0,,,,,,,,,,,,,,,,,,,122,561ac3d7-b050-4a1c-9167-613edd0e9c2e,33b53676-ba58-45b7-ba83-5d5965e43321,Metal_bumps,,bad,26.1,Peugeot Partner 2013,Console
2.545569536423841,1.1785816625210621,1.02,5.8839999999999995,4.863999999999999,2.8051700483214916,0.06284768211920529,0.6660217639419123,-1.6869999999999998,2.707,4.394,0.6689804340876144,9.776794701986754,0.6421729803259186,7.767,11.65,3.883,9.79786205156293,0,,,,,,,,,,,,,,,,,,,151,5668fc46-09f8-47b8-b968-e43901562f1e,3e2a7efb-a19b-42ef-8c4e-7ad663ee0bc4,Pothole,5.5,,8.1,Kia RIO 2018,Console
2.9525912408759125,0.8628239965221023,0.51,5.412999999999999,4.903,3.0760787188678274,-0.16804379562043795,0.407513124926122,-1.0590000000000002,1.02,2.079,0.4408011617879161,9.674109489051096,1.9437694385775062,3.177,14.2,11.023,9.867453270043713,0,,,,,,,,,,,,,,,,,,,137,566fe65d-fc3d-4698-8407-d62e25c26257,f4187f9b-512f-4135-8c4e-4250d8ce464a,Speed_bump,,good,13.5,Kia RIO 2018,Console
0.6297744360902255,2.1707246342737085,-17.691,13.847000000000001,31.538,2.2602347838654926,-3.044423558897243,1.137717632840661,-7.845,0.8240000000000001,8.669,3.2500640329146,10.25347117794486,2.0187454412177526,-0.314,20.006,20.32,10.450311208446545,0,,,,,,,,,,,,,,,,,,,399,56734e0b-e095-43c0-8cc7-9766a2a80db8,e662fbc8-0ccd-46b9-98cb-ada0c52d2c76,Pothole,16.0,,4.926315789473684,Chevrolet Express van 2013,Console
1.0848400000000002,0.7068478693467216,-0.628,2.824,3.452,1.2948018134062063,0.274888,0.9953676162383425,-1.255,4.707,5.962,1.0326277664289296,10.105079999999997,1.5719513305443018,4.197,18.75,14.553,10.226615901264699,0,,,,,,,,,,,,,,,,,,,125,56952b16-7042-4e6a-baf1-8e704a87156d,832d58a9-5588-45c8-a243-7392fccd662d,Pothole,7.0,,10.8,Peugeot Partner 2013,Glove compartment
6.212491150442479,0.9273070213627135,2.957,11.208,8.251000000000001,6.281317107597314,0.3879867256637168,0.7184443277221844,-3.148,3.34,6.4879999999999995,0.8165145138498358,7.278477876106194,0.9006999942261734,4.553999999999999,12.515,7.961000000000001,7.333996228016917,1,-0.005508849557522124,0.031804051774828174,-0.155,0.105,0.26,0.03227762588455605,-0.002128318584070796,0.03385754113728736,-0.18600000000000003,0.131,0.31700000000000006,0.03392436929197663,-0.00897345132743363,0.029705921514810666,-0.133,0.151,0.28400000000000003,0.031031670947113232,226,570a7f9d-b9fe-47ee-81db-c346ee9ab895,4b3e805f-f023-4d31-aced-c174b889284d,Ditch,6.0,,6.527469026548674,Chevrolet Express van 2013,Right door
-0.08917564402810305,0.7002367646205279,-2.275,3.138,5.413,0.7058922169949542,-2.8632974238875883,0.4490666908196021,-4.433,-0.235,4.1979999999999995,2.8982982990791277,9.691192037470726,0.6572580939003246,7.1,11.845999999999998,4.745999999999999,9.713454138931912,0,,,,,,,,,,,,,,,,,,,427,578d1f3d-0a6e-45d2-a4b7-4196c1b223b1,bb13d56d-9395-405d-a6c1-48927c29d371,Pothole,6.5,,5.718266978922717,Peugeot Partner 2013,Console
5.327170731707317,1.1094803805174398,2.1180000000000003,8.591000000000001,6.473000000000001,5.441479092995965,0.7916890243902438,0.8195265778672193,-0.706,2.511,3.217,1.1394715104690998,8.728426829268292,2.070286942704766,1.53,15.769,14.239,8.970592117526268,0,,,,,,,,,,,,,,,,,,,164,57bd7da6-2648-4419-a53b-357b071e5e48,9a4c6802-09d2-4f9e-bb15-d7d98f3f24f6,Pothole,12.0,,3.907317073170732,Kia RIO 2018,Left door
2.6919161290322586,0.7095179731733251,1.138,4.236000000000001,3.0980000000000008,2.783851325053118,1.8719935483870966,0.8816359097596532,0.078,6.472,6.394,2.0692128267968584,9.897051612903226,0.7535060484681219,7.532,13.455,5.923,9.925694030824666,0,,,,,,,,,,,,,,,,,,,155,58319e4d-65e1-488b-a39b-7373b326b0f9,004c8c25-24a5-4b22-bdc2-cc142359e346,Pothole,8.0,,7.694709677419356,VW Pointer 2004,Glove compartment
-6.509601694915255,0.866947304908812,-8.865,-4.315,4.55,6.567077878016386,0.3161271186440678,0.725781560575466,-1.726,1.4509999999999998,3.1769999999999996,0.79164084584713,8.128220338983052,0.9079362437072181,6.394,10.905,4.510999999999999,8.1787721634543,0,,,,,,,,,,,,,,,,,,,118,583a4cf5-6e24-4f5a-9fad-d59de10231ec,dc974f5e-4b2a-4c35-a064-727244ba7cab,Pothole,6.0,,0.0,VW Derby 2001,Copilot trousers
2.2395297297297296,0.736704202206405,-1.138,4.393,5.531,2.357589127030385,4.650351351351351,0.9127663688588639,2.197,7.806,5.609,4.739083258936811,-8.681178378378378,1.346898694225174,-14.357000000000001,-5.178,9.179000000000002,8.78504377506053,0,,,,,,,,,,,,,,,,,,,185,5861041b-9d9a-439c-a8cb-f8a1d8410fea,d24f63f7-97aa-4c80-8147-9e7adf0343fc,Pothole,7.0,,15.587027027027027,Peugeot Partner 2013,Left door
-7.063880952380954,0.6524889782824269,-9.493,-5.2170000000000005,4.276,7.093952070333608,2.9684444444444447,0.646821784973848,1.883,4.864,2.981,3.0380982277190847,6.939992063492062,0.6638574681603348,4.315,8.708,4.393,6.971671003379684,0,,,,,,,,,,,,,,,,,,,126,58c645b9-9fb0-4a34-b819-5e5da8fb24ef,9597eaf3-206d-45f5-a157-b68d8acb5ffe,Pothole,7.0,,0.0,Chevrolet Spark 2013,Copilot
-4.630058295964125,2.202115803052713,-29.340999999999998,0.431,29.772,5.127060935280633,-0.2296457399103139,1.0727743296668528,-16.004,1.334,17.338,1.0970788158792972,-8.428260089686098,1.4585589668256869,-16.554000000000002,-2.55,14.004000000000001,8.553535082005752,0,,,,,,,,,,,,,,,,,,,446,592b2fc5-e2d0-4206-96e4-80e3a070d83a,5652fd31-9fa7-4530-8d4f-c748e4f99577,Pothole,16.0,,7.611659192825113,Chevrolet Express van 2013,Left door
-1.6503818181818184,2.1687212067014734,-20.006,4.59,24.596,2.725272797020845,-0.05922727272727273,1.1293871923150578,-4.9430000000000005,2.275,7.218,1.1309391230300594,11.02195454545455,2.9511618771606907,1.177,20.006,18.829,11.4102076417247,0,,,,,,,,,,,,,,,,,,,110,596bb9b8-9f46-40a3-a06c-1595d7b151b1,80c59f59-8727-4310-b427-dba7e1f77b0b,Metal_bumps,,bad,31.254545454545454,Peugeot Partner 2013,Console
-8.858187319884726,2.1955026567781477,-17.574,-2.432,15.142000000000001,9.126210303849373,2.9777262247838623,0.9737753544310285,-1.3730000000000002,7.962999999999999,9.335999999999999,3.132904708200175,3.547135446685879,2.0906596153337196,-3.923,9.611,13.534,4.117405433561622,0,,,,,,,,,,,,,,,,,,,347,59a53992-e9bc-40a0-a03f-ef54577938dd,501e9fc7-3277-43fe-91be-93d809352fe1,Pothole,16.0,,20.375999999999998,Chevrolet Express van 2013,Copilot
6.482066666666666,2.204570159017795,-0.4,20.382,20.782,6.846701239074395,-0.1975571428571429,0.917590379133059,-2.574,2.8710000000000004,5.445,0.9386164970697184,6.968542857142858,2.851634542231697,-11.282,13.777000000000001,25.059,7.529436175058908,1,-0.012495238095238096,0.10150023446461531,-0.381,0.611,0.992,0.10226645868234889,-0.004433333333333332,0.26378390837475346,-1.416,3.125,4.541,0.26382116056507815,-0.017161904761904764,0.10052473031993517,-0.35700000000000004,0.49200000000000005,0.8490000000000001,0.10197917621236396,210,59e36a3b-006e-482d-b21c-d9c225ead345,35836f85-a777-4605-af91-10b5f902af94,Speed_bump,,good,8.028,Chevrolet Express van 2013,Right door
-0.7022142857142857,2.1188091118116135,-10.844000000000001,4.7139999999999995,15.558,2.232141786571172,0.7899955357142857,0.7864217249315764,-1.381,4.003,5.384,1.1146981994660514,9.63846875,3.1041453100920218,0.97,22.793000000000003,21.823000000000004,10.125996146103002,1,0.0108125,0.24039432008569644,-1.19,1.043,2.2329999999999997,0.2406373605359614,0.033053571428571425,0.3184786334862119,-1.561,1.9180000000000001,3.479,0.3201892855350231,-0.044058035714285716,0.09555174004021597,-0.34,0.486,0.8260000000000001,0.10521998638906149,224,5a0f1c5e-0afa-4f2c-bb4c-74f8c5452e5b,3e293976-a084-46ee-98c2-7df815eb0ac0,Speed_bump,,good,12.612696428571432,Honda Accord 2007,Right door
10.103958677685952,2.843426170436331,3.3339999999999996,18.201,14.867,10.496430505038722,1.9661900826446284,0.8231982510688437,-1.294,3.687,4.981,2.131562525860523,-0.2508760330578513,0.9735762359011935,-2.04,3.373,5.413,1.0053802619279832,0,,,,,,,,,,,,,,,,,,,121,5a896dbc-7cb2-4bbf-9682-687c79f59147,117c09e7-598b-4cc0-9898-06333e9a8c2c,Pothole,6.0,,16.96611570247934,VW Derby 2001,Console left
0.05858012820512821,0.36915049740358863,-0.941,2.511,3.452,0.37376960972482254,-2.5966410256410253,0.7264410607386901,-5.06,-0.235,4.824999999999999,2.6963421946721136,9.847227564102564,0.9985890893497812,7.178,14.828,7.6499999999999995,9.897730591837188,0,,,,,,,,,,,,,,,,,,,312,5ad30e04-39e4-4328-bfe7-e337cdd37feb,3f7163d6-35e5-4b54-b64e-76d43aa7b9af,Pothole,7.0,,9.147115384615384,Peugeot Partner 2013,Console
9.882143939393941,1.5153246183502798,5.649,16.75,11.100999999999999,9.997648600439945,-0.047265151515151524,0.7061162971842666,-1.922,2.9810000000000003,4.9030000000000005,0.7076964177505561,0.5937803030303029,1.5381693581854095,-2.471,7.296,9.767,1.648799570210786,0,,,,,,,,,,,,,,,,,,,132,5ae7b1e1-5969-41de-9b40-4e02a9b83108,83b2cf8a-897e-4c27-a257-21ad84341b21,Pothole,5.0,,14.038636363636364,VW Pointer 2004,Left door
-9.570531400966184,1.475179372612405,-13.651,-4.08,9.571,9.683554382470357,0.5030676328502416,0.5299845456371377,-1.4909999999999999,2.001,3.492,0.7307261195795239,3.5575217391304346,0.7483601901257785,1.4909999999999999,5.452000000000001,3.961000000000001,3.635382221796042,0,,,,,,,,,,,,,,,,,,,207,5ae86882-2f5e-4b6e-9f07-f157f70c0117,c47e2571-3fe5-42af-8daf-43391c1f2a6b,Speed_bump,,good,6.3,Chevrolet Express van 2013,Copilot
4.1190935251798555,0.5609079598779818,2.3930000000000002,5.727,3.334,4.157108274826757,-0.11453956834532376,0.6870002174628902,-1.9609999999999999,1.883,3.844,0.6964830303107113,9.197381294964028,0.7002176783402384,7.257000000000001,11.100999999999999,3.8439999999999985,9.223997370013414,0,,,,,,,,,,,,,,,,,,,139,5ae9160e-cee3-483c-abf4-75f6deae6ba4,83b2cf8a-897e-4c27-a257-21ad84341b21,Pothole,5.0,,8.1,VW Pointer 2004,Copilot trousers
2.823863354037267,0.780643089703479,0.8240000000000001,4.276,3.452,2.9297794926882124,-0.2984409937888199,0.35205998650216813,-1.0979999999999999,0.863,1.9609999999999999,0.4615335966856208,9.624639751552795,0.4416462505147384,8.002,11.454,3.452,9.634767343208864,0,,,,,,,,,,,,,,,,,,,161,5b061e31-e112-4ae5-81b8-c2114d1a9b58,75f3fc7e-0920-4574-858d-13014923128d,Pothole,4.0,,7.442608695652175,Kia RIO 2018,Console
-7.375019230769231,1.956629283609016,-11.219000000000001,-3.883,7.336000000000001,7.6301577184021765,2.3724807692307692,0.42197491223205963,1.4509999999999998,3.57,2.1189999999999998,2.4097152999728153,5.97601923076923,1.494033730573616,3.217,10.787,7.57,6.159946642188988,0,,,,,,,,,,,,,,,,,,,104,5b7539fa-8ed2-48e5-ac5b-9d4275d29f2b,32c7e7fb-bb87-4a03-bbe6-1326ee079f01,Pothole,5.0,,0.0,VW Pointer 2004,Dashboard
-7.769341772151899,1.1112270659287216,-11.886,-2.824,9.062,7.848407301138044,3.232955696202531,0.6774458485989924,0.981,5.256,4.275,3.303170508979578,5.732310126582278,1.1408150145805362,2.589,10.356,7.7669999999999995,5.844727391830189,0,,,,,,,,,,,,,,,,,,,158,5b9f2835-b4f9-4608-bb35-b00538f59225,ad7ec196-a600-4086-8f00-865fa5a6dabd,Pothole,8.0,,0.0,Chevrolet Spark 2013,Copilot
0.3211238938053097,1.1389371938579316,-2.314,3.844,6.1579999999999995,1.1833420835606514,0.12253982300884955,0.46612030873953314,-1.412,1.334,2.746,0.481958660511955,10.771,1.3663653743721647,7.532,14.395999999999999,6.863999999999999,10.857319896562098,0,,,,,,,,,,,,,,,,,,,113,5ba67e3c-fb94-4844-a961-7c258eedad64,b56dc9cb-baf7-4097-bada-9b7c53154222,Pothole,8.5,,12.38495575221239,Chevrolet Cruze 2010,Dashboard
8.19836274509804,0.8496202587640366,5.688,11.18,5.492,8.242269486270981,1.5956176470588237,0.7297679330850113,0.628,6.237,5.609,1.754581691391058,5.970892156862746,0.6577011346253743,3.9619999999999997,7.375,3.4130000000000003,6.007006237001303,0,,,,,,,,,,,,,,,,,,,102,5bbb1008-0659-4622-9428-65eaef00e62e,5cd750de-f2a2-416b-a2a0-6c9be4cf9d47,Pothole,6.0,,23.400000000000002,Chevrolet Spark 2013,Console
-5.266312169312169,0.9116293181230141,-8.472999999999999,-1.4509999999999998,7.021999999999999,5.344633933049754,0.013100529100529086,0.3217884471336949,-1.334,1.02,2.354,0.3220550086109958,9.222195767195768,1.3913246471778316,2.9419999999999997,13.925,10.983,9.32655772738946,0,,,,,,,,,,,,,,,,,,,189,5bcc8668-e1c3-4214-a612-33eddc019147,52f5b87b-4e78-4b43-9772-bb3514e324a5,Speed_bump,,good,0.6666666666666666,Chevrolet Express van 2013,Left door
-6.608085889570553,1.9209924083956653,-12.709000000000001,-1.216,11.493000000000002,6.881643041967173,0.7429079754601225,1.4428313159393966,-3.3339999999999996,5.766,9.1,1.6228599650794486,7.92517791411043,1.5337242612187054,2.432,13.612,11.18,8.07222119863886,0,,,,,,,,,,,,,,,,,,,163,5bd4bb5e-0bb1-414d-ab52-61bb392e1410,1ecf0f3f-01cf-49fd-a89b-3c6cabf16c65,Pothole,4.5,,0.0,VW Derby 2001,Copilot trousers
-4.48575,1.7948798222691371,-9.807,-0.785,9.022,4.831515977298315,3.4418402777777772,0.783425372812618,1.6869999999999998,5.296,3.6090000000000004,3.5298753253479083,8.231055555555555,1.2500790296004942,5.021,11.493,6.472,8.325441317965605,0,,,,,,,,,,,,,,,,,,,144,5bef20fd-c808-4775-8a6e-3a6ce65893dc,53e1da6e-5ebc-4486-84cc-08e84ecffb2f,Pothole,8.5,,12.6,Chevrolet Cruze 2010,Driver trousers
0.22637142857142853,0.9458791552447546,-1.6480000000000001,4.393,6.041,0.9725900472449838,-2.456714285714286,1.4783414369088195,-3.9619999999999997,3.805,7.7669999999999995,2.8672178999361533,9.961314285714286,1.998347592693646,1.3730000000000002,15.847999999999999,14.474999999999998,10.159782251603625,0,,,,,,,,,,,,,,,,,,,70,5c07fc09-e30e-4ff6-ae81-8f2babc34b6d,7ab712a5-c434-4df3-9243-b12d01b45f5a,Pothole,5.0,,14.451428571428572,Chevrolet Cruze 2010,Dashboard
-7.47653947368421,0.8617883401268959,-11.415,-3.923,7.491999999999999,7.526042894160041,-0.23404605263157896,0.5738950635192698,-3.138,1.883,5.021,0.6197847196278806,-6.979769736842105,0.8982386087753451,-12.552999999999999,-3.883,8.669999999999998,7.037330330290854,0,,,,,,,,,,,,,,,,,,,152,5c278246-62f6-4593-8657-e02755d1e950,189c8aa4-a8ad-490f-879f-570087532791,Pothole,5.5,,6.35921052631579,Chevrolet Cruze 2010,Left door
0.11375454545454544,0.9727592917839779,-4.9430000000000005,3.452,8.395,0.9793879396662164,-7.426300000000001,0.991727891107233,-10.238,-3.57,6.667999999999999,7.492226364706288,6.150381818181818,1.4498807849538913,1.804,12.827,11.023,6.318967542249288,0,,,,,,,,,,,,,,,,,,,110,5c6b8626-3d10-4c21-86eb-310830307b5f,08d51d1b-9dba-4764-8eda-985e8c6f21c3,Metal_bumps,,bad,14.507999999999997,Chevrolet Express van 2013,Console
-9.740327272727274,0.6137320426418106,-11.533,-7.767,3.765999999999999,9.759643559065054,0.5359636363636363,0.7746440405675221,-0.863,2.55,3.413,0.9419821702616824,2.9985454545454546,0.43740224126215566,2.001,4.668,2.6670000000000003,3.0302797830623436,0,,,,,,,,,,,,,,,,,,,220,5c78bf50-c185-497c-8d29-d8cd210a6b66,f65fe7c5-45ec-43ce-9157-dfa12b3141b7,Metal_bumps,,bad,6.3,Chevrolet Express van 2013,Copilot
4.000820895522389,1.0505329766769653,0.078,7.688,7.609999999999999,4.136446225098826,-0.44905970149253727,0.7166288487658679,-2.157,2.079,4.236000000000001,0.8457017928253787,9.359649253731344,1.1997235331865141,3.766,13.219000000000001,9.453000000000001,9.436226507929705,0,,,,,,,,,,,,,,,,,,,134,5cb3fd82-1976-4b23-bfb5-e324bad716c1,f0b107ff-08ef-4690-a38d-d99c138d3155,Speed_bump,,bad,10.080000000000004,VW Pointer 2004,Copilot trousers
-0.07760352422907489,1.1339896749508211,-3.373,4.393,7.766,1.136641935645453,-8.706048458149779,1.154879196281685,-14.004000000000001,-5.021,8.983,8.782313232494978,5.6762643171806175,1.1674494209175597,1.569,10.081,8.512,5.7950767681626685,0,,,,,,,,,,,,,,,,,,,227,5d0055be-83ae-4811-bcc8-863555503da0,3e293976-a084-46ee-98c2-7df815eb0ac0,Speed_bump,,good,24.680616740088105,Honda Accord 2007,Console seats
6.704182926829269,1.0809771452204688,3.923,10.709000000000001,6.786000000000001,6.790771701719772,-0.7225975609756098,1.0644280539074826,-2.628,2.314,4.942,1.2865280086625284,7.503524390243905,1.5236288175915285,3.217,14.867,11.65,7.656652208947491,0,,,,,,,,,,,,,,,,,,,164,5d341cf6-3c1d-40cd-9ac7-f8eb413b5b47,1ecf0f3f-01cf-49fd-a89b-3c6cabf16c65,Pothole,4.5,,15.371999999999996,VW Derby 2001,Left door
-0.022120967741935466,1.7580158335039753,-4.746,4.9430000000000005,9.689,1.758155001148794,0.03162096774193548,0.7478585405390032,-2.354,1.6480000000000001,4.002000000000001,0.7485267411776713,11.008741935483872,1.5430570091227043,7.375,15.338,7.962999999999999,11.11635839362351,0,,,,,,,,,,,,,,,,,,,124,5d72e570-9f01-408a-9f15-48be2a950a96,08eb2fa5-c031-49a7-8465-ba336d59836a,Pothole,9.0,,13.5,Chevrolet Cruze 2010,Dashboard
5.616084112149533,2.399207887668813,-1.022,13.975,14.997,6.107094173417556,0.5056915887850467,1.1071527970869584,-2.753,5.513999999999999,8.267,1.2171734876612375,8.124317757009345,2.1281085920141187,1.056,18.685,17.628999999999998,8.398415636074562,1,-0.01644859813084112,0.042924675091136365,-0.10099999999999999,0.12300000000000001,0.224,0.0459682946404316,0.010803738317757007,0.14269550872513137,-0.684,0.821,1.505,0.14310390970187575,-0.05,0.03837615108322638,-0.162,0.111,0.273,0.06302958806753077,107,5dc48c88-e3d5-43e3-b9c1-91a9ff88cecd,321e06a2-9664-4a93-9149-9d701cfb1b45,Metal_bumps,,good,0.0,VW Pointer 2004,Right door
4.725415637860082,0.810309946848253,1.883,7.022,5.139,4.794387881731497,-0.9514444444444446,0.6029139665232566,-2.157,1.02,3.177,1.1263888235831374,9.722547325102882,1.5251766762742178,2.628,14.043,11.415,9.84144757557119,0,,,,,,,,,,,,,,,,,,,243,5e114066-cb9e-4eb6-9237-69092c74d1b5,48134e6a-7d07-481c-ba5a-837f635ea717,Speed_bump,,good,14.092592592592593,Honda Accord 2007,Left door
-2.0211777108433733,1.3171885728669015,-8.064,1.099,9.163,2.412497683999138,0.7919096385542168,0.7070750741678764,-3.812,2.995,6.807,1.0616383735267758,9.525891566265061,2.184344493837956,0.9,22.546999999999997,21.647,9.773124935249728,1,0.0036084337349397595,0.11517897409445194,-0.47,0.662,1.1320000000000001,0.11523548441113908,0.005213855421686745,0.1464025007220363,-0.599,1.253,1.8519999999999999,0.1464953122322489,0.008873493975903615,0.056764645335642586,-0.222,0.228,0.45,0.05745401513751399,332,5e31fcdb-2d77-4803-9b36-9c570ffae16d,3fe9c651-8f98-4fde-b1bc-60262487f287,Speed_bump,,good,11.672240963855423,Honda Accord 2007,Right door
-5.9005442176870755,0.8799308123025092,-8.355,-2.9419999999999997,5.413,5.9657941884815076,2.6585850340136057,0.7249986051456196,0.941,5.099,4.158,2.7556664095177084,8.321918367346939,0.918621575393419,5.649,10.591,4.941999999999999,8.372466238305451,0,,,,,,,,,,,,,,,,,,,147,5e5f161d-5450-44bf-9a29-7f1ed791e99b,f0c51d49-faf5-4985-a8ad-1f9e22ff8c5a,Pothole,6.5,,0.0,Kia RIO 2018,Copilot trousers
0.23162893081761002,1.0014893472334727,-2.2359999999999998,4.629,6.864999999999999,1.0279264926121112,-2.9064402515723273,0.9135902195171647,-5.57,-0.5489999999999999,5.021000000000001,3.046644387708751,10.322044025157233,2.1321476294537054,4.707,22.673000000000002,17.966,10.539954761338835,0,,,,,,,,,,,,,,,,,,,159,5e66f007-e1ca-487e-9d47-b5a984f18f30,265f3aef-1c97-4a52-8352-20709c3afd1e,Pothole,6.5,,11.422641509433962,Peugeot Partner 2013,Console
-2.00603125,0.9914735488809473,-6.187,2.488,8.675,2.237673160697769,0.7229553571428572,0.5085964473148638,-0.733,1.973,2.706,0.8839314422752803,9.405441964285714,1.6835066019397469,3.196,19.872,16.676,9.554921926542436,1,-0.003455357142857144,0.0926560352279233,-0.48100000000000004,0.489,0.97,0.09272044195938055,-0.005571428571428569,0.1278962131047304,-0.787,0.643,1.4300000000000002,0.12801750717326574,0.001053571428571429,0.04832374809658333,-0.34299999999999997,0.26899999999999996,0.6119999999999999,0.048335231900314114,224,5e7b004f-094a-4e7a-82ec-5f01c83d75d7,ca39439a-59ad-455f-bc65-f2c7618f386f,Speed_bump,,bad,28.54800000000001,Honda Accord 2007,Right door
10.265242424242423,1.8302817704966374,6.394,18.829,12.435,10.427134476349616,1.376012121212121,0.9976240318596907,-2.785,3.609,6.394,1.6996067388271519,-1.0721757575757576,1.3034467963547482,-4.825,2.903,7.728,1.6877601743318291,0,,,,,,,,,,,,,,,,,,,165,5ebd9bcc-d515-4f25-ab44-ffcec298a6fe,1ecf0f3f-01cf-49fd-a89b-3c6cabf16c65,Pothole,4.5,,10.846036363636362,VW Derby 2001,Console left
-0.6379323308270677,0.9877956410632666,-3.648,1.804,5.452,1.1758817488242792,6.918045112781954,2.4463774902971345,-0.8240000000000001,13.337,14.161,7.337854659743459,-6.796195488721804,2.285240200463451,-12.945,-1.294,11.651,7.17011826225599,0,,,,,,,,,,,,,,,,,,,133,5ee1437e-60ba-4e6b-9511-776d350636f2,a5c0ce37-a248-4648-990e-58d184f70c62,Speed_bump,,good,14.31203007518797,Kia RIO 2018,Left door top
-7.727268041237114,1.6599941654068617,-13.69,-3.3339999999999996,10.356,7.903559451937417,2.3293195876288664,0.5556220169312939,0.785,3.883,3.098,2.394670241809989,6.180340206185567,1.3765994325372262,2.628,10.16,7.532,6.331795247941588,0,,,,,,,,,,,,,,,,,,,97,5f496d60-2dc1-49ea-a3e6-d20ea7868d87,0c93afc7-4c3b-495d-b121-5aa3a4c9554a,Speed_bump,,good,0.0,VW Derby 2001,Copilot trousers
7.105223776223776,2.0657368499257074,1.844,15.259,13.415000000000001,7.399423872394164,1.4917342657342656,1.3009880642693514,-1.922,5.099,7.021,1.9793536982906978,-6.870923076923077,2.231183921908622,-12.709000000000001,-2.079,10.63,7.224110022859399,0,,,,,,,,,,,,,,,,,,,143,5f4b97e6-4966-4dac-9f20-f71d9171cb68,b76a43b3-c6f9-488c-8031-b3a99ec1a621,Pothole,7.0,,7.791608391608391,Chevrolet Spark 2013,Left door top
-2.612962457337884,1.0099268898403637,-6.742000000000001,1.348,8.090000000000002,2.8013434502537993,0.5387201365187714,0.8793211643491451,-1.444,2.126,3.57,1.0312250460317283,9.303986348122868,0.6264957145581296,6.867000000000001,12.917,6.049999999999999,9.325055433959434,1,0.0036791808873720138,0.038608998358904106,-0.457,0.187,0.644,0.03878390292737263,0.00042662116040955534,0.06741891026976246,-0.4,0.35200000000000004,0.752,0.0674202600675553,-0.007484641638225256,0.038633359335430814,-0.27899999999999997,0.258,0.5369999999999999,0.03935170026813548,293,5f5ace1c-863e-426d-8dc0-b599c39e5edb,93a8f4aa-76d8-48e2-a62d-f235d4b88aaf,Pothole,6.0,,0.0,Honda Accord 2007,Right door
-1.8061955307262567,1.4509372739511932,-10.199,3.295,13.494,2.31679979026165,-0.04121229050279331,1.4287924735896302,-5.766,3.491,9.257,1.4293867165588394,10.90827374301676,1.9480678403329852,3.3339999999999996,20.006,16.672,11.080857564427426,0,,,,,,,,,,,,,,,,,,,179,5f958b7c-42a0-4fe2-bf9a-49da8863a716,6365dbed-bc7d-4f16-b29d-f27ab80cc5b5,Pothole,8.0,,7.808379888268157,Peugeot Partner 2013,Console
5.8858532110091755,1.6369275136288142,-0.139,12.625,12.764,6.109238881106387,-0.7261834862385322,1.3116062298238051,-8.423,3.287,11.71,1.4992175818733466,7.282568807339451,2.1379902093259937,-0.51,16.935,17.445,7.5899150567583655,1,-0.028403669724770642,0.05267019059542891,-0.264,0.094,0.358,0.05984076730116903,0.002073394495412846,0.12689818980801418,-0.6729999999999999,0.402,1.075,0.12691512731461288,-0.032963302752293575,0.05131749109070046,-0.142,0.15,0.292,0.060992329191329346,109,5f9e3694-b18d-4d6d-bc8c-9a1c1c22ae13,894fd446-d1ac-4f3f-a1cc-59aa8866537d,Metal_bumps,,good,0.0,Chevrolet Cruze 2010,Right door
0.044210374639769456,1.3137574746277203,-7.022,4.629,11.651,1.3145011446803665,-7.851308357348703,1.0822249868704805,-13.572000000000001,-4.354,9.218,7.925544387887838,6.127043227665707,1.0181957121387932,-0.039,13.533,13.572,6.21106924948531,0,,,,,,,,,,,,,,,,,,,347,5ff2d493-13ee-4db0-9854-346f138668bc,501e9fc7-3277-43fe-91be-93d809352fe1,Pothole,16.0,,10.654236311239194,Chevrolet Express van 2013,Console
6.293822033898304,1.0454089997712106,1.177,9.414,8.237,6.38005295990452,0.08938983050847457,0.5159784030741542,-1.53,2.7460000000000004,4.276000000000001,0.5236642571698856,7.815364406779661,1.2583143329184634,4.119,12.630999999999998,8.511999999999999,7.916013881442253,0,,,,,,,,,,,,,,,,,,,118,5ff95342-8f86-42ef-b649-b827e0c1639a,263e1f3f-5aec-4649-a171-910e1a8589d1,Pothole,6.5,,13.751999999999999,VW Derby 2001,Left door
-7.026803827751197,0.7762625368454608,-10.003,-4.59,5.413,7.06955129833631,0.24305263157894738,0.49837145511933545,-2.471,2.04,4.511,0.5544805578153442,-7.39434928229665,0.9378212291829309,-13.612,-4.825,8.786999999999999,7.4535836995707765,0,,,,,,,,,,,,,,,,,,,209,60420ef5-ab9b-4cd8-ae61-690925d12d93,aae97e0c-7ee3-4ce2-9655-11afa316ced3,Pothole,6.0,,11.777511961722489,Chevrolet Cruze 2010,Left door
2.8757830188679248,0.909607141040788,0.314,4.9030000000000005,4.589,3.0162084017258337,4.3378962264150935,1.1180091717418814,-0.431,7.138999999999999,7.569999999999999,4.479652685113577,-8.49772641509434,1.343446437641515,-16.632,-2.628,14.004000000000001,8.60326696997157,0,,,,,,,,,,,,,,,,,,,106,6042eb46-e04e-4424-a0eb-fdb40cd31f42,80c59f59-8727-4310-b427-dba7e1f77b0b,Metal_bumps,,bad,12.6,Peugeot Partner 2013,Left door
-0.9924294478527609,0.8454517431115569,-4.354,3.295,7.649,1.3037272946807954,3.737098159509202,0.9695514946583078,0.51,6.433,5.923,3.860820217855427,9.782079754601225,1.8412552099696637,1.0590000000000002,16.201,15.142,9.953858803178777,0,,,,,,,,,,,,,,,,,,,163,609b5d32-779a-465b-bab4-6f8d5a2b37d2,1d868bf5-e370-4f99-a6f7-bf9919c1481b,Speed_bump,,good,8.641104294478527,Chevrolet Cruze 2010,Console between seats
2.873885057471264,1.0140311431124827,-0.353,4.9030000000000005,5.256,3.0475358050002663,0.6515172413793103,0.4237877331945595,-0.275,2.589,2.864,0.777219890777822,9.59245977011494,0.8610586881702725,5.335,13.062000000000001,7.727000000000001,9.631028320265033,0,,,,,,,,,,,,,,,,,,,87,60ad297a-8088-4b11-8866-6e4859958fe9,42dd29da-69c2-4a10-86a8-a40a9c569324,Metal_bumps,,bad,13.5,Kia RIO 2018,Console
8.825232258064517,2.779075257705641,2.5380000000000003,35.21,32.672,9.252458251555323,0.2346193548387097,1.3261642494048707,-5.002,3.515,8.517,1.3467582775184699,3.9486774193548384,2.135592838853203,-14.409,13.110999999999999,27.52,4.489188137679671,1,0.003541935483870967,0.1681922187111032,-1.1079999999999999,1.456,2.564,0.16822950912944937,0.029774193548387094,0.2468429708078657,-0.495,1.251,1.746,0.24863216774727614,-0.0012000000000000008,0.10557122041846993,-0.4,0.6559999999999999,1.056,0.10557804023870286,155,60bb137f-737e-494c-8432-ade713560117,cdc75e64-c77f-4aec-a30b-877b86524a4a,Pothole,11.0,,0.0,Chevrolet Spark 2013,Right door
-8.838923371647509,0.9492285766241025,-12.749,-5.609,7.140000000000001,8.889746973932183,3.6736168582375477,0.6461901600412921,1.726,6.276,4.55,3.7300164267816975,3.335582375478927,0.3204586600371794,2.511,4.9030000000000005,2.3920000000000003,3.350940694252655,0,,,,,,,,,,,,,,,,,,,261,610af7e8-7c0b-40a0-b536-5487664831ca,d08f1d6a-c0f0-4080-88b2-3b92b655d91c,Ditch,6.0,,8.856000000000003,Chevrolet Express van 2013,Copilot
-7.743615384615384,1.1860488988791922,-13.219000000000001,-3.452,9.767000000000001,7.833919275521328,3.4556,0.9820829559195559,1.53,4.9430000000000005,3.4130000000000003,3.5924446122811267,5.576476923076923,1.260185353981918,2.707,9.375,6.668,5.71709384215442,0,,,,,,,,,,,,,,,,,,,130,61747fc1-0e37-4de8-9cae-cd2fc8368375,43a943da-3432-4f22-8750-35ad80d287e8,Pothole,8.0,,0.0,Chevrolet Spark 2013,Copilot
-8.121954545454544,0.961331225544355,-10.552,-5.845,4.707,8.17864923833003,1.9637348484848487,0.44494584041970237,0.51,3.06,2.55,2.0135121941673475,5.060257575757575,1.17057919244105,2.079,8.434,6.354999999999999,5.193887020217891,0,,,,,,,,,,,,,,,,,,,132,61acfca9-6385-4b95-a30c-b577122ecfd3,83b2cf8a-897e-4c27-a257-21ad84341b21,Pothole,5.0,,0.0,VW Pointer 2004,Dashboard
0.613149855907781,1.5718617040745952,-8.158999999999999,10.042,18.201,1.6872172244663763,-2.1386916426512967,0.9015405355237238,-6.315,0.981,7.296,2.3209431874862654,10.515230547550432,1.4340854434934334,5.256,20.006,14.75,10.612571532261986,0,,,,,,,,,,,,,,,,,,,347,61ad7d5f-a489-4373-9c15-d3b7324873de,501e9fc7-3277-43fe-91be-93d809352fe1,Pothole,16.0,,5.106916426512968,Chevrolet Express van 2013,Console
8.658521008403362,0.9790289379397081,5.2170000000000005,12.592,7.375,8.713695181396107,1.3189075630252103,0.9908234584976212,-1.4909999999999999,3.923,5.414,1.6496206490324639,-4.812092436974791,0.7926061362705472,-9.414,-2.628,6.786,4.876931218424522,0,,,,,,,,,,,,,,,,,,,119,61b699c2-24e9-4219-ba5b-5610acfbc57d,e9f479ad-a384-4f42-a3d6-e24ba492ce54,Pothole,7.0,,21.924000000000014,Chevrolet Spark 2013,Left door
-0.4345905511811024,1.3169864930601398,-6.865,4.511,11.376000000000001,1.3868389849145213,7.094157480314961,2.156197956761683,-0.51,13.847000000000001,14.357000000000001,7.414597762808983,-6.567811023622046,2.5062224318032422,-18.162,1.02,19.182,7.029743417770313,0,,,,,,,,,,,,,,,,,,,127,61d90108-430d-4603-84a0-a8efa5058329,b890f1c4-65a2-4be8-89a5-861f138e2de6,Metal_bumps,,good,10.50236220472441,Kia RIO 2018,Left door top
0.11929065743944638,0.4579021200042778,-1.255,1.6480000000000001,2.903,0.4731856004325865,-0.4730173010380623,0.7864677172579364,-2.7460000000000004,0.785,3.5310000000000006,0.9177564150526228,10.119404844290656,0.4834521608292208,8.748,12.356,3.6080000000000005,10.130946668227194,0,,,,,,,,,,,,,,,,,,,289,61f25339-400d-4b87-a207-bea2650403e1,93a8f4aa-76d8-48e2-a62d-f235d4b88aaf,Pothole,6.0,,14.241176470588236,Honda Accord 2007,Console
9.733507462686568,3.03478699920461,-0.628,19.965999999999998,20.593999999999998,10.195641208708574,0.9876940298507463,1.4582432347710041,-4.59,5.335,9.925,1.7612531982535076,-1.724223880597015,1.5432503189348135,-8.002,3.491,11.493,2.3139942820399173,0,,,,,,,,,,,,,,,,,,,134,6200f45f-5e0f-4d74-ade2-9f2c19444023,bc8b4198-f261-46dc-918e-518c3e0a0971,Metal_bumps,,good,19.255970149253734,VW Pointer 2004,Left door
9.958985507246378,3.595648918445389,2.3930000000000002,20.006,17.613,10.588204922377583,-0.18813043478260866,1.3524379801799211,-3.295,5.256,8.551,1.3654601974150098,-2.530094202898551,1.3966025436890974,-9.375,1.255,10.629999999999999,2.8899611313268054,0,,,,,,,,,,,,,,,,,,,138,621c2265-cda3-4679-a7e7-5437077526b1,f0b107ff-08ef-4690-a38d-d99c138d3155,Speed_bump,,bad,11.282608695652174,VW Pointer 2004,Left door
-7.579055555555556,1.208300848860922,-10.982999999999999,-4.746,6.236999999999998,7.6747686646279805,1.9700222222222221,0.40029691696089176,1.177,3.3339999999999996,2.1569999999999996,2.0102798754844504,5.941088888888888,0.9402379562222468,3.53,8.316,4.786000000000001,6.01502989186255,0,,,,,,,,,,,,,,,,,,,90,621c4b36-7c07-49c5-a983-5171a8b07a06,7327b857-a024-4ac4-93ef-95e7a4340af3,Speed_bump,,bad,0.0,VW Pointer 2004,Dashboard
-9.131405541561714,2.9008091235123374,-18.868,0.8240000000000001,19.692,9.581088703039773,2.4132997481108314,2.114005461561363,-5.609,14.985,20.594,3.208275980295815,3.1508765743073046,2.2750273167746546,-6.669,9.885,16.554,3.8863572247786773,0,,,,,,,,,,,,,,,,,,,397,624099a0-5f98-4861-8b2b-4c6a23537c80,e662fbc8-0ccd-46b9-98cb-ada0c52d2c76,Pothole,16.0,,4.844584382871537,Chevrolet Express van 2013,Copilot
8.210965034965035,1.4001051479624211,4.119,12.552999999999999,8.434,8.329480249737628,0.8797202797202798,0.6644080430207712,-1.0590000000000002,3.4130000000000003,4.472,1.1024272394048589,-6.067482517482518,1.025273191314017,-10.16,-3.2560000000000002,6.904,6.153497315899571,0,,,,,,,,,,,,,,,,,,,143,624f6a85-0cc4-454c-8edf-a133756efc7f,4848efd1-16c6-4051-bb0f-e24220fd6cf4,Pothole,6.5,,12.6,VW Derby 2001,Console left
-6.959037499999999,1.001340706799514,-10.317,-4.746,5.571,7.0307102157250085,-0.009599999999999987,0.5746615329913775,-1.6869999999999998,1.4909999999999999,3.178,0.5747417137288714,-7.37660625,0.9054723428746664,-10.199,-4.119,6.08,7.431971470023954,0,,,,,,,,,,,,,,,,,,,160,6289c044-166a-4f37-9f60-3e0daf09e26f,3bf0a5a0-84ac-4ff2-a7f2-aa0327887ad7,Pothole,6.0,,12.4875,Chevrolet Cruze 2010,Left door
0.07124683544303793,1.2857479066981186,-3.2560000000000002,3.02,6.276,1.2877203854638788,-8.662075949367088,1.9658653537738546,-18.123,-0.235,17.888,8.882352522939637,5.646873417721519,1.2303885037064008,1.255,9.767000000000001,8.512,5.779362877153742,0,,,,,,,,,,,,,,,,,,,158,6293731f-7995-4a4b-94b8-9935976ff65f,fdd8dbe7-88ee-4234-8f3e-1d3dca54c873,Metal_bumps,,good,26.578481012658226,Honda Accord 2007,Console seats
-1.0422932330827068,1.010745364673936,-4.08,2.354,6.434,1.451888899310085,3.127781954887218,0.8766175968476478,-1.0590000000000002,6.119,7.178,3.248303921806125,10.063233082706768,1.765276292618658,1.138,15.415999999999999,14.277999999999999,10.216890939330096,0,,,,,,,,,,,,,,,,,,,133,62b16685-260a-4d6e-a6e2-22086f36ddf6,239def7b-d731-4b2c-b6cb-14de8cd8b7b9,Speed_bump,,bad,23.630075187969926,Chevrolet Cruze 2010,Console between seats
1.2147027027027029,1.6007716824025484,-3.491,5.099,8.59,2.009470735078054,0.44579054054054057,0.9384582832337184,-1.3730000000000002,2.785,4.158,1.0389577255140872,11.2575,1.5120362210554954,5.727,15.181,9.453999999999999,11.35858969167316,0,,,,,,,,,,,,,,,,,,,148,6329480d-ea6a-4ee5-8382-51c7b120ce07,98ae06bc-e394-408e-9a30-9e7426f692a4,Pothole,9.0,,10.921621621621622,Chevrolet Cruze 2010,Dashboard
6.254949044585986,0.75094103847334,1.52,8.828,7.308,6.299865077414799,-1.2722675159235668,0.6680186539804138,-4.743,2.222,6.965,1.4369807076436787,7.0326242038216575,0.711372159437725,3.8360000000000003,9.996,6.16,7.068511409158315,1,-0.008713375796178344,0.018105512042220915,-0.079,0.039,0.118,0.020093095432920063,0.0005031847133757959,0.03263338609379622,-0.195,0.067,0.262,0.03263726524699255,-0.009299363057324843,0.016987993125214335,-0.073,0.039,0.11199999999999999,0.019366725683353587,157,632f8747-bd41-4b44-910f-52e47db92b3b,189c8aa4-a8ad-490f-879f-570087532791,Pothole,5.5,,0.0,Chevrolet Cruze 2010,Right door
-6.17129393939394,0.9154704908735392,-10.081,-1.726,8.355,6.238826420574675,2.8800848484848487,0.6103720515272494,0.8240000000000001,4.707,3.883,2.9440521013999694,7.480154545454545,1.1276088392246313,2.628,11.845999999999998,9.217999999999998,7.564668777823774,0,,,,,,,,,,,,,,,,,,,330,633c6e10-34f5-44db-a195-65caf29506f6,3fe9c651-8f98-4fde-b1bc-60262487f287,Speed_bump,,good,25.2,Honda Accord 2007,Copilot trousers
0.031192546583850934,0.5801674690280036,-2.001,1.608,3.609,0.5810053933318909,-1.9969130434782612,0.5421532454084236,-3.609,-0.706,2.903,2.0692007743862115,9.732111801242235,1.704171618926668,5.492000000000001,15.887,10.395,9.880192357370051,0,,,,,,,,,,,,,,,,,,,161,633ff626-584b-4555-b95f-1064a09e6c9f,23262ba3-e541-486b-b128-6723952f87f5,Pothole,5.0,,21.6,Peugeot Partner 2013,Console
0.016131782945736424,0.5833676142287378,-1.844,2.2359999999999998,4.08,0.5835906165729003,-1.9972403100775193,0.7105108629972614,-5.688,-0.706,4.981999999999999,2.1198571986423187,10.340651162790698,2.7599767094039285,1.9609999999999999,21.691999999999997,19.730999999999998,10.702641632184866,0,,,,,,,,,,,,,,,,,,,129,63a75d80-0c48-4e2c-9503-b612b81fa793,ba603f8e-b287-4763-b13b-1a29e3aea9bc,Pothole,7.0,,14.630232558139534,Peugeot Partner 2013,Console
-0.10482178217821782,0.8484712448792374,-3.805,2.707,6.5120000000000005,0.8549216685790227,7.011079207920792,1.8325017238691839,1.9609999999999999,15.573,13.612,7.2466057038949465,8.101643564356435,1.640918443524896,4.158,15.455,11.297,8.26615036048693,0,,,,,,,,,,,,,,,,,,,101,63f5ea59-efdd-49b6-8f39-a7cb51203cb4,d2ff0919-5520-48f8-8d1a-f6d3820f0aa9,Speed_bump,,good,18.953465346534653,Peugeot Partner 2013,Console
-6.907578740157481,0.9880787886696512,-10.513,-3.295,7.218,6.977889633986374,0.03289370078740154,0.5039206057400846,-1.844,1.569,3.4130000000000003,0.5049930419728028,-7.321775590551181,0.9115751104126658,-11.493,-3.53,7.963000000000001,7.378303801031438,0,,,,,,,,,,,,,,,,,,,254,6414f49d-c584-4680-8c31-f367b7663acb,5794dfea-1dd6-4ee5-9198-242de74036d9,Pothole,6.0,,13.5,Chevrolet Cruze 2010,Left door
-7.868073333333333,1.994118883439222,-13.298,-1.0590000000000002,12.239,8.116839785285896,-0.021426666666666705,0.771443394740592,-2.04,1.4509999999999998,3.4909999999999997,0.7717408977975272,-6.485986666666666,1.7400713969515413,-12.788,0.745,13.533,6.715345970734989,0,,,,,,,,,,,,,,,,,,,150,64469065-9d96-40c6-9eac-0185f2900b6b,98ae06bc-e394-408e-9a30-9e7426f692a4,Pothole,9.0,,9.612,Chevrolet Cruze 2010,Left door
2.6837263157894733,0.5827736301895627,1.608,6.08,4.4719999999999995,2.746272390369401,0.4098315789473685,0.6253836322001262,-1.0590000000000002,2.2359999999999998,3.295,0.7477075701946021,9.833073684210527,0.7674342796083617,6.629,13.023,6.394,9.862975892327405,0,,,,,,,,,,,,,,,,,,,190,64d2aac5-e8de-4a23-a58f-43a2dac8b9f3,0d7f3435-6be7-4d62-b063-6602a4ab764f,Pothole,4.0,,14.83578947368421,Kia RIO 2018,Console
0.15983165829145726,2.134182620252,-29.263,4.9030000000000005,34.166000000000004,2.1401592500507736,0.08829899497487437,0.8472587980679295,-1.922,12.749,14.671000000000001,0.8518475118335942,10.180723618090454,1.7085894955537324,3.4130000000000003,16.907,13.494,10.323100864191018,0,,,,,,,,,,,,,,,,,,,398,64dd4ae0-aae4-42f1-8482-707364e131a6,e662fbc8-0ccd-46b9-98cb-ada0c52d2c76,Pothole,16.0,,7.5369346733668365,Chevrolet Express van 2013,Console
7.819693877551021,3.1367681255770217,3.53,27.145,23.615,8.425373974622426,-0.02201020408163267,1.2211001939109445,-3.609,4.59,8.199,1.2212985436219355,7.634387755102042,2.7116223272359203,2.511,22.281,19.77,8.1016524265619,0,,,,,,,,,,,,,,,,,,,98,650a1f55-a784-43fc-9095-6545fbab99e6,de44f47c-b221-478d-b83e-6cd3d360c7c7,Pothole,6.5,,13.751999999999999,VW Derby 2001,Left door
4.791849206349206,1.6701822639225914,-0.0,12.435,12.435,5.074576594269822,-0.23752380952380955,0.5013426530650599,-1.765,3.06,4.825,0.5547630267718063,8.953690476190477,2.2758460644245946,1.4909999999999999,24.595,23.104,9.23840075188238,0,,,,,,,,,,,,,,,,,,,126,651d4fd9-eba2-4d94-8d73-7e52314704c4,10bfa320-b91b-4276-b64f-4de7e92da22e,Speed_bump,,bad,25.206285714285716,VW Derby 2001,Console
5.92715,0.7781687333091711,4.08,7.962999999999999,3.882999999999999,5.978014193693421,0.3915916666666667,0.4052240223183824,-0.706,2.001,2.707,0.5635162301714713,8.315733333333332,0.9575075607476365,5.8839999999999995,10.866,4.982,8.370677487515572,0,,,,,,,,,,,,,,,,,,,120,652a4918-f1c0-44c9-99e8-ee6f69c75e76,c045444a-4ab3-4a4e-a73c-67423ffb2cc0,Speed_bump,,good,15.3,Kia RIO 2018,Left door
7.950092485549133,1.2121193795539915,2.079,15.573,13.494,8.04196517768357,0.3641618497109826,0.5772409233857737,-1.6869999999999998,3.217,4.904,0.6825107591944504,-5.719809248554913,1.4015544316527857,-12.474,3.491,15.965,5.889021367319012,0,,,,,,,,,,,,,,,,,,,173,662761fe-2ef8-4ba6-84b2-ed49631c2532,5b2efa9e-4ab0-40d6-99ee-6ebb4ad714e7,Metal_bumps,,good,9.9,Chevrolet Spark 2013,Left door
-8.008198473282443,1.6267567435216272,-15.181,-1.726,13.454999999999998,8.171755031208187,2.82612213740458,0.5200800440874721,0.785,4.158,3.373,2.8735778374330248,5.662076335877863,1.3386825220851253,1.294,10.199,8.905,5.818176632609591,0,,,,,,,,,,,,,,,,,,,131,66474798-92e3-4cb8-a11a-3635fde459ce,4c4b9d5e-eec2-4a27-9096-9f95822c4972,Pothole,6.0,,0.0,Chevrolet Spark 2013,Copilot
-1.9260283687943263,0.8243648700129838,-4.354,0.8240000000000001,5.178,2.095032867597083,-0.5538900709219858,0.9122327600360413,-5.178,2.001,7.179,1.0672220102438557,10.874836879432625,0.9295189339486234,7.452999999999999,15.415999999999999,7.962999999999999,10.914489571337583,0,,,,,,,,,,,,,,,,,,,282,66602c34-2de7-43a3-9541-6e8e0991a74a,14818ed9-69cb-4d56-90e6-3aaec7acfe28,Pothole,7.0,,3.4085106382978725,Peugeot Partner 2013,Console
-1.7189190751445087,1.685314479610637,-7.319,6.074,13.393,2.4072739108960834,0.5593988439306358,0.6473138515638369,-1.575,1.949,3.524,0.8555362581546974,9.47256069364162,3.142213628811836,1.094,34.946999999999996,33.852999999999994,9.980125880158779,1,0.006699421965317918,0.13179302326877868,-0.8740000000000001,0.6709999999999999,1.545,0.1319631889467446,0.006942196531791909,0.306639452589181,-1.2690000000000001,1.499,2.7680000000000002,0.3067180268208548,0.009115606936416179,0.13042411227523046,-1.053,0.49200000000000005,1.545,0.13074227836702693,173,6676d1f4-8fbd-4601-b1fe-a87c68ada52d,e1623b0b-af77-41e4-a772-c798eee54b42,Speed_bump,,bad,24.384485549132936,Honda Accord 2007,Right door
8.606444444444444,2.483694044769744,0.667,31.028000000000002,30.361,8.95765717603288,-0.10869444444444445,0.547013130527171,-4.7860000000000005,0.981,5.767,0.5577076718337505,6.318972222222222,1.6794847380489963,-0.51,17.887,18.397000000000002,6.538354451278667,0,,,,,,,,,,,,,,,,,,,144,66b5945c-b01b-431c-9364-0ba5d9a4006e,1f9c99b4-b5ab-4fcc-b24b-369301561c0e,Metal_bumps,,good,38.7,Chevrolet Spark 2013,Console
6.012983606557377,0.9698533181608694,1.64,9.898,8.258,6.090696783741201,-0.7787295081967213,0.8545872173629124,-4.1419999999999995,1.8719999999999999,6.013999999999999,1.156174277095107,7.3640655737704925,1.0175560220426012,4.022,9.467,5.445,7.434035380114013,1,-0.019581967213114754,0.049260571830965175,-0.11,0.11699999999999999,0.22699999999999998,0.053009974316624416,0.011688524590163934,0.06008424167635941,-0.128,0.188,0.316,0.0612106012461733,-0.023918032786885243,0.04376119812920852,-0.15,0.08199999999999999,0.23199999999999998,0.04987098108217203,122,66bf74b9-42ef-4c83-bb97-12ccf5d57d57,743b3b39-88d9-489b-935c-2a9e7b9133ca,Speed_bump,,bad,0.0,Chevrolet Cruze 2010,Right door
4.576318965517242,0.7981017090046676,2.001,6.982,4.981,4.645391437981191,0.37093103448275866,0.6157408311179522,-1.4909999999999999,1.765,3.256,0.7188369797445564,8.900775862068965,0.9907903592431067,5.2170000000000005,11.845999999999998,6.628999999999998,8.955751028403963,0,,,,,,,,,,,,,,,,,,,116,66cc45f0-fd6e-4483-8d58-70db1b2e0a48,263e1f3f-5aec-4649-a171-910e1a8589d1,Pothole,6.5,,10.8,VW Derby 2001,Console
1.811880952380952,1.6760900781620833,-5.06,9.454,14.514,2.4682363208806173,-8.340565476190477,1.1983992082689037,-12.474,-1.9609999999999999,10.513,8.42622057182222,5.955464285714286,1.2539235845406795,0.981,15.769,14.788,6.0860396987109535,0,,,,,,,,,,,,,,,,,,,168,66d77aab-1f7a-4511-9ae6-9fdc72566205,836e0ed8-d4e5-4d70-9655-ce0cef1c3be3,Pothole,5.0,,16.2,Honda Accord 2007,Console seats
-8.868080939947781,2.8666705055137407,-19.965999999999998,-0.47100000000000003,19.494999999999997,9.319906616734286,3.491916449086162,1.7863266561643092,-4.746,12.199000000000002,16.945,3.9223007801444383,3.0681879895561357,1.9757872215440067,-2.2359999999999998,10.787,13.023,3.6493167420865387,0,,,,,,,,,,,,,,,,,,,383,66de7f61-361e-4c0a-a32e-96879bd1dd78,fcc97819-07be-4573-915c-a2bd280260f5,Pothole,16.0,,20.29507049608355,Chevrolet Express van 2013,Copilot
-0.060570796460177,0.8571683402762449,-1.922,6.041,7.963,0.8593057575483548,-1.071951327433628,0.5211334586281884,-3.295,0.275,3.57,1.1919143132324972,10.205712389380531,0.9579250813753231,6.825,13.69,6.864999999999999,10.250570024944134,0,,,,,,,,,,,,,,,,,,,226,6707c127-3047-4cb0-90a7-5bde2d27a917,3e293976-a084-46ee-98c2-7df815eb0ac0,Speed_bump,,good,24.929203539823007,Honda Accord 2007,Console
-0.1961212121212121,0.6061034268963511,-1.726,1.177,2.903,0.6370438712831274,6.057507575757577,0.37004881938804596,5.021,6.865,1.8440000000000003,6.068800059244901,7.84115909090909,0.5557876042641821,6.1979999999999995,9.218,3.0200000000000005,7.860831746704671,0,,,,,,,,,,,,,,,,,,,132,671fab84-04fa-4ec0-8fc4-e50df494d042,0deea081-7f07-4d7b-be84-ab78f5997160,Pothole,7.0,,0.0,Chevrolet Cruze 2010,Console
-8.309435114503817,1.7646513142989606,-12.709000000000001,-3.2560000000000002,9.453000000000001,8.494745798622,1.7559541984732827,0.7737923845520643,-0.235,4.707,4.942,1.9188876469263951,4.8641145038167934,1.253903034109873,0.667,9.179,8.512,5.0231347508493975,0,,,,,,,,,,,,,,,,,,,131,674c7097-91fc-4e0d-b4f3-cf6ebe4ea088,f0b107ff-08ef-4690-a38d-d99c138d3155,Speed_bump,,bad,0.0,VW Pointer 2004,Dashboard
0.11550248756218906,0.35110499520158295,-1.177,2.432,3.609,0.3696153977968954,-7.77155223880597,0.9129889835518431,-11.023,-4.393,6.63,7.824996682719879,6.264925373134329,0.7564740079996732,3.0989999999999998,9.297,6.198,6.310431273353778,0,,,,,,,,,,,,,,,,,,,201,67548a1c-9cc3-46d7-8be0-361c7da81557,ace132a4-dc34-49f4-9af8-91fd5c6d1fae,Ditch,6.0,,15.938328358208956,Chevrolet Express van 2013,Console
0.29961842105263164,0.5688229760494187,-2.432,1.53,3.9619999999999997,0.6429080621020314,6.156756578947369,1.0682690992337887,1.726,8.982999999999999,7.256999999999999,6.248747909844778,8.46829605263158,0.8571257188295981,5.374,11.845999999999998,6.471999999999999,8.511562872521987,0,,,,,,,,,,,,,,,,,,,152,67728ebb-1bbc-4c96-acb1-73dbb3a259f1,b2ea9aa9-0023-4ec1-8d8f-1780fe9ef70a,Pothole,7.0,,7.602631578947369,Peugeot Partner 2013,Console
0.5011447368421053,0.474527901235793,-1.804,2.628,4.432,0.6901614132330128,-0.009789473684210523,0.5189643486332703,-2.432,2.432,4.864,0.5190566721923228,10.986039473684212,0.9086175291239442,8.041,16.160999999999998,8.119999999999997,11.023549751853027,0,,,,,,,,,,,,,,,,,,,152,67c8aa19-b8d4-4784-930b-ebb5d359699a,189c8aa4-a8ad-490f-879f-570087532791,Pothole,5.5,,11.03092105263158,Chevrolet Cruze 2010,Dashboard
-7.261328947368421,2.5177648420153074,-15.73,1.6480000000000001,17.378,7.685443245615632,3.147171052631579,1.2009865833441173,-0.078,6.865,6.9430000000000005,3.368538912925712,6.396999999999999,2.357012083237232,-0.275,15.769,16.044,6.817412629475079,0,,,,,,,,,,,,,,,,,,,152,684f773e-fe4f-42e0-a8c0-b7395c3d7eb1,cdc75e64-c77f-4aec-a30b-877b86524a4a,Pothole,11.0,,0.0,Chevrolet Spark 2013,Copilot
7.206195488721805,1.6519072479316514,2.3930000000000002,11.767999999999999,9.374999999999998,7.393108343413046,-0.30669172932330824,0.5623077205928821,-1.6480000000000001,1.334,2.982,0.6405074468526375,6.973481203007519,1.937932673402034,1.765,12.120999999999999,10.355999999999998,7.23774986686735,0,,,,,,,,,,,,,,,,,,,133,68575aba-2dcc-43a9-8e0e-1996362d449d,942ba7b0-f45c-449d-b8ce-2bee67381dd3,Pothole,6.0,,12.6,VW Derby 2001,Left door
3.346045454545455,1.3770473774536829,-1.0979999999999999,8.551,9.649000000000001,3.618325533121137,1.454227272727273,2.0332114260185934,-0.588,17.73,18.318,2.4997451197344827,9.584145454545453,2.6322376717654423,-1.138,18.75,19.887999999999998,9.93904015760805,0,,,,,,,,,,,,,,,,,,,110,6876dd72-1244-43b5-8d72-83652262cb4a,43e13e90-3539-4632-b069-13391b01ed46,Metal_bumps,,good,8.280000000000005,VW Pointer 2004,Glove compartment
-7.776575949367089,0.6695319571910276,-9.689,-5.57,4.119,7.805344741776285,1.7910189873417721,0.42564599410508813,0.5489999999999999,3.217,2.668,1.8409029103449361,5.76237341772152,0.7480604920724737,4.276,8.669,4.393000000000001,5.81072645243805,0,,,,,,,,,,,,,,,,,,,158,688a292d-3004-4b7e-a07a-95c199616598,36bc2903-7ac8-4dd1-81b6-977433c4bf13,Pothole,8.0,,0.0,VW Pointer 2004,Dashboard
8.399117283950618,1.5139910399208192,3.0989999999999998,14.082,10.983,8.53447948140474,0.9443703703703704,1.1466658208916394,-1.4509999999999998,4.276,5.726999999999999,1.4854891117859357,-5.164771604938272,1.550839108890041,-12.592,0.314,12.906,5.392584507714228,0,,,,,,,,,,,,,,,,,,,162,6909b557-d5de-4d03-bfde-649b20fb3bc8,7df84ce3-8aae-4af2-9741-ba9b56fa0dde,Pothole,5.5,,10.951111111111112,Chevrolet Spark 2013,Left door
-2.7302739726027396,2.2950168546865135,-7.767,4.08,11.847000000000001,3.5667209491025678,4.0306712328767125,0.9263137735026247,1.294,5.099,3.805,4.135742713772285,8.64754794520548,1.1030600406055462,6.237,11.258,5.020999999999999,8.717615896436836,0,,,,,,,,,,,,,,,,,,,73,690ad2fd-a55b-4a25-8834-d94003f1f80c,8f33e2c1-e701-4a5d-9a51-c7c0472f489a,Pothole,9.0,,11.700000000000001,Chevrolet Cruze 2010,Driver trousers
-2.178687804878049,0.8845896885948604,-4.393,0.157,4.55,2.351420734001613,-0.061429268292682894,1.0853950572777082,-3.727,2.785,6.5120000000000005,1.087131999973257,10.837639024390244,0.9729203995409648,7.571000000000001,15.062999999999999,7.491999999999998,10.881222069548496,0,,,,,,,,,,,,,,,,,,,205,695290f8-eee0-4328-ae6e-8725b84ae2a0,642ada93-72ab-4f94-aead-4ba887a715a4,Pothole,8.0,,3.6746341463414636,Peugeot Partner 2013,Console
2.729478260869565,0.5324408821697213,1.608,4.511,2.903,2.7809251823026844,-0.22206956521739127,0.3131513517034918,-0.981,0.628,1.609,0.38389928479949686,9.784130434782607,1.1452381299498873,6.747000000000001,12.749,6.002,9.850927811081068,0,,,,,,,,,,,,,,,,,,,115,695df299-97ef-44a6-a347-cf5b8f68182c,c045444a-4ab3-4a4e-a73c-67423ffb2cc0,Speed_bump,,good,13.5,Kia RIO 2018,Console
1.3999848484848485,0.5841111608720382,0.275,3.3339999999999996,3.0589999999999997,1.5169520177785534,0.12867424242424247,0.5177804099933783,-1.3730000000000002,1.6480000000000001,3.0210000000000004,0.5335293934136747,9.615621212121214,1.5540164166399304,2.2359999999999998,13.259,11.023,9.740386969632254,0,,,,,,,,,,,,,,,,,,,132,695e82b2-3955-4f86-92f3-c48f421a2f28,c688f8dc-c99a-43a5-b5b6-36c9e0490633,Pothole,5.0,,14.4,Peugeot Partner 2013,Glove compartment
-7.397619834710744,1.127319187137888,-11.258,-4.158,7.099999999999999,7.483022635846764,0.5378264462809917,0.7440609776585169,-2.667,2.079,4.746,0.9180871553362395,7.154809917355371,2.83081694050418,2.785,19.143,16.358,7.694467460723467,0,,,,,,,,,,,,,,,,,,,121,6981cfd0-7d0e-45c9-a2f1-9c3af1244bdb,117c09e7-598b-4cc0-9898-06333e9a8c2c,Pothole,6.0,,0.0,VW Derby 2001,Copilot trousers
-5.6219202453987736,1.7897413803013913,-12.003,-1.334,10.669,5.899928936350651,1.1219325153374236,1.409210626747416,-2.903,4.433,7.336,1.8012793119084012,8.816834355828222,1.8582689492910955,3.177,13.219000000000001,10.042000000000002,9.01053447615691,0,,,,,,,,,,,,,,,,,,,163,69b35799-895a-477f-b17f-e917a44c66b5,3ef5524b-983d-4191-9599-947c5cc43e56,Pothole,12.0,,0.0,Kia RIO 2018,Copilot trousers
-1.320778523489933,1.3355655104963404,-3.766,4.511,8.277000000000001,1.8783479818552251,-0.21932214765100672,0.832619117128275,-3.844,2.9419999999999997,6.786,0.8610207887488653,10.634114093959731,2.364209754972274,0.11800000000000001,20.006,19.888,10.893753729952731,0,,,,,,,,,,,,,,,,,,,149,69cad972-d0c3-4205-8f34-2a566c3b6127,99bdd82b-0730-4561-9151-2577affbfb20,Pothole,5.0,,14.352644295302014,Peugeot Partner 2013,Console
3.036770186335404,0.7445407292393335,0.667,6.002000000000001,5.335000000000001,3.1267097822010603,9.302552795031056,1.0477625608212233,5.178,13.259,8.081,9.361372489555084,2.6187080745341613,1.0129656272472878,-1.412,5.531000000000001,6.9430000000000005,2.8077983085711318,0,,,,,,,,,,,,,,,,,,,161,6a3a2c9a-3f3c-4849-ab59-ce4f815062f5,265f3aef-1c97-4a52-8352-20709c3afd1e,Pothole,6.5,,11.43167701863354,Peugeot Partner 2013,Left door
1.6846415094339622,0.3755577597633636,-0.392,2.432,2.824,1.7259955522035433,0.16985377358490567,0.6138997577618839,-2.1180000000000003,3.06,5.178000000000001,0.6369640625507313,9.818224056603773,0.42665446481410235,8.002,12.16,4.1579999999999995,9.827489896103627,0,,,,,,,,,,,,,,,,,,,424,6a7559af-950a-4095-9d6f-5a55eae0edb6,bb13d56d-9395-405d-a6c1-48927c29d371,Pothole,6.5,,7.138443396226415,Peugeot Partner 2013,Glove compartment
1.5909597315436241,1.18331980325173,-3.648,6.472,10.120000000000001,1.9827754850615524,9.397295302013424,2.0537362302400832,2.275,20.006,17.731,9.619095149578483,1.9971140939597316,1.8790169267847596,-3.805,13.023,16.828,2.7421103762314605,0,,,,,,,,,,,,,,,,,,,149,6aa5b81a-be5f-4315-afaa-30adc8d011be,36bc421b-c7b4-4013-bb4b-ef442eda7ff9,Metal_bumps,,bad,19.516107382550338,Kia RIO 2018,Left door top
-5.444205714285713,1.222829231377057,-8.472999999999999,-0.706,7.7669999999999995,5.5798465201626675,3.1751199999999997,0.5203702554363164,1.608,4.08,2.472,3.2174791712057527,7.872674285714286,1.1607831111163969,4.393,11.454,7.061000000000001,7.957789758469371,0,,,,,,,,,,,,,,,,,,,175,6abe9854-0a7c-46d7-8900-84b9ed7cb497,45cdde7b-58e5-479a-87f3-4a2becdf991b,Pothole,7.0,,19.8,Honda Accord 2007,Copilot trousers
-0.09136756756756757,0.8194002256278357,-3.3339999999999996,1.334,4.667999999999999,0.8244784788956969,7.047632432432432,0.9151978991583257,4.354,9.846,5.492,7.106807306892265,7.920605405405406,0.8066975125333773,5.178,10.317,5.139,7.961579671451192,0,,,,,,,,,,,,,,,,,,,185,6ad1d5f4-d136-485d-b9b4-4d17eb8d1c31,d24f63f7-97aa-4c80-8147-9e7adf0343fc,Pothole,7.0,,15.723243243243243,Peugeot Partner 2013,Console
10.308650406504063,3.570195717765378,-11.258,20.006,31.264,10.909379939605488,0.16073983739837402,2.5128366177041377,-9.061,11.415,20.476,2.5179724308660782,0.7542601626016259,2.8931053893876797,-10.395,9.022,19.417,2.989810560385368,0,,,,,,,,,,,,,,,,,,,123,6b06eee0-a327-4922-a1d0-a998730eab10,60496a31-e489-4df6-b859-bf0c1f2f2029,Metal_bumps,,good,17.882926829268293,VW Pointer 2004,Left door
-3.059674418604651,0.9797113652056069,-6.943,0.039,6.981999999999999,3.2127000960215293,-0.748,0.5853251266398607,-2.667,1.6869999999999998,4.353999999999999,0.9497944534876843,9.591992248062015,1.423007860847202,5.492000000000001,16.317999999999998,10.825999999999997,9.696972035584857,0,,,,,,,,,,,,,,,,,,,129,6b096c13-6dda-44d7-8b4c-d3d481f6dc66,9597eaf3-206d-45f5-a157-b68d8acb5ffe,Pothole,7.0,,23.400000000000002,Chevrolet Spark 2013,Console
7.876543307086615,0.7647795395978427,6.629,11.65,5.021000000000001,7.913584662629093,0.10996062992125982,0.5975993496498849,-1.569,2.1180000000000003,3.6870000000000003,0.6076317329062445,6.76396062992126,0.9602433287550093,2.9419999999999997,10.317,7.375,6.8317809283921935,0,,,,,,,,,,,,,,,,,,,127,6b4e43cb-84d9-4aba-87bf-54e9156bb021,9597eaf3-206d-45f5-a157-b68d8acb5ffe,Pothole,7.0,,23.400000000000002,Chevrolet Spark 2013,Console
0.08422058823529412,0.9340675729049773,-1.412,3.844,5.256,0.9378567791700895,4.18229411764706,1.224128478200662,2.001,7.452999999999999,5.452,4.357760275376224,9.237882352941178,1.3992945652280713,6.159,12.788,6.6290000000000004,9.343259369570065,0,,,,,,,,,,,,,,,,,,,68,6ba51b3c-fffd-471c-9013-2cc6c982e68d,7ab712a5-c434-4df3-9243-b12d01b45f5a,Pothole,5.0,,0.0,Chevrolet Cruze 2010,Console
5.814226851851852,1.393560281697,4.04,9.924,5.8839999999999995,5.978899910812902,0.2919768518518519,0.2526799403236058,-0.314,0.981,1.295,0.3861316281519286,8.387949074074074,1.0152388298650765,5.178,10.277000000000001,5.099000000000001,8.44916561270555,0,,,,,,,,,,,,,,,,,,,216,6bc4108d-a4fa-44ce-8031-95049cf7f525,81c28ebc-dd7c-4398-8743-50e00f568ac0,Speed_bump,,good,12.09,VW Derby 2001,Console
-9.122093495934958,2.0265485485706467,-16.122,-1.6869999999999998,14.435,9.344489754304012,2.522262195121951,1.220188605953705,-1.4509999999999998,8.12,9.571,2.801904140944271,3.234660569105691,2.133772921069416,-5.412999999999999,11.493,16.906,3.87505043528678,0,,,,,,,,,,,,,,,,,,,492,6bd30745-1ddc-43e2-9be2-05b19c677e80,55efcea6-5eb1-4d7d-99c3-a46838ab6b8c,Pothole,16.0,,8.587609756097562,Chevrolet Express van 2013,Copilot
5.639828571428572,0.9878684311581739,1.6480000000000001,9.767000000000001,8.119000000000002,5.725692128675882,1.0912571428571427,0.751634289602412,-0.5489999999999999,2.9419999999999997,3.4909999999999997,1.325064623760991,8.450361904761905,1.4745444308493225,3.295,15.847999999999999,12.552999999999999,8.578047423510784,0,,,,,,,,,,,,,,,,,,,210,6bd85202-eaf4-47ba-9906-d9cf76bcd1d6,103be121-da18-4fa6-b129-bde1b16f2f31,Pothole,9.0,,10.504285714285714,Kia RIO 2018,Left door
2.46208870967742,0.9127757472190189,0.235,6.943,6.707999999999999,2.6258408898926566,1.8851048387096774,0.8339745859296834,-0.745,4.236000000000001,4.981000000000001,2.061342733002745,9.92908064516129,1.4345304311908085,6.59,15.102,8.512,10.032174241714955,0,,,,,,,,,,,,,,,,,,,124,6c1cf0bd-72f6-4cb7-8c68-88899fbcfb18,32c7e7fb-bb87-4a03-bbe6-1326ee079f01,Pothole,5.0,,9.393387096774193,VW Pointer 2004,Glove compartment
-0.5910393258426966,0.5644436095316507,-2.471,1.3730000000000002,3.8440000000000003,0.8172662191928086,7.180483146067416,0.9785256292092281,2.903,10.513,7.609999999999999,7.246851082917154,-6.559224719101123,1.4082049874148213,-12.277999999999999,-3.57,8.707999999999998,6.708686175567254,0,,,,,,,,,,,,,,,,,,,178,6c30422e-ea11-448f-9ef4-25217d76089b,fe77d767-c3a1-48b2-b284-82e2c1f47a1e,Pothole,12.0,,15.91179775280899,Kia RIO 2018,Left door top
5.7786231884057955,1.089137332270097,-1.604,9.012,10.616,5.880366152045772,-0.8066521739130437,0.8678160186940763,-3.86,1.781,5.641,1.1848174424697993,7.652159420289855,1.472303190491041,1.81,12.465,10.655,7.7925105375777886,1,-0.008753623188405798,0.0575799563716524,-0.18600000000000003,0.188,0.374,0.05824154268806751,-0.0005072463768115949,0.044848631037570474,-0.138,0.151,0.28900000000000003,0.04485149947137684,-0.00890338164251208,0.04708908545768141,-0.155,0.138,0.29300000000000004,0.047923399022951646,207,6c4c4da9-32e5-44d9-a6a8-28c5a43d9d81,1d868bf5-e370-4f99-a6f7-bf9919c1481b,Speed_bump,,good,0.0,Chevrolet Cruze 2010,Right door
2.5599600000000002,0.3660525623459013,1.765,3.491,1.7260000000000002,2.5859987780352873,4.9966800000000005,0.44076716937630456,3.609,6.002000000000001,2.3930000000000007,5.016082806334042,-8.461179999999999,0.4242734349449657,-9.767000000000001,-7.492000000000001,2.2750000000000004,8.471810605767812,0,,,,,,,,,,,,,,,,,,,50,6c5bb158-1ad4-45ae-b242-4453359d0f7c,f428be73-5f11-4379-bcc6-83e2a56ec17d,Metal_bumps,,bad,12.6,Peugeot Partner 2013,Left door
-0.33797499999999997,0.9056584387661462,-6.1979999999999995,2.314,8.512,0.9666665962643652,7.227987499999999,1.728149085682063,1.804,18.28,16.476000000000003,7.431709262511553,-6.484120833333334,1.4033180345996552,-12.67,-2.511,10.158999999999999,6.63423880241735,0,,,,,,,,,,,,,,,,,,,240,6ca44475-7028-4b01-a676-c748b1121fee,66229e42-8162-44aa-be6f-f5c3317ff21f,Pothole,9.0,,12.63,Kia RIO 2018,Left door top
4.938957894736842,1.1879206682336243,1.061,8.071,7.01,5.079809110586735,1.1583894736842106,1.0097276995594493,-2.049,4.664,6.712999999999999,1.536690014283948,8.110021052631577,1.6167458673387065,1.456,12.898,11.442,8.269601482156453,1,-0.013421052631578948,0.026881642708016205,-0.071,0.105,0.176,0.03004575458232082,-0.005336842105263158,0.06845476578331675,-0.25,0.28,0.53,0.06866248496890615,-0.012936842105263158,0.023231471633071963,-0.066,0.054000000000000006,0.12000000000000001,0.026590659222643146,95,6cc651e7-dbfc-43ed-a2ce-adc08ba1ae17,9d7a5b6c-863b-448d-a300-430f6f3c1b9c,Metal_bumps,,bad,0.0,VW Pointer 2004,Right door
-0.4598564102564102,1.1340238001832175,-9.179,3.9619999999999997,13.141,1.2237147941558513,7.424923076923077,1.45202981506112,1.0590000000000002,13.808,12.748999999999999,7.565571576692093,-6.380246153846154,1.8856540403587039,-20.006,0.11800000000000001,20.124,6.653061862299925,0,,,,,,,,,,,,,,,,,,,195,6cd5fd51-7177-426e-8380-1f50a81436b0,0d7f3435-6be7-4d62-b063-6602a4ab764f,Pothole,4.0,,17.1,Kia RIO 2018,Left door top
8.538824,1.2885643550184058,5.2170000000000005,12.749,7.532,8.635503077412457,0.535384,0.8535942247602194,-1.9609999999999999,3.02,4.981,1.0076006788405811,-4.790304,0.9678223574520275,-9.493,-2.511,6.982,4.887094487320661,0,,,,,,,,,,,,,,,,,,,125,6d2b94dc-aa8d-449e-bc77-60e2bf1512b2,8d11b47a-199b-4dda-ab38-fc6c7f7a418b,Pothole,5.5,,21.92400000000001,Chevrolet Spark 2013,Left door
4.9654626865671645,3.261736477035297,-3.5580000000000003,21.955,25.512999999999998,5.940938018302618,-0.01974626865671642,2.316281202113033,-9.85,9.558,19.408,2.316365368932125,8.42513432835821,4.778978167478846,-1.281,32.902,34.183,9.686150978387618,1,0.016253731343283586,0.09655813240653668,-0.34600000000000003,0.36200000000000004,0.7080000000000001,0.09791658039585487,-0.0009253731343283611,0.4133404622274633,-1.018,2.237,3.255,0.41334149807374865,0.014253731343283588,0.14434332447985937,-0.496,0.616,1.112,0.14504538661779104,67,6d305fdf-20b3-49a7-9c12-fb39e590b1f9,1920fdbe-9dc2-478e-8802-aa1b18045548,Metal_bumps,,good,0.0,VW Pointer 2004,Right door
-0.2014086021505376,0.8740971715446441,-3.177,2.001,5.178,0.8970012766560485,6.312930107526881,0.5640681538713352,4.236000000000001,8.355,4.119,6.338080105578595,7.745973118279569,0.9014088699864653,5.296,11.729000000000001,6.433000000000001,7.798245796331377,0,,,,,,,,,,,,,,,,,,,186,6d79298b-8476-4611-9c97-c5da268bff56,50241cd5-821b-44ac-b767-04d04e3c8c13,Pothole,9.0,,0.0,Chevrolet Cruze 2010,Console
8.328537878787879,1.588655470235964,3.217,15.024000000000001,11.807,8.478700926528493,0.09034090909090904,0.7971143964662281,-2.354,2.864,5.218,0.8022174523837604,-5.738363636363637,1.2234961843925547,-11.572000000000001,-1.569,10.003,5.867346941877874,0,,,,,,,,,,,,,,,,,,,132,6dab22b7-b7cb-4cea-8130-c5bcdce7aa50,33738b16-0e25-4a5b-b72e-9c0308b2ef02,Pothole,6.0,,9.9,Chevrolet Spark 2013,Left door
1.7962566844919785,0.8786387736384499,0.275,5.2170000000000005,4.942,1.9996360096585062,0.21270588235294116,0.9119318884158962,-1.412,4.864,6.276,0.9364099323999752,10.153390374331552,1.6482454072358859,6.551,18.907,12.356,10.286303953123435,0,,,,,,,,,,,,,,,,,,,187,6db31285-9be1-4da7-8aa1-74b052510a31,d24f63f7-97aa-4c80-8147-9e7adf0343fc,Pothole,7.0,,14.765775401069519,Peugeot Partner 2013,Glove compartment
4.614623076923078,0.9501588633598603,1.755,9.529,7.774,4.711427385378268,-0.3128153846153846,0.5211439603944589,-1.7209999999999999,1.329,3.05,0.6078194569999321,8.32873846153846,0.841554784119582,5.694,10.078,4.3839999999999995,8.37114680407557,1,0.015976923076923076,0.05364562716204806,-0.11199999999999999,0.14300000000000002,0.255,0.05597423858004131,0.011607692307692307,0.09973553460981359,-0.228,0.221,0.449,0.10040874157470248,0.020746153846153848,0.06328571494402455,-0.11699999999999999,0.10400000000000001,0.221,0.06659943404702937,130,6e078a2b-d668-46b2-a63a-7d280898d9f9,83b2cf8a-897e-4c27-a257-21ad84341b21,Pothole,5.0,,0.0,VW Pointer 2004,Right door
0.12344289044289043,0.49055210761102847,-1.6480000000000001,2.001,3.649,0.5058453493732223,-2.467158508158508,0.7171788735362506,-4.119,-0.431,3.6879999999999997,2.569283293260134,9.804163170163172,0.7254082374116214,7.178,12.709000000000001,5.5310000000000015,9.83096295273706,0,,,,,,,,,,,,,,,,,,,429,6e484b70-4483-4ef4-b7a2-ea6e9a52fd7b,66076158-69fc-4273-9510-61e8cf11b553,Pothole,5.0,,8.953846153846154,Peugeot Partner 2013,Console
-0.4833154761904762,0.6621128036524347,-3.373,1.177,4.550000000000001,0.8197482627524832,-5.141705357142857,0.9701282037122556,-12.239,-1.0590000000000002,11.18,5.232426082737292,8.746127976190476,1.0481709231882617,4.236000000000001,13.337,9.100999999999999,8.808712554063678,0,,,,,,,,,,,,,,,,,,,336,6e7caa95-d5de-4116-96e4-9e72a15b79d5,3fe9c651-8f98-4fde-b1bc-60262487f287,Speed_bump,,good,12.492857142857144,Honda Accord 2007,Console
2.876333333333333,1.033520731120013,0.588,8.198,7.61,3.056379974103235,2.1508014184397166,1.2703392757287248,0.11800000000000001,9.728,9.61,2.497940875405436,9.59578014184397,1.5931717421198948,3.805,15.495,11.69,9.727136923601746,0,,,,,,,,,,,,,,,,,,,141,6e96c548-51c9-4fc3-a4f1-2011ac03af81,d30c7921-211d-4f5c-9bdf-c5285b16a5c9,Speed_bump,,bad,13.553106382978727,VW Pointer 2004,Glove compartment
-2.0998491620111737,1.2465354600754663,-8.238,3.2560000000000002,11.494,2.4419699335627745,-0.2923016759776536,1.14462730317844,-5.178,2.7460000000000004,7.924,1.1813602045781355,10.896027932960894,1.3330912847668857,6.7860000000000005,16.828,10.041999999999998,10.977274574746934,0,,,,,,,,,,,,,,,,,,,179,6ea1305c-2db8-43ae-a742-0b5dce58b976,898ca1f4-2528-4cff-a4fb-68677dba372a,Pothole,6.5,,6.767597765363129,Peugeot Partner 2013,Console
-6.044105263157895,1.1204032902394194,-9.414,-2.3930000000000002,7.020999999999999,6.147073447170798,2.9013625730994153,0.59732550864465,0.392,5.138999999999999,4.746999999999999,2.9622124407036794,7.527649122807018,0.8476523787778623,4.511,10.395,5.8839999999999995,7.575223816584236,0,,,,,,,,,,,,,,,,,,,171,6ea6ce8f-fe4b-4870-adcd-f844db36c56e,27abc43f-5814-4e20-994f-3d0fbd04027d,Speed_bump,,good,8.1,Honda Accord 2007,Copilot trousers
3.8505937500000003,0.6780733855645253,1.138,5.649,4.511,3.909840884710016,0.11006875,0.6737542497256974,-2.001,1.883,3.884,0.682685812618074,9.43274375,1.1123582844955744,7.178,15.690999999999999,8.512999999999998,9.498104842875236,0,,,,,,,,,,,,,,,,,,,160,6ec1e5fc-79d7-4639-8dc8-32b91e923006,a881edcc-dfea-48ee-a681-ce081eb854ab,Pothole,7.5,,10.08,VW Pointer 2004,Copilot trousers
-4.272302752293578,0.4574817789440574,-5.727,-3.138,2.5890000000000004,4.29672670591476,-0.624591743119266,0.7017123769264896,-1.922,0.981,2.903,0.93942275121725,-8.543133027522934,0.5889169858720602,-10.238,-6.551,3.6869999999999994,8.563407332493407,0,,,,,,,,,,,,,,,,,,,218,6ed37f11-0cd4-4f3a-811f-75f1ae0b6fee,f65fe7c5-45ec-43ce-9157-dfa12b3141b7,Metal_bumps,,bad,16.305688073394492,Chevrolet Express van 2013,Left door
4.423552631578947,1.1119845688859369,-0.47100000000000003,11.023,11.494,4.561176116506517,-0.4356118421052631,0.5661897586096921,-2.432,3.138,5.57,0.7143728156479935,9.781868421052632,1.7879664856309843,4.236000000000001,18.79,14.553999999999998,9.943931514271723,0,,,,,,,,,,,,,,,,,,,152,6effd4cc-be46-4627-9d18-39d1f142e14c,6d7a11aa-bbf7-4b70-90c8-c6ef712a5f18,Pothole,8.5,,12.6,Honda Accord 2007,Left door
6.394898305084745,0.9614997324081043,4.393,10.513,6.12,6.466777100518977,0.4554406779661016,0.6879264660936392,-1.0979999999999999,4.001,5.099,0.8250266867794671,7.993915254237289,1.0439918791186134,5.57,13.259,7.689,8.061798815127629,0,,,,,,,,,,,,,,,,,,,118,6f17880a-d070-41d2-800b-92c96e3a9824,669fddbe-c93b-400a-a527-887c9f0a9406,Pothole,6.0,,13.5,Kia RIO 2018,Left door
4.088530201342282,1.0353596434909746,1.608,6.982,5.3740000000000006,4.217588030931627,0.26509395973154365,0.9094943380269678,-1.608,2.471,4.079000000000001,0.9473408881650056,9.364100671140939,1.3823710432712042,4.276,12.435,8.159,9.465586673869556,0,,,,,,,,,,,,,,,,,,,149,6f1d64b8-bd40-4173-86da-af0bfc7b37c7,eb489a47-b696-4fba-b6eb-7c21c2468129,Pothole,12.0,,10.943999999999999,VW Pointer 2004,Copilot trousers
8.046162393162392,1.829394061362428,3.2560000000000002,13.259,10.003,8.25150967331972,0.9266666666666666,0.7688815497895874,-1.53,2.589,4.119,1.204113760704506,-6.35003418803419,1.3337714532218288,-9.728,-2.197,7.531,6.488596187052518,0,,,,,,,,,,,,,,,,,,,117,6f4feb68-e7b0-4489-9dd6-ed316f6d71f6,156a6c9c-54df-4638-a04a-15b1ad68d14d,Pothole,10.0,,12.6,VW Derby 2001,Console left
0.5374187725631769,0.5623261108595706,-1.4909999999999999,3.0989999999999998,4.59,0.7778364815677917,-2.106054151624549,0.8875442820858401,-7.1,1.138,8.238,2.2854318940275307,10.610606498194946,1.1861844696584323,6.119,17.377,11.258,10.67670379169506,0,,,,,,,,,,,,,,,,,,,277,6f862bc1-af5d-4d7c-a162-867bfc3ae99e,d08f1d6a-c0f0-4080-88b2-3b92b655d91c,Ditch,6.0,,6.498194945848375,Chevrolet Express van 2013,Console
6.178857142857143,0.941453923352555,3.057,11.138,8.081,6.250168884248861,0.2581581632653061,0.7125614405909392,-4.218999999999999,4.1610000000000005,8.379999999999999,0.7578848486924323,7.318872448979591,0.9963145654473661,4.413,11.375,6.962,7.3863750674979345,1,-4.081632653061285e-05,0.03562400542610161,-0.1,0.095,0.195,0.03562402880881707,-0.0029948979591836737,0.028900691582887418,-0.161,0.133,0.29400000000000004,0.029055453666310255,0.0017755102040816326,0.033784741940778504,-0.098,0.114,0.21200000000000002,0.03383136450824584,196,6fcb44f1-ba56-4456-9502-9a5e9981002f,ace132a4-dc34-49f4-9af8-91fd5c6d1fae,Ditch,6.0,,13.787999999999995,Chevrolet Express van 2013,Right door
3.450546762589928,0.787919729167776,1.138,6.041,4.9030000000000005,3.539363002071369,-0.12475539568345322,1.0083513921727811,-2.314,2.9810000000000003,5.295,1.0160395852765387,9.486057553956833,0.8455680885481637,7.492000000000001,11.69,4.197999999999999,9.52366910961067,0,,,,,,,,,,,,,,,,,,,139,6fd2fcab-1d24-4b51-bd7c-c044d5447923,c62027c4-019a-4dd9-a7fa-f8ee1c70990c,Pothole,5.0,,8.1,VW Pointer 2004,Copilot trousers
9.782951086956523,2.0982080767829197,4.197,16.317999999999998,12.120999999999999,10.005428981471054,0.1588152173913044,0.8145398464823936,-2.354,2.667,5.021,0.8298779637890192,-1.7147010869565218,0.8505331721663419,-3.883,0.47100000000000003,4.354,1.9140549873410684,0,,,,,,,,,,,,,,,,,,,184,70011872-adff-4fb1-8adc-e76f42d7e59e,d19ed1fc-ee10-4c6b-a57a-c1eb200b0ef1,Speed_bump,,good,16.943478260869565,VW Pointer 2004,Left door
-7.821132450331126,0.8792629866402047,-9.65,-5.06,4.590000000000001,7.870401273461094,1.5402450331125828,0.4973102349239338,0.196,2.864,2.6679999999999997,1.6185401545182867,5.668119205298013,0.8556344528570158,4.04,8.63,4.590000000000001,5.732336839578088,0,,,,,,,,,,,,,,,,,,,151,7011f339-3749-4f4e-bf28-1b4deb9219c0,004c8c25-24a5-4b22-bdc2-cc142359e346,Pothole,8.0,,0.0,VW Pointer 2004,Dashboard
-0.27683139534883716,0.3326785244680502,-1.53,0.785,2.315,0.4327939718769466,-7.888424418604652,0.7545115932094434,-10.277000000000001,-6.472,3.8050000000000006,7.9244260077513236,6.164058139534883,0.370254873078531,5.099,7.452999999999999,2.353999999999999,6.175168128772256,0,,,,,,,,,,,,,,,,,,,172,70487f03-b65d-40e8-9bf3-a4b8ed2e582d,fe77d767-c3a1-48b2-b284-82e2c1f47a1e,Pothole,12.0,,12.6,Kia RIO 2018,Console seats
-5.752558441558442,1.009973016143417,-9.767000000000001,-2.157,7.610000000000001,5.840545703689264,2.697866883116883,0.7252710051981909,0.47100000000000003,5.492000000000001,5.021000000000001,2.7936541929881016,8.327756493506493,1.0068133100798469,4.9030000000000005,11.925,7.022,8.388396822784047,0,,,,,,,,,,,,,,,,,,,308,7050fa92-bbab-48dc-823b-3d717169b228,18d13566-78cb-4882-bceb-f398e51ebb6b,Pothole,12.0,,0.0,Kia RIO 2018,Copilot trousers
8.208710659898477,1.2186550181811682,3.53,15.534,12.004000000000001,8.298677650762743,-0.061548223350253846,0.6519217152399605,-1.138,2.471,3.609,0.6548206675105672,-5.509010152284264,1.0619522200473186,-12.239,-1.804,10.435,5.610430943843308,0,,,,,,,,,,,,,,,,,,,197,707f193b-1bf9-433a-86bc-d26cfb073a27,0ee7e3ee-3849-47e7-a920-c2bf5c4ad74f,Pothole,8.0,,3.051776649746193,Chevrolet Spark 2013,Left door
-6.7718492063492075,1.193215038480041,-9.611,-2.667,6.944000000000001,6.876169267956344,-0.2963809523809524,0.3790049180303027,-1.334,0.8240000000000001,2.1580000000000004,0.4811303324728102,-7.445285714285714,0.9276375254833147,-10.748,-3.687,7.061,7.5028521740756515,0,,,,,,,,,,,,,,,,,,,126,70ab991f-9caf-48cd-b2b9-5a019d6994fa,0deea081-7f07-4d7b-be84-ab78f5997160,Pothole,7.0,,13.5,Chevrolet Cruze 2010,Left door
8.39981818181818,0.6537422091566811,6.119,10.081,3.9619999999999997,8.425219543942838,0.43652272727272723,0.7238754231712455,-2.1180000000000003,3.0989999999999998,5.2170000000000005,0.8453092450085765,5.982037878787878,0.7639675187973103,3.609,8.158999999999999,4.549999999999999,6.030623811267811,0,,,,,,,,,,,,,,,,,,,132,70b32b0d-94b9-46e9-85cb-f46232cd79b5,33738b16-0e25-4a5b-b72e-9c0308b2ef02,Pothole,6.0,,38.7,Chevrolet Spark 2013,Console
3.7343217391304346,1.2220324093604924,-0.0,7.257000000000001,7.257000000000001,3.9291884735743543,0.004791304347826086,0.6066751081764501,-1.216,1.608,2.824,0.6066940278907159,9.201165217391305,1.710376881582255,2.785,13.925,11.14,9.358783598031456,0,,,,,,,,,,,,,,,,,,,115,70d38529-3ad1-4c15-8fa7-7020fc006ba8,3d151bb9-166b-41a2-a0ec-64ef8a553489,Speed_bump,,good,15.3,VW Pointer 2004,Copilot trousers
4.4992178770949725,1.0001625245101915,2.001,6.943,4.942,4.609043998597278,0.23099999999999998,0.32725808584144006,-0.745,1.0979999999999999,1.843,0.40057315779842684,9.128357541899442,0.90990263189975,6.747000000000001,11.845999999999998,5.0989999999999975,9.173594399813549,0,,,,,,,,,,,,,,,,,,,179,70d4f67c-8d88-48eb-a9f0-cbcad0ef589b,99dd3e85-69c4-44ff-b7d8-63401a678903,Speed_bump,,good,10.080000000000004,VW Pointer 2004,Copilot trousers
0.1315886524822695,1.0560375763712735,-1.883,3.177,5.0600000000000005,1.0642043676710844,-2.0164468085106386,0.6012900248458942,-3.138,-0.353,2.785,2.1041880680043583,10.017496453900709,1.8047194262361765,1.883,15.651,13.768,10.178764532660509,0,,,,,,,,,,,,,,,,,,,141,70dfbfdc-9ca8-488a-a4be-71d187df9ffc,54bed0c6-e190-4521-baec-6c5473d5608d,Pothole,5.0,,13.385106382978723,Peugeot Partner 2013,Console
3.015549222797928,1.5581961401914992,0.275,6.7860000000000005,6.511,3.394335329107139,0.10121761658031087,0.26390884809752757,-0.431,1.216,1.647,0.28265329647885357,9.642865284974095,0.9266778942414111,6.669,12.67,6.001,9.687289756368093,0,,,,,,,,,,,,,,,,,,,193,70ec4305-00ad-4a4f-a1f4-5f4109e243f4,8b8bd02b-b65d-41df-809f-5a68e35d145c,Speed_bump,,bad,4.69119170984456,Kia RIO 2018,Console
5.684290076335878,1.2963644495606654,0.632,9.182,8.55,5.830241372191658,-2.000114503816794,1.0266623060703406,-4.338,1.109,5.447,2.2482200779914696,7.335770992366411,1.6197783825647896,1.092,11.83,10.738,7.51247083595462,1,0.018,0.05520675918347304,-0.10400000000000001,0.193,0.29700000000000004,0.05806708413156273,-0.006396946564885497,0.06331451594703881,-0.299,0.23600000000000002,0.535,0.06363685139101267,0.027946564885496187,0.048004502488749476,-0.142,0.139,0.281,0.05554676181463329,131,710bd170-276b-4f73-a85e-c7a9531b15ae,239def7b-d731-4b2c-b6cb-14de8cd8b7b9,Speed_bump,,bad,0.0,Chevrolet Cruze 2010,Right door
-4.995092783505155,0.7558790619799405,-7.452999999999999,-3.648,3.8049999999999993,5.051960517676771,2.4716907216494843,1.0262026121844157,0.039,3.727,3.6879999999999997,2.6762561209163573,8.401432989690722,1.853106263231876,4.707,12.043,7.335999999999999,8.603376029390601,0,,,,,,,,,,,,,,,,,,,97,7184a009-9459-4684-87af-e528a2c56abb,d3360deb-372b-402d-8f72-e95c80190688,Speed_bump,,good,12.6,Chevrolet Cruze 2010,Driver trousers
-0.12828688524590165,0.973849312404453,-1.9609999999999999,4.629,6.59,0.9822626981600805,-2.374803278688525,0.8455773916296201,-6.551,0.314,6.865,2.52085139143602,10.182508196721312,2.2508697708536247,4.9430000000000005,20.947,16.003999999999998,10.428321432600711,0,,,,,,,,,,,,,,,,,,,122,7188c6b4-5e76-4e62-ba71-5e2564379f41,a8f2e9e7-d4c1-4a6c-9676-b85e0ccb3cf0,Pothole,4.5,,17.940983606557378,Peugeot Partner 2013,Console
1.0422421875,0.5749124219459124,-0.235,2.864,3.0989999999999998,1.190291170391724,-0.093453125,0.6861834423481336,-1.255,3.4130000000000003,4.668,0.6925180164623878,9.849203125,1.7755797264528097,5.845,19.339000000000002,13.494000000000003,10.007971101202282,0,,,,,,,,,,,,,,,,,,,128,719db5c0-cf02-4f79-a72b-282abc512926,0ef4e17b-58e6-444d-b262-57abe170533d,Pothole,5.0,,14.4,Peugeot Partner 2013,Glove compartment
6.241186440677966,0.5834800724111241,3.8789999999999996,9.467,5.588000000000001,6.268401485403068,-0.07704661016949153,0.3963117218533153,-1.109,3.055,4.164,0.4037315457292744,7.263466101694915,0.6673428518398563,4.283,11.739,7.456,7.2940582868779495,1,0.0017838983050847462,0.028026846906405327,-0.125,0.10099999999999999,0.22599999999999998,0.028083561751992323,-0.003529661016949153,0.015315300919602327,-0.078,0.105,0.183,0.015716772860627032,0.003097457627118644,0.023983906899137798,-0.07200000000000001,0.136,0.20800000000000002,0.024183093968686162,472,71c8a34a-4b5c-4ea6-9247-dade58039978,961f388e-a61f-4873-80a6-82c99c524970,Ditch,6.0,,9.332694915254239,Chevrolet Express van 2013,Right door
-7.8043676470588235,1.2511559232355514,-10.827,-4.864,5.963,7.904020844779313,2.053073529411765,0.6233995347187414,0.235,3.687,3.452,2.14563228374734,5.710926470588236,1.0762937401944048,2.9810000000000003,8.355,5.3740000000000006,5.811461895912857,0,,,,,,,,,,,,,,,,,,,68,72a10256-7266-439f-b3f0-cae25e442613,1920fdbe-9dc2-478e-8802-aa1b18045548,Metal_bumps,,good,0.0,VW Pointer 2004,Dashboard
4.4447586206896545,3.340203063431087,-0.667,25.34,26.007,5.559931267664145,-0.05682758620689654,0.900535641458933,-5.021,1.569,6.59,0.9023268898198445,9.863022988505747,2.337109950133232,2.7460000000000004,18.397000000000002,15.651000000000002,10.136138583839735,0,,,,,,,,,,,,,,,,,,,87,72c5c16f-d9c4-47b6-b1e8-87b829aa5b20,c2320087-6163-476c-b4aa-ce630700aaea,Metal_bumps,,bad,56.7,VW Pointer 2004,Copilot trousers
2.2457115384615385,1.023827872712883,-0.588,5.57,6.158,2.4680850526112503,4.424355769230769,1.3522092529682193,0.431,8.669,8.238000000000001,4.6263802088175225,-8.57741346153846,1.814482902661129,-15.024000000000001,-1.922,13.102,8.767232738682758,0,,,,,,,,,,,,,,,,,,,104,72ca2917-9803-4c80-b7e6-8a68b35fdbfc,d2ff0919-5520-48f8-8d1a-f6d3820f0aa9,Speed_bump,,good,10.8,Peugeot Partner 2013,Left door
6.196074446680081,1.174436475378358,0.18899999999999997,12.797,12.608,6.306396719482609,0.003464788732394369,0.5869770109089617,-1.317,3.7689999999999997,5.085999999999999,0.5869872367407826,7.291380281690141,1.3192704123030239,3.326,11.825,8.498999999999999,7.409770632954706,1,-1.2072434607645662e-05,0.04479903544263344,-0.191,0.187,0.378,0.04479903706927197,-0.002414486921529175,0.1321101044948728,-0.359,0.585,0.944,0.13213216662395438,0.001380281690140845,0.04724798925300248,-0.198,0.244,0.442,0.047268146420141925,497,7349a326-78bf-4437-b596-5a3f66161e12,55efcea6-5eb1-4d7d-99c3-a46838ab6b8c,Pothole,16.0,,6.961400402414487,Chevrolet Express van 2013,Right door
-0.8021004184100418,0.5692277951779693,-2.667,0.785,3.452,0.9835575041738721,-0.42427196652719656,0.7060412925511838,-2.7460000000000004,0.706,3.4520000000000004,0.823711726496716,10.079435146443513,1.4069325587509565,4.08,14.749,10.669,10.177154420378729,0,,,,,,,,,,,,,,,,,,,239,737e74bf-efb3-48db-ac2c-3b4421e3369d,48134e6a-7d07-481c-ba5a-837f635ea717,Speed_bump,,good,15.356485355648536,Honda Accord 2007,Console
0.09168181818181817,0.4853461919424709,-1.412,1.4509999999999998,2.8629999999999995,0.49392963245606325,-8.179054545454546,0.5638596188343924,-10.982999999999999,-6.59,4.392999999999999,8.198467596281192,5.676118181818184,0.41404553398735744,4.08,6.943,2.8629999999999995,5.691199462168043,0,,,,,,,,,,,,,,,,,,,110,7398e6e7-6346-434c-87a3-3950fca4426d,d28bdf74-ee85-4390-9660-63327b296d13,Pothole,4.0,,17.1,Kia RIO 2018,Console seats
-4.558561983471074,1.4671002511704834,-10.434000000000001,-0.902,9.532000000000002,4.788827675343124,4.044545454545454,0.6997859058666349,2.3930000000000002,5.531000000000001,3.1380000000000003,4.104637407607873,8.017495867768595,0.7039348218791275,5.8839999999999995,10.12,4.236,8.048339221425778,0,,,,,,,,,,,,,,,,,,,242,73b447fb-581f-4821-9f6a-22693533f9a6,96fec4bf-1ec1-49cd-8ee1-8d1593e1d11c,Pothole,6.0,,12.6,Chevrolet Cruze 2010,Driver trousers
6.65387356321839,0.4931608071561341,4.982,8.002,3.0200000000000005,6.6721241727812215,0.609787356321839,0.7628909215811537,-1.0590000000000002,2.628,3.6870000000000003,0.9766489533916061,7.622632183908045,0.6086772471089289,5.688,9.532,3.8440000000000003,7.646895409399741,0,,,,,,,,,,,,,,,,,,,174,73e32da4-a1b3-4044-8fe9-7ddc8afa534a,75f3fc7e-0920-4574-858d-13014923128d,Pothole,4.0,,12.743999999999996,Kia RIO 2018,Left door
-7.146176470588236,1.4076178676384816,-11.297,-4.04,7.257000000000001,7.283489974598993,-0.07847058823529413,0.5098703381645084,-1.412,1.0590000000000002,2.471,0.5158734292033107,-7.151033613445378,0.951289844694053,-9.493,-5.021,4.472,7.214030365145665,0,,,,,,,,,,,,,,,,,,,119,73e48702-fd1f-48f8-a110-ecb6d9ec62a1,69b49691-dd74-49c1-9cac-69e9fab0d778,Pothole,8.5,,13.103999999999997,Chevrolet Cruze 2010,Left door
-0.11346666666666666,0.8026146484390183,-4.001,1.334,5.335000000000001,0.810595434438989,7.229158333333333,1.660144491682543,1.883,14.435,12.552,7.417331726548751,-6.453237499999999,1.265409577077879,-12.199000000000002,-2.9810000000000003,9.218000000000002,6.5761337903943735,0,,,,,,,,,,,,,,,,,,,240,73f2a6e5-2a88-428d-94fa-9c3797708eb9,4d755dac-906f-4660-b34b-d379c1699188,Pothole,9.0,,5.0025,Kia RIO 2018,Left door top
0.7119610389610389,1.0635874046420475,-2.628,3.2560000000000002,5.884,1.2798854199934027,6.336402597402597,0.8631582940068026,3.923,8.277000000000001,4.354000000000001,6.394922995383379,7.714415584415584,1.2306131282598272,3.648,11.572000000000001,7.924000000000001,7.81195343563436,0,,,,,,,,,,,,,,,,,,,154,7470c127-32a0-4867-8d3e-6fba14c93f73,98ae06bc-e394-408e-9a30-9e7426f692a4,Pothole,9.0,,0.0,Chevrolet Cruze 2010,Console
-4.5573930753564165,1.6032151893153452,-12.120999999999999,0.392,12.512999999999998,4.831162446715909,-0.3580061099796334,0.44850599466886787,-1.608,2.55,4.1579999999999995,0.5738693248786346,-8.34374949083503,1.3822358096126381,-13.925,-1.255,12.670000000000002,8.45746601525453,0,,,,,,,,,,,,,,,,,,,491,74815258-246c-426b-ad2b-15acee9f4f1b,55efcea6-5eb1-4d7d-99c3-a46838ab6b8c,Pothole,16.0,,6.644602851323829,Chevrolet Express van 2013,Left door
0.01912447257383966,0.2500063107056586,-0.667,2.001,2.668,0.25073671618628546,-8.006160337552743,0.6315982236073983,-10.787,-5.531000000000001,5.256,8.031034781811536,5.985702531645569,0.5468895341542297,4.001,8.708,4.707,6.0106341562197585,0,,,,,,,,,,,,,,,,,,,474,74b6d83b-fd0f-4210-a882-0bcaf3f912cd,961f388e-a61f-4873-80a6-82c99c524970,Ditch,6.0,,8.04121518987342,Chevrolet Express van 2013,Console
10.092234848484848,2.587249337470227,3.727,17.927,14.2,10.418592197183463,2.1556818181818187,0.9342608350194498,-1.0590000000000002,4.08,5.139,2.34942703846936,-0.6377272727272728,0.7272659791353597,-2.197,1.177,3.374,0.9672703235331263,0,,,,,,,,,,,,,,,,,,,132,74c6ea61-f990-4ad8-80f3-984b650fddbb,942ba7b0-f45c-449d-b8ce-2bee67381dd3,Pothole,6.0,,15.3,VW Derby 2001,Console left
7.0278208092485555,0.6701889969181056,4.971,8.682,3.7110000000000003,7.05970386195463,-0.13971098265895954,0.3295835658427174,-1.391,0.6729999999999999,2.064,0.35797274414280894,6.358063583815027,0.4452417041875681,5.212000000000001,7.556,2.3439999999999994,6.373634183963075,1,0.01139884393063584,0.04253359636184968,-0.066,0.12,0.186,0.044034537154689676,-0.004028901734104047,0.057719716204068475,-0.162,0.209,0.371,0.0578601563069205,0.008450867052023124,0.04090513714575421,-0.11599999999999999,0.10800000000000001,0.224,0.04176897651180755,173,75515dee-73e8-455d-b79a-89ac30b94915,6d3c12d9-a5c6-4772-b881-f8e3432c3d30,Pothole,6.0,,0.0,VW Derby 2001,Right door
-0.4346418918918919,0.7489892108534001,-3.373,0.981,4.354,0.86596675003268,4.224837837837837,0.6960445587442569,2.314,5.57,3.2560000000000002,4.281790838397385,9.643621621621621,0.9677523164627362,5.766,11.886,6.119999999999999,9.692057703451162,0,,,,,,,,,,,,,,,,,,,148,7575c5ec-d52e-4407-9bea-f94b4344f904,0b3c066a-6f84-405c-886d-ea838414f61b,Pothole,7.0,,7.451756756756757,Chevrolet Cruze 2010,Console between seats
-0.7918444444444446,1.0651373611063932,-4.158,0.981,5.139,1.3272283986647597,7.156328888888889,1.3529367886395582,4.119,11.376,7.257,7.283095572625695,-6.686151111111111,0.7826525292937323,-9.022,-3.609,5.413,6.731802259590089,0,,,,,,,,,,,,,,,,,,,225,75c92402-c6ee-4d20-9dcb-d5280ebac55f,3efa4be1-3dd2-4550-a1c0-a9d3dff5ef5c,Pothole,12.0,,12.244,Kia RIO 2018,Left door top
7.9955271317829455,1.1914791476737585,2.354,12.630999999999998,10.276999999999997,8.083815724917201,0.2006666666666667,0.7210506689432182,-2.9419999999999997,3.53,6.4719999999999995,0.7484525224051114,-5.67053488372093,1.312602551454724,-12.905999999999999,-2.001,10.905,5.820471744247317,0,,,,,,,,,,,,,,,,,,,129,75f39306-af26-4419-a3e7-3e6a4747371f,4c4b9d5e-eec2-4a27-9096-9f95822c4972,Pothole,6.0,,20.232,Chevrolet Spark 2013,Left door
9.827512658227848,2.1947531181979834,3.452,16.867,13.415000000000001,10.069605071573976,0.07499367088607595,1.661654221889891,-3.06,4.629,7.689,1.663345665758464,-1.7324113924050633,0.9233124608584801,-4.158,1.726,5.884,1.9630983502900186,0,,,,,,,,,,,,,,,,,,,158,7615b377-74b5-4836-b0a0-89e5af2a7126,fe07ba30-6a0a-45e5-b77e-f01bf9da847a,Pothole,8.0,,10.412658227848102,VW Pointer 2004,Left door
-0.7043333333333334,0.6838172378748687,-3.138,1.0979999999999999,4.236,0.9816778795813111,6.552044444444445,0.5362223815443885,5.2170000000000005,8.826,3.609,6.573950170517301,8.30874074074074,0.5622167891212622,5.962000000000001,10.905,4.942999999999999,8.327740414711231,0,,,,,,,,,,,,,,,,,,,135,76374013-5b5b-4a54-955a-d5bc078c9359,76ab0adc-5eb0-4fef-b2fa-1280882a9e59,Pothole,6.5,,7.994933333333333,Peugeot Partner 2013,Console
6.510215568862276,0.37412672161911503,5.256,7.9239999999999995,2.6679999999999993,6.520956797655251,-0.07302994011976048,0.47107626072109227,-1.3730000000000002,1.6480000000000001,3.0210000000000004,0.4767034881022607,7.80702994011976,0.471588504595334,4.707,9.493,4.7860000000000005,7.821260269521326,0,,,,,,,,,,,,,,,,,,,167,763d617a-4b34-49cd-baa2-bd1bfce06642,13066d62-0b2f-42b7-bab7-9f8e49afa22b,Metal_bumps,,good,11.220359281437126,Kia RIO 2018,Left door
-2.111391304347826,0.6566159696988157,-4.707,-0.275,4.4319999999999995,2.2111349510464375,-3.816298913043479,0.43782410702754904,-6.433,-2.2359999999999998,4.197,3.8413314543776753,9.871923913043478,0.8211709591861945,5.649,14.2,8.550999999999998,9.90601854879802,0,,,,,,,,,,,,,,,,,,,184,76710fd2-6b0a-4eb4-986e-ac64d052fee4,512e48e5-c447-48b6-a3b6-f84da5324a66,Pothole,6.0,,13.035326086956522,Honda Accord 2007,Left door
-0.45334285714285705,1.1129815540213759,-4.04,3.844,7.884,1.2017685657872257,1.4962571428571427,2.85825390097678,-2.157,18.593,20.75,3.2262053251459375,10.780600000000002,2.6957988765590697,1.922,20.006,18.084,11.112545520395276,0,,,,,,,,,,,,,,,,,,,70,768986f0-8da3-4b03-a3cc-e7f3e15880ea,7ab712a5-c434-4df3-9243-b12d01b45f5a,Pothole,5.0,,15.896571428571422,Chevrolet Cruze 2010,Console between seats
0.1959527896995708,0.34013352894661353,-1.765,1.6480000000000001,3.4130000000000003,0.3925408428491499,-7.647660944206008,0.7444746692197378,-10.238,-4.982,5.255999999999999,7.683811583494469,6.423214592274678,1.173012334454661,2.511,17.024,14.513000000000002,6.529444358840431,0,,,,,,,,,,,,,,,,,,,233,7691aad5-d2b8-489e-a297-e8fa4921b1ba,4b3e805f-f023-4d31-aced-c174b889284d,Ditch,6.0,,8.277682403433477,Chevrolet Express van 2013,Console
-0.04054196642685852,0.4669217464453409,-2.1180000000000003,2.1180000000000003,4.236000000000001,0.46867853412048194,6.859988009592326,0.6117175233663005,5.06,8.394,3.3340000000000005,6.887207984382632,7.976074340527577,0.6092534738782527,6.394,9.689,3.295,7.999309450262263,0,,,,,,,,,,,,,,,,,,,417,7695b3ae-13f6-4e47-b29d-126cd014fe2f,66076158-69fc-4273-9510-61e8cf11b553,Pothole,5.0,,12.957841726618703,Peugeot Partner 2013,Console
-0.0832040816326531,1.2348208437558124,-2.55,3.923,6.473,1.237620877075912,-2.4029727891156463,0.878185977743021,-4.59,-0.314,4.276,2.558415297940249,10.194904761904763,2.021425173590728,3.9619999999999997,17.574,13.612000000000002,10.393374949299899,0,,,,,,,,,,,,,,,,,,,147,76a9f669-03f4-461e-b30c-d06e4dd22af0,5fa64f04-7264-4b6a-8689-7b6c098e16bb,Pothole,5.0,,10.983673469387755,Peugeot Partner 2013,Console
-7.4664222222222225,1.491855997750685,-11.376,-3.3339999999999996,8.042,7.614006508962185,1.8276666666666668,0.8688601813956114,-0.0,4.197,4.197,2.023680671266902,6.861777777777779,1.5252159758012982,2.3930000000000002,10.748,8.354999999999999,7.02924448603436,0,,,,,,,,,,,,,,,,,,,135,76b6bfda-f351-488c-9590-6ddf048dda0b,66031827-ff15-43df-b039-38ecde7f9099,Speed_bump,,bad,0.0,VW Derby 2001,Copilot trousers
-7.598283687943264,0.8963629055958546,-10.827,-3.9619999999999997,6.865,7.650972582684695,2.843212765957447,0.8925568325947084,0.745,5.256,4.511,2.9800195522705706,6.268191489361702,0.8047282516952571,3.648,9.807,6.159000000000001,6.319637023309407,0,,,,,,,,,,,,,,,,,,,141,771d08f8-e92a-4dfb-83ab-a31f2e15bef3,1f9c99b4-b5ab-4fcc-b24b-369301561c0e,Metal_bumps,,good,0.0,Chevrolet Spark 2013,Copilot
4.859007692307693,1.9812680923557473,-2.478,13.18,15.658,5.247416412644637,-0.8748461538461537,1.6769376184972895,-8.986,5.582999999999999,14.568999999999999,1.8914215736399882,8.446392307692307,2.3588792889719534,-0.91,16.671,17.581,8.769598309807845,1,0.00886923076923077,0.052498994636753026,-0.424,0.214,0.638,0.05324291213211099,-0.009130769230769234,0.1697796485249467,-0.887,1.157,2.044,0.17002499816203498,0.010576923076923078,0.03700932634737345,-0.061,0.228,0.28900000000000003,0.03849105790260302,130,773fdffc-912d-4a14-bb94-61922c692c53,bc8b4198-f261-46dc-918e-518c3e0a0971,Metal_bumps,,good,0.0,VW Pointer 2004,Right door
8.014271428571428,1.0426545164205854,4.7860000000000005,11.493,6.707,8.081811366978853,-0.3782857142857143,0.7112356881383503,-2.1180000000000003,1.765,3.883,0.8055782306606142,-5.7548,0.8938705898666605,-10.748,-2.824,7.9239999999999995,5.8238069740873595,0,,,,,,,,,,,,,,,,,,,140,778a809e-4ccd-4fa8-a4c8-efd7f1db820d,b76a43b3-c6f9-488c-8031-b3a99ec1a621,Pothole,7.0,,14.4,Chevrolet Spark 2013,Left door
2.532923076923077,0.8249138458391878,-0.0,4.197,4.197,2.663866018903103,1.6862307692307694,0.9011526084235895,-0.0,5.8839999999999995,5.8839999999999995,1.9119231759590212,9.938660256410257,0.5910360145301884,8.787,12.120999999999999,3.333999999999998,9.95621872313081,0,,,,,,,,,,,,,,,,,,,156,77cf7e30-2078-435e-8c36-0201ff5c5f1a,fe07ba30-6a0a-45e5-b77e-f01bf9da847a,Pothole,8.0,,16.247999999999998,VW Pointer 2004,Glove compartment
5.575902173913044,1.3819610991487752,2.3819999999999997,9.17,6.788,5.744606299182625,-1.8887717391304344,1.2103101390468414,-4.956,0.11,5.066000000000001,2.2432809265041667,7.502510869565217,1.5760810954538698,3.656,11.093,7.436999999999999,7.666270342701939,1,-0.003369565217391303,0.10679569253153061,-0.193,0.221,0.41400000000000003,0.1068488367416486,0.0026521739130434784,0.03125680266222709,-0.064,0.087,0.151,0.03136912078988563,0.000456521739130434,0.0875847928337322,-0.166,0.159,0.325,0.08758598259896436,92,77f889a5-2b05-4753-975b-de55c608f696,d3360deb-372b-402d-8f72-e95c80190688,Speed_bump,,good,0.0,Chevrolet Cruze 2010,Right door
-0.13708490566037737,0.5119086762216761,-2.314,1.844,4.158,0.5299460011651597,0.36674056603773575,0.7422367925931217,-1.844,2.157,4.001,0.8278973964547804,10.726457547169812,1.4527772859379995,3.648,15.612,11.964,10.824391592776639,0,,,,,,,,,,,,,,,,,,,212,78071a75-d8c7-4984-aaf2-4b15422a4d4a,1d868bf5-e370-4f99-a6f7-bf9919c1481b,Speed_bump,,good,15.95377358490566,Chevrolet Cruze 2010,Dashboard
0.11972932330827066,0.9895498796564595,-2.04,3.687,5.727,0.9967668108379061,-3.329556390977444,0.891609893230933,-7.806,1.255,9.061,3.4468701690672967,10.431037593984962,1.2773886862382762,8.12,17.377,9.257,10.50896127801683,0,,,,,,,,,,,,,,,,,,,133,783dc371-824f-48bc-8042-626fc2300331,76ab0adc-5eb0-4fef-b2fa-1280882a9e59,Pothole,6.5,,11.781203007518798,Peugeot Partner 2013,Console
0.14225954198473284,0.5992645057945062,-1.0590000000000002,2.314,3.373,0.6159186027315945,-8.190870229007633,0.7748780489813074,-10.16,-5.766,4.394,8.227441345839948,5.545908396946564,0.8666063798305891,3.138,7.335,4.197,5.613208223902397,0,,,,,,,,,,,,,,,,,,,131,7852fc31-aa7f-4969-899c-8b5b1ef343c5,aaf9a053-4ef4-426f-89ff-0a7236c340ac,Pothole,5.5,,13.5,Kia RIO 2018,Console seats
-8.567582417582418,1.6025919292068678,-13.455,-3.648,9.807,8.716178599227208,3.612296703296703,0.7699176136102964,1.765,5.727,3.9620000000000006,3.6934347976369644,3.897423076923076,0.7891521546594924,1.216,5.452000000000001,4.236000000000001,3.976514524522231,0,,,,,,,,,,,,,,,,,,,182,7884f50a-d99c-4d1d-bc58-27fbdc106b73,52f5b87b-4e78-4b43-9772-bb3514e324a5,Speed_bump,,good,0.0,Chevrolet Express van 2013,Copilot
3.6397460317460317,1.113610068756374,0.941,5.335,4.394,3.806294597222679,0.00433333333333333,0.49357413685426077,-1.334,1.765,3.099,0.4935931587342012,9.492798941798942,0.908115603320188,6.159,12.082,5.923000000000001,9.536136833037407,0,,,,,,,,,,,,,,,,,,,189,78a47cf9-1ac8-4ec2-9177-d23f076c9c7b,79b93997-2fd9-4c58-ab95-e235e77c5f2c,Speed_bump,,bad,16.285714285714285,Kia RIO 2018,Console
-7.882833333333332,1.359610676451339,-14.082,-4.158,9.924,7.99922512201223,2.444464912280702,0.8293252719310975,-0.0,5.021,5.021,2.5813153844571355,5.890850877192983,1.0854248924087904,2.314,9.257,6.943,5.990014295006813,0,,,,,,,,,,,,,,,,,,,114,78bd92bd-30e0-40fb-9669-4fe5abe8435c,10bfa320-b91b-4276-b64f-4de7e92da22e,Speed_bump,,bad,0.0,VW Derby 2001,Copilot trousers
-0.12684042553191488,0.3482167734967685,-1.0590000000000002,0.706,1.7650000000000001,0.3705987248947532,-3.169042553191489,1.9820511131679983,-8.12,0.5489999999999999,8.668999999999999,3.737827887844615,9.119819148936168,2.469088771370911,2.432,15.338,12.905999999999999,9.448148002133156,0,,,,,,,,,,,,,,,,,,,94,78f3c18a-238c-40a3-8959-ea4b4cc4577d,7a31ec2a-822a-4c71-a007-fde0e955b97f,Speed_bump,,good,26.1,Peugeot Partner 2013,Console
0.14862280701754388,0.7473122059514687,-3.295,1.294,4.589,0.7619476831973601,6.2920614035087725,0.9954034823732723,4.119,8.394,4.275,6.370311201051767,8.220701754385965,0.974091893156242,4.982,10.944,5.962000000000001,8.278211905410322,0,,,,,,,,,,,,,,,,,,,114,791f5eee-06d3-4446-9fad-7c090ee05082,ba797a10-b929-4349-b0e8-b24002bf0f44,Pothole,4.5,,44.45999999999998,Peugeot Partner 2013,Console
6.586505050505049,1.5997921921472489,-5.727,8.748,14.475,6.778007364881203,-1.0765353535353535,0.8144163345131558,-3.923,1.412,5.335,1.349889748584429,7.33658585858586,0.9285951484360718,2.2359999999999998,9.924,7.688,7.395118728600712,0,,,,,,,,,,,,,,,,,,,99,7941ab57-295e-4b27-867b-9f2b25c7c544,bbe4c449-d896-462b-946e-991c22d19a96,Metal_bumps,,good,8.1,VW Derby 2001,Left door
0.1347361111111111,0.2537071434191666,-0.785,1.4909999999999999,2.276,0.28726491999417414,-8.354097222222222,0.19436793286346724,-8.943999999999999,-7.649,1.294999999999999,8.356358016005936,5.3482407407407395,0.2806423475334414,4.393,6.629,2.2359999999999998,5.35559885989869,0,,,,,,,,,,,,,,,,,,,216,796c670c-1467-4fbb-9278-0b65bd68c94f,e7250d71-00d4-4a28-95c3-0093b63e9e7c,Pothole,4.0,,4.86,Kia RIO 2018,Console seats
3.4113096446700504,0.7117187037427316,2.079,5.609,3.53,3.484763550813188,0.2459035532994923,0.6028093669063328,-1.3730000000000002,2.1180000000000003,3.4910000000000005,0.6510358595003274,9.5228730964467,0.8402198824715851,6.707999999999999,12.788,6.080000000000001,9.559868276390054,0,,,,,,,,,,,,,,,,,,,197,7973b022-55f0-438b-a3f5-46d294e5f9cb,49fcabe5-e3c1-4482-a444-d91ff661c5e2,Pothole,4.5,,15.3,VW Pointer 2004,Copilot trousers
4.650048543689321,1.5605957374976833,0.863,8.512,7.649000000000001,4.904937360921453,-0.048737864077669904,0.4130222016450792,-1.0590000000000002,0.941,2.0,0.415887867635739,9.017601941747575,2.248754137660833,3.9619999999999997,15.22,11.258000000000001,9.293763497714817,0,,,,,,,,,,,,,,,,,,,103,79751805-d8a7-4be5-88da-3fb6282c4794,b268183f-fbbd-4849-84b9-f59293534538,Speed_bump,,good,7.632000000000004,VW Derby 2001,Console
9.127779527559056,2.783091406720871,0.11800000000000001,20.006,19.888,9.542638884600516,1.9789527559055118,2.8399973157863205,-6.669,20.006,26.675,3.461479273920259,3.914629921259842,2.4864794889297794,-3.295,15.024000000000001,18.319000000000003,4.637554061064015,0,,,,,,,,,,,,,,,,,,,127,797e10ce-d790-4127-af78-22011f9402e3,d9e3e4ce-6aaa-4acf-aced-5e4c2fcd4abe,Metal_bumps,,good,25.73149606299213,Chevrolet Spark 2013,Left door top
6.22041393442623,0.7441209667013289,3.503,10.317,6.814,6.264763804700743,0.1694426229508197,0.7335335269995942,-4.563,3.4789999999999996,8.042,0.7528494123693782,7.2980081967213115,0.8780184050490883,4.001,11.093,7.092,7.3506353439016685,1,0.00285655737704918,0.03066957558944812,-0.125,0.106,0.23099999999999998,0.030802317881699192,-0.00498360655737705,0.023516817702690908,-0.136,0.068,0.20400000000000001,0.024039073384394996,-0.0010819672131147542,0.024733527442251945,-0.084,0.121,0.20500000000000002,0.024757181438663112,244,798eeecb-c405-4375-9eac-f05ebeb9ca20,d08f1d6a-c0f0-4080-88b2-3b92b655d91c,Ditch,6.0,,13.378573770491801,Chevrolet Express van 2013,Right door
0.2739175824175824,1.1052536821918084,-5.138999999999999,4.08,9.219,1.13869071479311,-8.68931868131868,1.634632609051369,-18.123,-4.707,13.416,8.841735288510277,5.830098901098901,1.1989310766187977,0.275,10.16,9.885,5.952099539076688,0,,,,,,,,,,,,,,,,,,,182,79aa0a1d-5bd2-43aa-a520-0f70be71d1bf,45cdde7b-58e5-479a-87f3-4a2becdf991b,Pothole,7.0,,20.086813186813185,Honda Accord 2007,Console seats
-0.38609803921568625,0.7388388015677287,-2.001,1.3730000000000002,3.374,0.8336392928528712,-2.7393627450980387,1.0968065658655577,-10.474,-0.706,9.768,2.9507783536139858,9.668186274509802,2.771204571847286,2.785,23.693,20.908,10.05750469140567,0,,,,,,,,,,,,,,,,,,,102,79e31b32-749e-4e40-991b-8334a1f2e5ff,80c59f59-8727-4310-b427-dba7e1f77b0b,Metal_bumps,,bad,12.6,Peugeot Partner 2013,Console
3.833864661654135,0.5559743432977251,1.922,5.806,3.8840000000000003,3.873967696598116,9.240676691729321,0.9837545887875104,6.08,13.965,7.885,9.292893995523142,2.332714285714286,0.7277708840842222,-0.157,4.315,4.472,2.4436052051213677,0,,,,,,,,,,,,,,,,,,,133,7a2d4670-bec7-433d-ac01-e3a72ecb30cd,76ab0adc-5eb0-4fef-b2fa-1280882a9e59,Pothole,6.5,,7.4909774436090215,Peugeot Partner 2013,Left door
-3.480529411764705,1.4460630263872558,-7.257000000000001,-0.5489999999999999,6.708,3.7689764210516676,-3.8919321266968323,0.5743280550784791,-6.825,-2.2359999999999998,4.589,3.9340803745812254,9.258366515837103,1.4191334895425638,5.452000000000001,19.887999999999998,14.435999999999996,9.366498299936584,0,,,,,,,,,,,,,,,,,,,221,7a32c4cb-4efc-44ee-a2bf-a650bbb184f4,99f0ebda-a429-4c18-8c40-5544859afeca,Pothole,8.5,,6.580995475113122,Honda Accord 2007,Left door
0.11296153846153847,0.6121459561229112,-1.765,2.079,3.8440000000000003,0.6224813095742158,0.22139423076923076,0.5578566454652959,-2.471,2.197,4.668,0.6001828407307995,10.74660576923077,0.8524064117168212,7.375,13.651,6.276,10.780358632717189,0,,,,,,,,,,,,,,,,,,,208,7a46fd1f-5c4d-4932-b062-4b1eec4d5802,aae97e0c-7ee3-4ce2-9655-11afa316ced3,Pothole,6.0,,14.469230769230766,Chevrolet Cruze 2010,Dashboard
6.159832080200502,1.3070144648786175,1.882,12.200999999999999,10.318999999999999,6.296968958766525,0.14811027568922303,0.6163055566987194,-2.509,3.285,5.7940000000000005,0.6338526587326554,7.305062656641605,2.0036622356250904,-0.22,16.42,16.64,7.574866518423266,1,0.003646616541353384,0.04251171659024663,-0.177,0.171,0.348,0.04266783167269135,-0.0012481203007518803,0.17390384544015336,-0.547,0.56,1.1070000000000002,0.17390832430668146,0.0014160401002506272,0.05184691504668374,-0.21,0.195,0.405,0.051866248846659024,399,7a5cbc01-15af-4e5b-b73a-5d163a432438,e662fbc8-0ccd-46b9-98cb-ada0c52d2c76,Pothole,16.0,,7.688120300751882,Chevrolet Express van 2013,Right door
-0.6919312714776632,0.8474362075463749,-5.412999999999999,4.197,9.61,1.094037024194921,4.065144329896907,0.5216772314449387,2.04,5.688,3.6479999999999997,4.098480884022888,9.611701030927835,0.9182321970297967,6.943,15.534,8.591000000000001,9.655462033253581,0,,,,,,,,,,,,,,,,,,,291,7a696985-52c0-4de0-8c19-b138cd21b6ea,a168c095-f726-41bf-9122-79adfcf75c61,Pothole,5.0,,6.230721649484537,Chevrolet Cruze 2010,Console between seats
-0.4889299363057325,1.5507911320414711,-14.749,2.511,17.26,1.6260398573941521,-0.9739044585987262,0.7098411483141799,-2.9810000000000003,2.471,5.452,1.2051408010346638,10.112713375796178,1.3340800692695929,4.04,19.102999999999998,15.062999999999999,10.20033045799151,0,,,,,,,,,,,,,,,,,,,157,7a8ea094-bdca-47da-8800-743f2416db11,fdd8dbe7-88ee-4234-8f3e-1d3dca54c873,Metal_bumps,,bad,24.884713375796178,Honda Accord 2007,Console
-7.248401360544217,1.5277079789153705,-12.277999999999999,-3.727,8.550999999999998,7.4076456416584175,-0.17906802721088438,0.7882421902399918,-2.55,1.216,3.766,0.8083261154036392,-7.234775510204082,1.1923845644775561,-11.14,-5.021,6.119000000000001,7.332377352036177,0,,,,,,,,,,,,,,,,,,,147,7aa23500-2087-406a-abd6-bb428ad1634b,53e1da6e-5ebc-4486-84cc-08e84ecffb2f,Pothole,8.5,,13.104,Chevrolet Cruze 2010,Left door
3.222678899082568,2.607263671173792,-14.2,8.982999999999999,23.183,4.145296507804319,0.05289908256880732,1.0904740821132002,-2.7460000000000004,7.335,10.081,1.0917563998883852,8.964807339449541,2.962975712518355,0.941,24.83,23.889,9.441768674693424,0,,,,,,,,,,,,,,,,,,,109,7ab2c3ea-262b-43a8-b50a-b719bc385723,43e13e90-3539-4632-b069-13391b01ed46,Metal_bumps,,good,7.2,VW Pointer 2004,Copilot trousers
-4.842784232365146,0.7308779202829914,-8.12,-2.2359999999999998,5.8839999999999995,4.897626124522131,-0.11847717842323652,0.26698041114585014,-1.765,0.588,2.3529999999999998,0.29208796918520724,-8.323502074688797,0.6971934259817789,-11.572000000000001,-6.433,5.139000000000001,8.352650205807791,0,,,,,,,,,,,,,,,,,,,241,7ae1b80f-c61f-4d1c-a664-24c27e2f388b,af97e26d-d273-4cdf-823e-9512a0a15757,Manhole_cover,,good,12.566390041493776,Chevrolet Express van 2013,Left door
6.0182248803827765,0.9019181590902557,0.67,9.283,8.613,6.085432365621609,-0.9093971291866026,0.6904554077126237,-4.947,0.991,5.938,1.1418107586690713,7.410755980861244,0.8282429853895561,4.599,10.607000000000001,6.008000000000001,7.4568955102453796,1,-0.010033492822966507,0.019296820963139016,-0.066,0.032,0.098,0.02174944315406631,-0.0007607655502392349,0.049728547262222145,-0.21,0.114,0.324,0.049734366156949185,0.0005980861244019133,0.016247228579929187,-0.042,0.05,0.092,0.016258233100207103,209,7aff2934-1dde-4761-85b2-f359249fb003,aae97e0c-7ee3-4ce2-9655-11afa316ced3,Pothole,6.0,,0.0,Chevrolet Cruze 2010,Right door
2.9836164383561643,0.6449306563581874,0.5489999999999999,4.433,3.884,3.052523972508607,9.288342465753423,1.50812351624509,5.021,14.122,9.100999999999999,9.409980993677397,3.0999999999999996,0.939957861194808,1.412,6.629,5.217,3.239370429701104,0,,,,,,,,,,,,,,,,,,,146,7b04a8cb-6888-460c-a8e6-367870de6f17,5fa64f04-7264-4b6a-8689-7b6c098e16bb,Pothole,5.0,,9.0,Peugeot Partner 2013,Left door
-0.5111562500000001,0.7329747015320088,-4.04,2.707,6.747,0.8936065269457246,-4.758510416666667,0.3702792722727352,-5.922999999999999,-3.491,2.431999999999999,4.772895151268253,8.912380208333333,0.5128357703169928,6.669,10.63,3.961000000000001,8.927122801060166,0,,,,,,,,,,,,,,,,,,,192,7b057849-8a7c-42d6-8643-4f7811215176,512e48e5-c447-48b6-a3b6-f84da5324a66,Pothole,6.0,,13.5,Honda Accord 2007,Console
-0.07976158940397353,0.7707223644269948,-3.217,2.9419999999999997,6.159,0.7748386116941937,6.241443708609272,0.6927172108793731,4.7860000000000005,8.591000000000001,3.8050000000000006,6.2797672490297565,8.53923178807947,0.6582911194372253,6.551,11.376,4.824999999999999,8.56456809935427,0,,,,,,,,,,,,,,,,,,,151,7b181657-68a1-4190-b03e-9f56e8f417a4,b41a1fe3-7e59-4c46-9e72-2570c4c0c930,Pothole,7.0,,13.505960264900663,Peugeot Partner 2013,Console
-8.630605633802816,2.06659834455434,-15.377,-1.765,13.612,8.87458068440102,3.526664788732394,0.9835927720121437,1.334,9.493,8.159,3.66125924693123,3.8370169014084508,1.0263244166271437,0.392,7.492000000000001,7.1000000000000005,3.971906407489879,0,,,,,,,,,,,,,,,,,,,355,7b2180be-7624-492e-aeb1-5f6343b44586,afc2c7cc-b1ce-4a42-a1e1-6690797faad2,Speed_bump,,good,2.353284507042254,Chevrolet Express van 2013,Copilot
0.9954770642201834,0.6761187480025647,-1.245,4.144,5.389,1.2033748986866024,4.88243119266055,1.0361656678046758,1.41,8.767999999999999,7.357999999999999,4.991169566564719,8.256357798165137,1.34523862705603,4.0969999999999995,12.659,8.562000000000001,8.36523227741142,1,-0.007605504587155963,0.05262190187417672,-0.126,0.161,0.28700000000000003,0.05316867740390703,-0.027522935779816515,0.02388220186023733,-0.079,0.077,0.156,0.036439972003735506,-0.045165137614678906,0.026186877364091726,-0.10400000000000001,0.005,0.10900000000000001,0.052207683360161294,109,7b63dd20-4a49-42db-b0a2-f753bfd91f4a,a25e8d71-9771-4902-a088-8b612ba129c4,Speed_bump,,good,0.0,Peugeot Partner 2013,Right door
9.881542713567839,1.4262606684637653,6.707999999999999,14.514000000000001,7.806000000000002,9.983942402401587,0.5198040201005025,0.6132382182689268,-1.138,3.3339999999999996,4.4719999999999995,0.8039013196022827,-1.8062110552763821,0.5945052380498725,-3.844,0.157,4.0009999999999994,1.9015348680135626,0,,,,,,,,,,,,,,,,,,,199,7b8f4459-e542-42e3-8581-81647ad155ac,93747a7c-6941-4a89-86ce-2b24a2a0e565,Speed_bump,,good,9.587939698492463,VW Pointer 2004,Left door
-4.413677272727273,1.1085031555422418,-8.002,0.47100000000000003,8.473,4.550750082528853,3.511304545454546,0.6189273073613094,1.412,6.159,4.747,3.5654355446042314,8.30105,1.0218575564538428,5.335,12.749,7.414000000000001,8.363708744820196,0,,,,,,,,,,,,,,,,,,,220,7bd78b9d-1325-4031-bd20-29b974d7dd3f,99f0ebda-a429-4c18-8c40-5544859afeca,Pothole,8.5,,0.0,Honda Accord 2007,Copilot trousers
-1.9659126213592233,0.68274998063295,-4.9030000000000005,-0.11800000000000001,4.785,2.081095858165545,0.3568640776699029,0.6268309266870403,-1.3730000000000002,2.3930000000000002,3.7660000000000005,0.7212967354581082,9.921300970873787,1.1491694834312052,7.022,16.122,9.1,9.987632525093757,0,,,,,,,,,,,,,,,,,,,103,7bf86ef6-1a14-453c-b9c9-3e1f40c294d9,5cd750de-f2a2-416b-a2a0-6c9be4cf9d47,Pothole,6.0,,19.8,Chevrolet Spark 2013,Console
-7.621875862068966,1.3580989953392566,-12.239,-3.53,8.709000000000001,7.741926410004878,1.1930620689655171,0.6704239957508069,-0.785,3.923,4.708,1.3685267386802344,6.7937724137931035,2.4029758038152944,1.9609999999999999,16.436,14.475,7.206222056260682,0,,,,,,,,,,,,,,,,,,,145,7c00876b-6ea5-4400-92c0-4d8c47bc1fe6,371999f8-49a2-43f0-a6bc-148fcf269c7f,Pothole,5.5,,0.0,VW Derby 2001,Copilot trousers
-0.01851908396946565,0.52389514933658,-1.294,1.922,3.216,0.5242223611879463,6.5508396946564895,0.7550588654752232,3.687,8.512,4.825000000000001,6.5942106878245745,7.2805877862595425,1.1242871931473968,4.04,10.042,6.002,7.366884022848933,0,,,,,,,,,,,,,,,,,,,131,7c0f3725-2d44-4285-be91-70a0405ad341,743b3b39-88d9-489b-935c-2a9e7b9133ca,Speed_bump,,bad,0.0,Chevrolet Cruze 2010,Console
5.888340040241449,0.8380807929786703,-0.728,11.460999999999999,12.188999999999998,5.94768256088625,-0.3752273641851107,1.034495428391966,-3.582,4.511,8.093,1.1004437133253038,7.439649899396378,0.8489324567133466,1.482,14.414000000000001,12.932000000000002,7.487928748435705,1,-0.005748490945674046,0.04132434307669927,-0.268,0.358,0.626,0.04172225400039216,-0.0027142857142857142,0.04447949425971995,-0.341,0.535,0.8760000000000001,0.04456223464481147,0.000637826961770624,0.04710087656450895,-0.381,0.418,0.7989999999999999,0.04710519500414227,497,7cca24e8-71bb-4321-93b9-2fbdd4eeda99,08d51d1b-9dba-4764-8eda-985e8c6f21c3,Metal_bumps,,bad,20.430977867203215,Chevrolet Express van 2013,Right door
-0.9995771812080536,0.40380642217948526,-2.432,0.157,2.589,1.0780603729778935,-7.597073825503355,0.7606040878422968,-9.885,-5.296,4.5889999999999995,7.635053980725389,6.447597315436242,0.5625935497983178,4.825,8.238,3.4129999999999994,6.472095691837018,0,,,,,,,,,,,,,,,,,,,149,7cdb2f55-0679-4609-a44a-f3d4c9283a8e,5d0e8e08-49af-47c4-b5db-bef4c93776c9,Speed_bump,,good,7.2,Kia RIO 2018,Console seats
2.5271081081081084,0.532663972154637,1.0590000000000002,4.236000000000001,3.1770000000000005,2.5826355331903295,-0.04946846846846847,0.39700631578292095,-1.0590000000000002,0.745,1.8040000000000003,0.4000764228796095,9.681603603603605,0.6088251317645281,8.434,12.317,3.883000000000001,9.700727621079688,0,,,,,,,,,,,,,,,,,,,111,7ce5731c-3902-48fc-9a5c-7b2fa34692ba,d28bdf74-ee85-4390-9660-63327b296d13,Pothole,4.0,,18.0,Kia RIO 2018,Console
0.4294563492063493,0.28918772751519356,-0.588,2.55,3.138,0.5177473299004521,0.3424563492063492,0.38987578668979833,-1.53,2.1180000000000003,3.6480000000000006,0.5189214585645212,10.116103174603174,1.1040035572562104,5.57,17.417,11.847000000000001,10.176166630595766,0,,,,,,,,,,,,,,,,,,,252,7d252f10-22f2-4eb3-939b-61ca743c9a19,321759c0-6198-44af-bedd-0a65087b2771,Ditch,6.0,,11.342857142857143,Chevrolet Express van 2013,Console
0.5874953271028037,0.6146881341905118,-1.294,2.55,3.844,0.8502895163897077,-2.5465981308411214,0.7525857650980929,-6.5120000000000005,1.0979999999999999,7.61,2.65547498083333,10.476065420560746,1.6146900068279535,5.412999999999999,15.534,10.121000000000002,10.59977219160953,0,,,,,,,,,,,,,,,,,,,214,7d2a42b0-6692-45a7-8410-a6850850c899,c47e2571-3fe5-42af-8daf-43391c1f2a6b,Speed_bump,,good,18.761214953271026,Chevrolet Express van 2013,Console
8.192711711711713,1.5883553814530185,1.138,13.415,12.277,8.345262009608147,0.03356756756756755,0.9681061350274912,-2.9419999999999997,2.3930000000000002,5.335,0.968687911698226,-5.3259279279279275,1.3543761950390665,-10.982999999999999,1.3730000000000002,12.355999999999998,5.495438396631443,0,,,,,,,,,,,,,,,,,,,111,7da26ed0-d92c-4380-a439-13541db6c817,c3c45db0-b36e-4917-84f3-ccf5b45624df,Metal_bumps,,good,9.9,Chevrolet Spark 2013,Left door
0.2364666666666667,0.6495596686791778,-1.177,1.6480000000000001,2.825,0.691262792011148,-7.9564619047619045,0.5391486949028251,-9.767000000000001,-6.119,3.6480000000000015,7.9747079794273885,5.981295238095238,0.8839047559530222,3.883,9.689,5.806,6.04625341371474,0,,,,,,,,,,,,,,,,,,,210,7dbee314-4696-46b4-b99d-76b5d309f242,103be121-da18-4fa6-b129-bde1b16f2f31,Pothole,9.0,,11.005714285714285,Kia RIO 2018,Console seats
-8.590256637168142,1.0165260577932875,-11.886,-5.845,6.0409999999999995,8.6501927330311,3.7551725663716815,0.6640514636133573,2.1180000000000003,7.1,4.981999999999999,3.8134348492609025,3.832951327433628,0.8360692863712207,1.6480000000000001,7.649,6.0009999999999994,3.923076309490869,0,,,,,,,,,,,,,,,,,,,226,7dea6cd0-3a1d-4291-83b9-a52177c48415,1a8a5991-1b47-44fd-a0e3-6ca151853b9c,Manhole_cover,,good,8.856,Chevrolet Express van 2013,Copilot
-2.3705172413793103,0.6442393066132284,-5.412999999999999,-0.51,4.903,2.456500819430368,-0.06714367816091955,0.6685588695957946,-2.471,1.883,4.354,0.6719220458000942,9.866632183908045,0.9200110396007128,6.551,13.337,6.786,9.909432423984597,0,,,,,,,,,,,,,,,,,,,174,7dfb289f-ad7d-4249-8273-dd7dc861f629,6c68139e-399c-42f2-a00a-b52782e38f3b,Pothole,8.0,,19.8,Chevrolet Spark 2013,Console
2.4247542372881363,0.8981125871858753,-0.392,5.021,5.413,2.5857376762750848,5.081127118644067,0.8874612672055063,3.0989999999999998,9.493,6.394,5.15804617046127,-8.345618644067796,1.145168116734221,-11.14,-5.256,5.884,8.423821019454094,0,,,,,,,,,,,,,,,,,,,118,7dfb2f57-de25-4cac-a5a1-b99956db8545,a8f2e9e7-d4c1-4a6c-9676-b85e0ccb3cf0,Pothole,4.5,,12.6,Peugeot Partner 2013,Left door
-5.868614379084968,0.9484127443520838,-8.316,-2.3930000000000002,5.923,5.944755795156962,2.4189869281045753,1.1444069902382847,-0.353,4.08,4.433,2.6760353356499347,8.326006535947712,0.7979368862680088,5.845,10.356,4.511,8.364154954991635,0,,,,,,,,,,,,,,,,,,,153,7e3f98ce-98d7-431d-b6d4-33ba11ebdcde,3e2a7efb-a19b-42ef-8c4e-7ad663ee0bc4,Pothole,5.5,,0.0,Kia RIO 2018,Copilot trousers
-0.09180672268907564,0.6247130874533346,-2.079,1.6480000000000001,3.7270000000000003,0.631422929553866,-8.62155882352941,0.8721918123120407,-12.16,-5.021,7.139,8.665563749984303,5.7834159663865545,0.6588499459981104,2.864,7.845,4.981,5.820823265792962,0,,,,,,,,,,,,,,,,,,,238,7e54a8bd-5fa5-4fb9-bd5c-52da1089abb3,ca39439a-59ad-455f-bc65-f2c7618f386f,Speed_bump,,bad,23.781932773109244,Honda Accord 2007,Console seats
3.731053846153846,1.0894356782759558,0.353,7.571000000000001,7.218000000000001,3.886853856269875,0.35816923076923074,0.48417449394997664,-1.0590000000000002,2.079,3.1380000000000003,0.6022542141500866,9.126523076923078,1.3914848030646123,4.04,12.592,8.552,9.231990762060436,0,,,,,,,,,,,,,,,,,,,130,7e589d3d-52d5-43cd-902a-08b68041a08e,ea7a7498-8dcb-4be6-a057-6ec392e81924,Speed_bump,,bad,10.080000000000002,VW Pointer 2004,Copilot trousers
0.42016489361702125,0.816983371429966,-2.7460000000000004,4.59,7.336,0.9186949259799341,-8.450388297872339,0.5682844688381293,-10.513,-7.061,3.452,8.46947516805737,5.888563829787235,0.656485736723581,3.609,8.551,4.942,5.925044936538456,0,,,,,,,,,,,,,,,,,,,188,7e9c724a-8873-44f5-828c-6fd07c68b21d,512e48e5-c447-48b6-a3b6-f84da5324a66,Pothole,6.0,,14.002659574468085,Honda Accord 2007,Console seats
-0.2872814371257485,0.6937704704751593,-2.471,1.6480000000000001,4.119,0.7508981887182571,-8.755625748502993,1.38386912500619,-16.671,-2.314,14.357,8.864314750898346,5.47277245508982,1.2040121409888123,-0.785,10.905,11.69,5.60364913077526,0,,,,,,,,,,,,,,,,,,,334,7f886b95-30ae-4586-96cf-066fe76edc0e,3fe9c651-8f98-4fde-b1bc-60262487f287,Speed_bump,,good,16.25119760479042,Honda Accord 2007,Console seats
5.192861842105263,0.5825831547755098,3.491,7.492000000000001,4.001000000000001,5.225439430652799,0.12001973684210528,0.5333023664715367,-1.138,2.55,3.6879999999999997,0.5466407881925657,8.818013157894736,0.9700461599627355,6.1979999999999995,12.552999999999999,6.3549999999999995,8.871208801807292,0,,,,,,,,,,,,,,,,,,,152,7fa1204d-7f72-4a55-bf01-bcfb3835881f,bd1ca00f-ceb2-4f0b-afb6-08c178c0ba7f,Pothole,6.0,,8.1,VW Derby 2001,Console
-7.021534351145038,1.2385743854779105,-10.434000000000001,-2.667,7.767000000000001,7.129937668217847,0.42670992366412214,1.1170050639107614,-2.903,3.02,5.923,1.1957347832005747,7.516274809160305,2.718631593517926,1.255,17.338,16.083000000000002,7.992830834447306,0,,,,,,,,,,,,,,,,,,,131,7fa48b0c-f7c4-4243-a4c6-dbf899a068e4,76d1fb6f-45a1-417a-946d-0c1e45302e65,Pothole,4.5,,0.0,VW Derby 2001,Copilot trousers
9.99134306569343,2.7917364411345287,1.294,19.221,17.927,10.37404109366927,-0.16175912408759124,1.0359095550347874,-2.628,4.236000000000001,6.864000000000001,1.0484629800035652,1.1781897810218978,2.344784734903027,-8.982999999999999,8.158999999999999,17.141999999999996,2.6241468352854582,0,,,,,,,,,,,,,,,,,,,137,7fe4baf0-051a-4b64-b7a4-bd3388f83cfe,afb70c4c-724c-4d72-a36d-9826567056f3,Pothole,4.5,,9.34160583941606,VW Pointer 2004,Left door
0.9600000000000002,1.452563345941444,-3.02,5.727,8.747,1.741131894479164,6.089239726027397,0.7132117526900882,4.354,9.414,5.06,6.130865472770177,7.935034246575341,0.7854230638567542,5.452000000000001,9.728,4.275999999999999,7.973810750423016,0,,,,,,,,,,,,,,,,,,,146,802be749-b548-4c2d-ac1d-5e9b914de5bc,8f33e2c1-e701-4a5d-9a51-c7c0472f489a,Pothole,9.0,,0.0,Chevrolet Cruze 2010,Console
-7.553624060150376,0.8667968221271236,-10.317,-5.099,5.218,7.603194931930414,2.1654511278195487,0.5343839467075411,0.902,3.609,2.707,2.230413591573026,5.865436090225565,0.8317078394039983,3.609,8.355,4.746,5.924109929655814,0,,,,,,,,,,,,,,,,,,,133,80749465-674a-4d5c-b690-ae20db366255,a1484efd-2281-4df5-86a3-c14bcd46c1b1,Pothole,7.5,,0.0,VW Pointer 2004,Dashboard
-4.5283894230769235,1.0715443865692773,-7.688,-1.412,6.276,4.653441537123152,3.956399038461538,0.5215546927207878,2.628,5.138999999999999,2.5109999999999992,3.990628102070959,8.044850961538462,0.789053797948383,6.041,10.277000000000001,4.236000000000001,8.08345426716964,0,,,,,,,,,,,,,,,,,,,208,80bc8e35-12d1-4fb6-9968-2deaf1cad844,aae97e0c-7ee3-4ce2-9655-11afa316ced3,Pothole,6.0,,12.6,Chevrolet Cruze 2010,Driver trousers
4.370895161290322,0.7777240245509224,2.55,6.7860000000000005,4.236000000000001,4.439547180665483,0.5112096774193549,0.7773816191818735,-1.412,2.55,3.9619999999999997,0.9304071775996959,9.14927419354839,0.8772250910124315,6.825,12.552999999999999,5.727999999999999,9.191231806946893,0,,,,,,,,,,,,,,,,,,,124,80dad782-90ff-484a-b2be-eda9519a4518,42faef55-8979-4402-b2d8-971968743298,Pothole,6.0,,13.5,VW Derby 2001,Console
-1.0694897959183671,0.4305071738852037,-2.275,0.785,3.06,1.152885445454203,-7.372755102040816,0.5610901753933576,-9.454,-5.452000000000001,4.002,7.394074653368861,6.820312925170069,0.8194479459315541,4.08,10.042,5.962,6.869364114190871,0,,,,,,,,,,,,,,,,,,,147,8153916b-1b85-466e-bf3e-bce886c3864e,f0c51d49-faf5-4985-a8ad-1f9e22ff8c5a,Pothole,6.5,,9.9,Kia RIO 2018,Console seats
-0.63912,0.9059438191067797,-6.7860000000000005,4.197,10.983,1.1086967925351716,3.7938,0.8188562755453487,-0.039,8.158999999999999,8.197999999999999,3.881165294083724,9.762920000000001,1.0122032834037504,7.1,17.102999999999998,10.002999999999998,9.815251520635288,0,,,,,,,,,,,,,,,,,,,225,818cb481-0257-453c-9b56-573a82c53124,aae97e0c-7ee3-4ce2-9655-11afa316ced3,Pothole,6.0,,6.332000000000001,Chevrolet Cruze 2010,Console between seats
-4.2512083333333335,0.57477566487331,-6.08,-2.589,3.491,4.289888035640713,2.2352416666666666,0.3514789703484722,1.412,3.217,1.8050000000000002,2.2627069573853347,8.928291666666667,0.5308852260742325,7.452999999999999,10.944,3.4910000000000014,8.944061225658807,0,,,,,,,,,,,,,,,,,,,120,81a3780a-cb48-476f-810d-29beae021651,62293c82-da5d-4322-8fc9-cab2384a7d02,Metal_bumps,,good,12.6,Chevrolet Cruze 2010,Driver trousers
1.1547640449438203,0.7217492642912681,-0.785,2.7460000000000004,3.5310000000000006,1.3617642967856074,-0.41869662921348316,0.5209329876568456,-2.511,1.0979999999999999,3.609,0.6683397675911708,9.492865168539327,2.1303121055877554,3.2560000000000002,14.671,11.415,9.728962882819571,0,,,,,,,,,,,,,,,,,,,89,81e3529a-4c1f-4270-a2f2-21fcf9d3be41,4fd78215-4876-45a7-b63a-c56c256c767e,Metal_bumps,,bad,12.6,Peugeot Partner 2013,Glove compartment
9.099689655172412,1.6490540361161352,2.824,17.180999999999997,14.356999999999998,9.247904142803533,2.278063218390805,1.2414314094138659,-0.706,9.846,10.552,2.594363885669157,4.034045977011494,1.859796747070725,-4.001,12.317,16.318,4.442113335458413,0,,,,,,,,,,,,,,,,,,,174,8202dd2a-0a10-4d8a-a1a5-f88e6c366f69,6c68139e-399c-42f2-a00a-b52782e38f3b,Pothole,8.0,,13.055172413793104,Chevrolet Spark 2013,Left door top
-6.598364238410595,0.9989220380947191,-8.63,-3.883,4.747000000000001,6.673548970444972,2.9550132450331126,0.5189036836804609,1.0979999999999999,4.7860000000000005,3.6880000000000006,3.0002273765930267,6.974278145695364,1.1443353613883098,4.04,11.100999999999999,7.060999999999999,7.0675355728038385,0,,,,,,,,,,,,,,,,,,,151,826b20c0-46ec-4bb4-a1b6-2aa71d7b9457,6d7a11aa-bbf7-4b70-90c8-c6ef712a5f18,Pothole,8.5,,8.1,Honda Accord 2007,Copilot trousers
6.077552123552124,1.2166749835608948,3.2560000000000002,8.63,5.3740000000000006,6.19813986855055,0.5343359073359072,0.3402226489709722,-0.392,1.53,1.9220000000000002,0.6334558490860375,8.274088803088803,1.0343807745258058,5.845,12.317,6.472,8.338494414947347,0,,,,,,,,,,,,,,,,,,,259,82977b5b-2304-483c-b1cd-f7096e45fbb5,41ad1e6c-2fb6-4edb-bc4d-4e5ae27a21b8,Speed_bump,,good,13.751999999999999,VW Derby 2001,Console
4.355844827586207,4.099439923064866,-2.04,35.147,37.187,5.981537581995752,-0.020594827586206923,1.1228799332324026,-7.845,2.628,10.472999999999999,1.1230687830134494,8.475,3.547761657138493,-9.728,17.064,26.792,9.187613279620669,0,,,,,,,,,,,,,,,,,,,116,82981aeb-5322-44e1-a0cb-9bd1f4f9f2bd,60496a31-e489-4df6-b859-bf0c1f2f2029,Metal_bumps,,good,15.3,VW Pointer 2004,Copilot trousers
-7.451529411764705,1.9212020323575936,-12.788,-3.3339999999999996,9.454,7.69521330591488,2.5112647058823527,0.7785080493302381,0.628,4.236000000000001,3.6080000000000005,2.6291681585403306,6.449705882352942,2.074268501292828,2.275,11.258,8.982999999999999,6.775049504196535,0,,,,,,,,,,,,,,,,,,,102,83486fa4-1526-4d84-b60b-8c9af4c1432d,b268183f-fbbd-4849-84b9-f59293534538,Speed_bump,,good,0.0,VW Derby 2001,Copilot trousers
-7.047952,0.8395973116298073,-9.846,-3.9619999999999997,5.884,7.097784938979203,-0.305936,0.5652016382708033,-1.765,1.177,2.942,0.6426894491120886,-7.412311999999999,1.1306507606931504,-11.69,-3.0989999999999998,8.591,7.498049101466327,0,,,,,,,,,,,,,,,,,,,125,836957da-02e1-4eea-8c56-8922e39238cb,239def7b-d731-4b2c-b6cb-14de8cd8b7b9,Speed_bump,,bad,19.8,Chevrolet Cruze 2010,Left door
6.223805797101448,1.0346544056335083,2.6069999999999998,12.477,9.870000000000001,6.309220897950113,0.13413333333333335,0.572350551005863,-2.634,1.9080000000000001,4.542,0.5878578946886961,7.260904347826086,1.669235372852222,0.872,12.62,11.748,7.450307287505722,1,-0.008518840579710146,0.03644571613705377,-0.099,0.10800000000000001,0.20700000000000002,0.03742807595328963,-0.0023739130434782606,0.1471528118797204,-0.371,0.478,0.849,0.14717195897060817,-0.013228985507246377,0.04472702746581004,-0.162,0.161,0.323,0.04664239534456031,345,8380a2f9-755b-4885-b1de-73955f6929b2,501e9fc7-3277-43fe-91be-93d809352fe1,Pothole,16.0,,12.339234782608694,Chevrolet Express van 2013,Right door
1.918994350282486,1.4755971289527947,0.353,13.259,12.906,2.4207284447847157,-0.18725988700564974,1.0878852601439204,-2.589,4.9430000000000005,7.532,1.103884325697115,9.620073446327684,2.0228371054184304,1.4909999999999999,20.045,18.554000000000002,9.830446737956349,0,,,,,,,,,,,,,,,,,,,177,84131b06-8690-4c69-b800-4663052bacc3,6365dbed-bc7d-4f16-b29d-f27ab80cc5b5,Pothole,8.0,,11.222033898305085,Peugeot Partner 2013,Glove compartment
-0.4936307692307692,1.1159994081778246,-4.629,2.314,6.943,1.2202975110130378,6.162815384615384,0.8691209598440465,3.648,11.023,7.375,6.223798254096312,7.871561538461538,1.2986903047884353,4.433,11.807,7.3740000000000006,7.977974527506243,0,,,,,,,,,,,,,,,,,,,130,84247eda-14f6-4bf8-bbef-fcc176c4be60,08eb2fa5-c031-49a7-8465-ba336d59836a,Pothole,9.0,,0.0,Chevrolet Cruze 2010,Console
0.1599490196078431,0.9005733518747275,-2.275,4.08,6.355,0.9146671804434616,-2.165937254901961,0.5762915622239351,-3.687,-0.51,3.1769999999999996,2.241293411595801,10.044023529411765,0.788440202163451,8.12,13.769,5.649000000000001,10.07492166777314,0,,,,,,,,,,,,,,,,,,,255,844143a8-637b-41bb-ae29-17c33c27028e,24bb858e-aa25-4c4f-bb73-35895d8904d1,Pothole,6.5,,6.554117647058823,Peugeot Partner 2013,Console
3.2305892857142857,0.8394596854266634,1.0979999999999999,6.394,5.296,3.337873529124279,-0.3029285714285714,0.5666735126137088,-1.922,1.334,3.2560000000000002,0.6425609615326114,9.839241071428573,0.7379763503461886,8.394,13.298,4.904,9.866877619356448,0,,,,,,,,,,,,,,,,,,,112,8450e930-8d50-462b-a57e-f0528be47b0f,a5b63b0a-eb19-4598-8492-5ae743c1d496,Pothole,6.5,,13.5,Kia RIO 2018,Console
-0.6973755458515284,0.7891199334991245,-6.7860000000000005,1.3730000000000002,8.159,1.0531110679303395,-0.8902183406113535,0.4905198075358623,-2.471,0.5489999999999999,3.02,1.0164144703544178,9.9742096069869,0.8426802113480901,6.1979999999999995,13.259,7.061000000000001,10.009743614234452,0,,,,,,,,,,,,,,,,,,,229,848c0f20-745e-41cb-b8b7-8ffad377110e,ca39439a-59ad-455f-bc65-f2c7618f386f,Speed_bump,,bad,19.85109170305677,Honda Accord 2007,Console
8.33422680412371,2.005999504091554,3.609,14.985,11.376,8.5722441888335,1.0138762886597936,0.823086237139019,-1.844,2.314,4.158,1.3059158022147626,-5.8698865979381445,1.5255553856096649,-11.572000000000001,-1.4509999999999998,10.121,6.064889768760557,0,,,,,,,,,,,,,,,,,,,97,84bc969b-70de-4cdd-9672-3d1ab4475a09,0c93afc7-4c3b-495d-b121-5aa3a4c9554a,Speed_bump,,good,5.4,VW Derby 2001,Console left
0.30500574712643674,2.07100225749314,-20.006,8.316,28.322000000000003,2.0933415527146635,-2.10967816091954,1.4069883708581075,-8.865,2.589,11.454,2.535815099409025,10.419850574712644,3.2093373685993463,0.039,20.006,19.967,10.902895594511927,0,,,,,,,,,,,,,,,,,,,174,84d87ada-8983-4e78-881f-382a8dc48763,993a6072-7366-474d-8fc1-110eb1b14ca4,Metal_bumps,,good,26.048275862068966,Chevrolet Express van 2013,Console
-7.806760683760683,1.022247629604496,-12.043,-4.001,8.041999999999998,7.87340476475988,0.029820512820512828,0.5086903179530983,-1.922,2.079,4.001,0.5095636393661763,6.824094017094018,1.0401563408368035,2.589,11.023,8.434,6.902911296512608,0,,,,,,,,,,,,,,,,,,,117,8502ed97-7f45-42ca-b2a6-6e9693ac1a08,9bd80cdf-998e-461d-bd08-abd929d42522,Metal_bumps,,good,0.0,VW Derby 2001,Copilot trousers
0.1504876957494407,1.653176221392058,-4.9030000000000005,16.514,21.417,1.6600114956072138,-7.819957494407158,1.399935297476083,-18.083,-3.177,14.905999999999999,7.944278069872311,6.240635346756152,1.3040188418725631,0.51,23.104,22.593999999999998,6.375421136767433,0,,,,,,,,,,,,,,,,,,,447,859249e7-8fad-4f01-8e05-ea3d01780026,5652fd31-9fa7-4530-8d4f-c748e4f99577,Pothole,16.0,,8.550120805369131,Chevrolet Express van 2013,Console
0.23021951219512193,0.6058407252196911,-2.55,2.3930000000000002,4.943,0.6481080219609083,6.467276422764228,0.6794233004183996,4.7860000000000005,8.865,4.079,6.50286708687741,8.422520325203251,0.7725256893099391,4.982,11.610999999999999,6.628999999999999,8.457874707579068,0,,,,,,,,,,,,,,,,,,,123,859ea4fa-a4d7-4a07-a574-738ae71451af,0ef4e17b-58e6-444d-b262-57abe170533d,Pothole,5.0,,5.4,Peugeot Partner 2013,Console
5.34134126984127,1.3509442915135288,1.883,9.061,7.178,5.509535101955748,0.4293571428571429,0.6006489937715878,-0.902,2.197,3.099,0.7383270073898623,8.606206349206348,1.6438018037824444,3.9619999999999997,14.277999999999999,10.315999999999999,8.761784755130549,0,,,,,,,,,,,,,,,,,,,126,85e01d24-eabd-456e-af41-a50bb83df75f,66031827-ff15-43df-b039-38ecde7f9099,Speed_bump,,good,7.632000000000004,VW Derby 2001,Console
4.143072916666667,0.8109040960659238,1.0979999999999999,7.688,6.59,4.22168433754033,-0.9138281250000001,0.7027806057611325,-2.589,0.667,3.2560000000000002,1.1528149989807557,9.913270833333334,1.3693213874273533,6.747000000000001,17.102999999999998,10.355999999999998,10.007396248629478,0,,,,,,,,,,,,,,,,,,,192,86449abb-4ebc-4611-a761-a17976470453,507bd7d5-4e16-442e-8d4d-dd2400bc6cd2,Pothole,5.0,,17.521875,Honda Accord 2007,Left door
2.5929464285714285,0.6670476731992836,0.667,5.178,4.511,2.677372551544126,5.295345238095238,0.9523258995248925,0.785,7.9239999999999995,7.138999999999999,5.380297929438835,-8.296642857142857,1.1029708922340817,-11.258,-3.648,7.609999999999999,8.36963723754472,0,,,,,,,,,,,,,,,,,,,168,86463ee8-0de5-4e97-b1a5-f56718b916fe,920f0503-2423-4c8d-8ef6-dc57fc9652db,Pothole,8.0,,10.896428571428572,Peugeot Partner 2013,Left door
-5.657407608695653,1.562664037353442,-11.925,-2.628,9.297,5.869257171445567,1.656695652173913,0.9647440665244539,0.078,3.923,3.845,1.9171258690618327,8.764157608695653,1.0241612698599953,4.864,10.827,5.963,8.823795379355708,0,,,,,,,,,,,,,,,,,,,184,86922f28-c47f-4c0a-b3b4-85674c01d0e3,79b93997-2fd9-4c58-ab95-e235e77c5f2c,Speed_bump,,bad,0.0,Kia RIO 2018,Copilot trousers
8.321722891566266,1.369336012811319,2.589,11.219000000000001,8.63,8.433632254254391,0.243433734939759,0.9524171556518846,-3.9619999999999997,2.2359999999999998,6.1979999999999995,0.9830353104984312,-4.828698795180722,1.652197898929624,-11.18,0.11800000000000001,11.298,5.103537004059756,0,,,,,,,,,,,,,,,,,,,83,86a6aac3-d606-4203-9a34-73b91f048b89,1e276e9e-d407-465a-9f69-6fceeba64db3,Pothole,7.0,,10.8,Chevrolet Spark 2013,Left door
-0.10631884057971012,0.7195250612727967,-2.04,2.628,4.668,0.7273376173840012,6.323400966183576,0.5097963206041035,4.001,7.296,3.295,6.343917722325287,7.69671497584541,0.6865586948444723,5.688,11.297,5.609000000000001,7.727275345221598,0,,,,,,,,,,,,,,,,,,,207,872d95fa-504b-4b2c-8ef8-28a869e906bd,5794dfea-1dd6-4ee5-9198-242de74036d9,Pothole,6.0,,0.0,Chevrolet Cruze 2010,Console
3.029195945945946,0.707278861044823,1.4509999999999998,4.433,2.982,3.110670581436777,0.20702702702702705,0.7976767866913871,-1.4509999999999998,2.785,4.236,0.8241046328870782,9.700905405405404,0.9359877376899319,8.198,12.709000000000001,4.511000000000001,9.745954993212811,0,,,,,,,,,,,,,,,,,,,148,874ac347-2b97-442e-951b-82b95b56d526,170a9178-30e6-4a97-89b5-1f5cec7849ab,Speed_bump,,good,18.760135135135133,Kia RIO 2018,Console
1.0512511627906975,0.917072994069794,-0.785,6.394,7.179,1.3950454772948908,-3.2163906976744188,1.3091209676040039,-6.943,0.706,7.648999999999999,3.472602313526122,10.251302325581394,3.3189179865767247,0.275,19.378,19.103,10.775175913742338,0,,,,,,,,,,,,,,,,,,,215,8770c744-062e-440e-b6c1-01ce63f93341,35836f85-a777-4605-af91-10b5f902af94,Speed_bump,,good,19.833488372093026,Chevrolet Express van 2013,Console
0.0938291457286432,0.8515497848836855,-1.334,4.982,6.316000000000001,0.8567035337405923,-0.9274623115577887,0.7464868521540603,-4.001,0.078,4.079000000000001,1.1905582555251109,10.024291457286434,1.1394861248038475,6.59,15.73,9.14,10.08884769680097,0,,,,,,,,,,,,,,,,,,,199,87734d5a-043a-416d-ac71-6793d644df68,756afc86-b9c3-4d61-975b-65c0817456c2,Pothole,7.0,,15.982914572864322,Honda Accord 2007,Console
-4.598164319248827,1.357428695416459,-8.865,0.11800000000000001,8.983,4.794343309563161,-0.5259577464788732,0.7369046944694218,-2.157,0.785,2.942,0.9053508048332463,-8.146089201877935,2.871102480256831,-15.455,2.157,17.612000000000002,8.637244858002418,0,,,,,,,,,,,,,,,,,,,213,87738a96-b616-4127-9095-f026435fd3e8,35836f85-a777-4605-af91-10b5f902af94,Speed_bump,,good,10.825352112676057,Chevrolet Express van 2013,Left door
4.818911602209944,1.0562696912692886,1.568,8.119,6.551,4.9333168042005715,-0.17044198895027626,0.6443531453453812,-1.954,1.7719999999999998,3.726,0.6665144015802,8.205458563535911,2.0986071715396655,2.229,14.488,12.259,8.469575095501694,1,0.002408839779005523,0.11238331569060958,-0.23600000000000002,0.34299999999999997,0.579,0.11240912843135176,-0.0008618784530386754,0.05678541302467577,-0.20600000000000002,0.158,0.364,0.0567919533635781,0.00570718232044199,0.07008650852836115,-0.225,0.16399999999999998,0.389,0.07031849406617584,181,877cd227-d849-45b1-9807-22263b8aae9d,d19ed1fc-ee10-4c6b-a57a-c1eb200b0ef1,Speed_bump,,good,0.0,VW Pointer 2004,Right door
10.144892857142857,2.2929255725769973,5.178,17.613,12.434999999999999,10.4007864493165,-0.8089,1.2737842567943531,-3.06,2.667,5.727,1.508921980374447,0.7158357142857142,1.6356330867400475,-3.57,6.472,10.042,1.7854177002275167,0,,,,,,,,,,,,,,,,,,,140,878eb5a7-a469-4e1e-afdb-aa4685d7efc9,c62027c4-019a-4dd9-a7fa-f8ee1c70990c,Pothole,5.0,,13.075714285714286,VW Pointer 2004,Left door
1.4107058823529408,0.8685137472608504,-1.101,5.117,6.218,1.6566252490187012,7.205666666666666,0.7106240054516756,5.114,9.582,4.468000000000001,7.2406228038916165,6.241127450980392,0.7714987282412178,3.431,7.808,4.377,6.288631182305004,1,0.003784313725490197,0.037180436414598575,-0.092,0.138,0.23,0.037372528444740545,0.019813725490196072,0.08092513247757385,-0.16699999999999998,0.5,0.667,0.08331542944925464,0.014627450980392158,0.044960095938908234,-0.08199999999999999,0.14,0.222,0.04727972661743728,102,87c1c973-993a-48bf-8a5a-ef9d57919e0b,76ab0adc-5eb0-4fef-b2fa-1280882a9e59,Pothole,6.5,,0.0,Peugeot Partner 2013,Right door
-0.3758354430379747,0.29018291614038966,-1.02,0.588,1.608,0.4748246045260198,-7.691879746835443,0.38624671327256616,-9.179,-6.865,2.314,7.701571304824175,6.398632911392404,0.40745159461562414,5.531000000000001,7.885,2.353999999999999,6.411592620925698,0,,,,,,,,,,,,,,,,,,,158,87c2ba59-e892-4c45-9a08-cd640342e540,ecb6eedb-682a-4fda-a211-4c0bb5b4032f,Pothole,6.0,,12.6,Kia RIO 2018,Console seats
-0.2100582010582011,1.0949125798250734,-5.06,4.629,9.689,1.1148802650020337,4.357047619047619,0.828214547298443,2.1180000000000003,8.63,6.5120000000000005,4.435065195800991,9.432645502645503,0.9906465347798417,6.237,14.435,8.198,9.484523274021196,0,,,,,,,,,,,,,,,,,,,189,87cfa84e-21a2-4774-a782-85462c61d48f,5f17fd7b-4b53-43e1-a72d-747dc3dc28b4,Pothole,5.0,,7.057142857142857,Chevrolet Cruze 2010,Console between seats
2.966460992907801,0.42220442290386007,1.569,4.08,2.511,2.9963556860231266,9.217999999999998,0.7163466710968158,7.178,11.454,4.276000000000001,9.245792370218547,2.988964539007092,0.4669749247045302,1.569,4.276,2.707,3.0252230654523116,0,,,,,,,,,,,,,,,,,,,141,881c5373-7bd3-4f2a-ac6f-e1269a0927ff,b57f3df2-1453-4e16-a46e-112a9e24336a,Pothole,5.0,,12.61276595744681,Peugeot Partner 2013,Left door
2.142448529411765,0.892511029919098,-0.078,6.865,6.9430000000000005,2.320918275102741,5.025014705882352,1.0865783585160813,-0.078,9.807,9.885,5.141150194609121,-8.564058823529411,1.3999237571923542,-17.377,-2.589,14.787999999999998,8.6777237832754,0,,,,,,,,,,,,,,,,,,,136,887482b7-cf8d-4070-9f7b-c8e5b0842ff1,60cf72a5-7c3a-4197-8eb2-3bad38f7053a,Pothole,7.0,,18.63529411764706,Peugeot Partner 2013,Left door
-7.958316831683169,0.5937329954741561,-10.591,-6.002000000000001,4.588999999999999,7.98043392700963,2.3621881188118814,0.7071366430457733,0.392,4.629,4.236999999999999,2.4657605197167993,6.077762376237625,0.6798952037552574,3.4130000000000003,7.845,4.4319999999999995,6.115672734057882,0,,,,,,,,,,,,,,,,,,,101,88758236-da97-4143-b003-a7c0315afbb4,bbe4c449-d896-462b-946e-991c22d19a96,Metal_bumps,,good,0.0,VW Derby 2001,Copilot trousers
6.921201550387597,1.6153518414823882,2.903,12.709000000000001,9.806000000000001,7.107207079638823,-0.04927131782945741,0.889044524586206,-1.6480000000000001,2.079,3.7270000000000003,0.8904087990678013,7.4502945736434105,2.1548229028585464,2.864,14.514000000000001,11.650000000000002,7.75565284013823,0,,,,,,,,,,,,,,,,,,,129,88f66a78-74bd-4ea6-9453-e0a877f1dc55,76d1fb6f-45a1-417a-946d-0c1e45302e65,Pothole,10.0,,15.371999999999998,VW Derby 2001,Left door
3.0501939393939397,1.0113418263180056,0.314,8.238,7.9239999999999995,3.2134864800673673,9.437703030303032,0.9771312323031808,5.412999999999999,13.259,7.846000000000001,9.488151765930672,2.270921212121212,0.7989064342976385,-0.235,5.296,5.531000000000001,2.4073501287565633,0,,,,,,,,,,,,,,,,,,,165,897ed4c1-4553-4ee8-8369-7208fb7af5e8,898ca1f4-2528-4cff-a4fb-68677dba372a,Pothole,6.5,,10.8,Peugeot Partner 2013,Left door
6.455438461538461,3.894543717727398,-0.11800000000000001,36.638000000000005,36.75600000000001,7.53924110902417,0.23171538461538463,0.5136350280802565,-0.667,3.883,4.55,0.5634828848673769,8.332276923076924,2.9065080846938187,0.981,16.711,15.729999999999999,8.824660218344432,0,,,,,,,,,,,,,,,,,,,130,8a0f9b10-69f9-4b9e-b768-47c4bdf87d6a,dfc3b628-958a-4863-ace2-059ee0628d53,Speed_bump,,good,29.7,VW Derby 2001,Console
-0.03815753424657534,0.8091032808106624,-2.432,2.001,4.433,0.8100025410073455,0.17865753424657538,0.49554867112820894,-1.4509999999999998,0.981,2.432,0.5267703484441774,10.885671232876712,0.8588467507228791,8.081,13.102,5.021000000000001,10.919498886464838,0,,,,,,,,,,,,,,,,,,,146,8a1baaf4-b1fa-4b60-b0b5-4bcc561e83c6,0b3c066a-6f84-405c-886d-ea838414f61b,Pothole,7.0,,11.755479452054795,Chevrolet Cruze 2010,Dashboard
0.038534482758620696,0.800358774769896,-1.726,2.314,4.04,0.8012858882525286,-2.678419540229885,0.8673691175358741,-5.178,-0.981,4.197,2.8153615077890497,9.83980459770115,1.5725158321230701,1.804,14.671,12.866999999999999,9.964665602177444,0,,,,,,,,,,,,,,,,,,,174,8a2b5774-698c-4945-940c-4bb60909f3c6,d24f63f7-97aa-4c80-8147-9e7adf0343fc,Pothole,7.0,,16.903448275862072,Peugeot Partner 2013,Console
3.442977973568282,1.0581645877031707,0.941,5.688,4.747,3.6019174922734383,-0.028546255506607932,0.3049631758250933,-0.863,0.902,1.7650000000000001,0.3062963063975394,9.584568281938326,0.7313919072491568,6.747000000000001,12.199000000000002,5.452000000000001,9.612433785110188,0,,,,,,,,,,,,,,,,,,,227,8a7d5b3f-bd8c-473f-9dcf-d5eef79700ab,ae5a562a-202a-48a6-8f94-43363a1c6601,Speed_bump,,bad,10.54625550660793,Kia RIO 2018,Console
-4.6054275362318835,1.1192805135163428,-7.1,-2.1180000000000003,4.981999999999999,4.739488544075225,4.017021739130435,0.6329021201815561,2.157,5.178,3.021,4.06657457159915,8.029217391304348,1.0112783683280617,5.296,10.591,5.294999999999999,8.092651966758021,0,,,,,,,,,,,,,,,,,,,138,8a918429-fa04-49fc-afdb-d3e9fe82bdfc,cbf7b19b-462b-4eb0-b8a2-ff4ee9ff7f36,Pothole,6.0,,12.6,Chevrolet Cruze 2010,Driver trousers
-8.966778455284555,1.3315945732173904,-13.769,-4.707,9.062000000000001,9.06511224274566,3.004752032520325,1.0383052088884135,-0.863,8.904,9.767,3.179089882928735,3.4280060975609756,1.882637757179954,-3.02,9.807,12.827,3.910952662673737,0,,,,,,,,,,,,,,,,,,,492,8a918b4f-66b4-47e5-a38a-3cb1ed89096e,1256b495-10d4-477d-ad8d-8826a9b584c9,Pothole,16.0,,15.414658536585367,Chevrolet Express van 2013,Copilot
6.795330357142857,1.5259522635085987,3.138,10.552,7.414,6.9645563371412464,0.03500000000000001,0.5224373851750767,-0.902,1.9609999999999999,2.863,0.5236084619527949,7.479705357142858,1.7359321427570304,3.295,11.845999999999998,8.550999999999998,7.678505885517609,0,,,,,,,,,,,,,,,,,,,112,8aabca1d-785b-435f-a219-c3b7fd880e24,b268183f-fbbd-4849-84b9-f59293534538,Speed_bump,,good,5.4,VW Derby 2001,Left door
4.2896511627906975,1.860472673337365,0.039,7.257000000000001,7.218000000000001,4.675731564864119,-0.2639922480620155,0.5051452396273789,-1.726,0.981,2.707,0.569968086961927,9.28486046511628,0.9150525019392112,5.099,13.533,8.434,9.329842171118678,0,,,,,,,,,,,,,,,,,,,129,8aebdc7c-4dd0-4dec-9c8b-124fb2d9a63b,fc96303d-89e2-4081-98ac-0ed3671eab37,Metal_bumps,,good,13.5,Kia RIO 2018,Console
-5.73037125748503,0.5009064178201241,-6.825,-4.158,2.667,5.752222352102181,2.001952095808383,0.7925077064426923,0.235,3.648,3.4130000000000003,2.153109532439684,8.618592814371256,0.5446448840930448,7.375,10.356,2.981,8.63578486008658,0,,,,,,,,,,,,,,,,,,,167,8bba11dc-b851-40d7-bbc8-7934694cc90c,75f3fc7e-0920-4574-858d-13014923128d,Pothole,4.0,,0.0,Kia RIO 2018,Copilot trousers
2.4657021276595743,0.4189858606130395,-0.11800000000000001,4.276,4.394,2.501047007502778,4.448933130699088,0.7873763607846108,2.04,7.806,5.766,4.518071218446474,-8.731319148936171,0.5431724649827024,-11.572000000000001,-7.296,4.276000000000001,8.748198123459186,0,,,,,,,,,,,,,,,,,,,329,8c031cf0-6434-4a04-8a10-7b05f1456d8a,3f7163d6-35e5-4b54-b64e-76d43aa7b9af,Pothole,7.0,,10.176291793313071,Peugeot Partner 2013,Left door
0.883141592920354,1.1580932365544732,-3.923,4.236000000000001,8.159,1.4564061994166033,-0.017362831858407084,0.8013353463935003,-2.04,2.9419999999999997,4.981999999999999,0.8015234277984236,9.927088495575223,1.9999164520492805,6.276,19.26,12.984000000000002,10.12653700996344,0,,,,,,,,,,,,,,,,,,,113,8c1a6114-11b5-42aa-980b-8971f77ed2fb,ba797a10-b929-4349-b0e8-b24002bf0f44,Pothole,4.5,,12.6,Peugeot Partner 2013,Glove compartment
0.9342313725490196,0.6005756759519777,-0.628,2.589,3.217,1.1106211775398485,0.16797254901960784,0.7345487952340383,-1.844,3.766,5.61,0.7535095950310928,9.936788235294118,0.7690176788929023,7.138999999999999,12.709000000000001,5.570000000000002,9.966501323108798,0,,,,,,,,,,,,,,,,,,,255,8c9ae91e-ed68-4f50-850c-b8b144887a77,24bb858e-aa25-4c4f-bb73-35895d8904d1,Pothole,6.5,,7.51764705882353,Peugeot Partner 2013,Glove compartment
0.9771676646706587,1.0252482313861433,-4.59,4.393,8.983,1.4163299689120201,-0.13926347305389222,0.5392805498256665,-2.471,2.9810000000000003,5.452,0.5569720157667757,9.830389221556887,2.097951877913198,3.687,27.066,23.378999999999998,10.051763742216652,0,,,,,,,,,,,,,,,,,,,167,8cac0c21-7cbb-4a6f-b266-96567f795c12,99bdd82b-0730-4561-9151-2577affbfb20,Pothole,5.0,,15.903592814371258,Peugeot Partner 2013,Glove compartment
9.879613496932516,2.6021586421818395,0.47100000000000003,18.868,18.397,10.216554822828131,-0.40045398773006136,1.3827025471056462,-4.864,8.787,13.651,1.4395241331986588,0.6620368098159509,1.825203865878897,-5.609,7.257000000000001,12.866,1.9415617140772405,0,,,,,,,,,,,,,,,,,,,163,8cfaf91b-2cba-4c47-89a8-987aa5205eba,a881edcc-dfea-48ee-a681-ce081eb854ab,Pothole,7.5,,13.5,VW Pointer 2004,Left door
-0.642989847715736,1.0144823590135625,-5.256,4.746,10.002,1.2010871746110807,4.078340101522842,1.1921351919153444,0.431,9.885,9.454,4.249005095253756,9.578451776649747,1.0505343257133104,5.609,13.847000000000001,8.238000000000001,9.635889206871704,0,,,,,,,,,,,,,,,,,,,197,8d04feb4-0f21-4a06-9ca0-5d50d1ef6a35,a8de5d15-6299-4d0f-a88b-70395b907620,Pothole,6.0,,5.189847715736041,Chevrolet Cruze 2010,Console between seats
-5.097602094240837,0.7904185244319921,-6.825,-3.2560000000000002,3.569,5.158518058025369,2.4219947643979056,0.7516908305178601,0.47100000000000003,4.197,3.726,2.535960911263322,8.94880104712042,0.6404585989447361,6.865,10.434000000000001,3.569000000000001,8.97169033114194,0,,,,,,,,,,,,,,,,,,,191,8d0d63e5-49ab-4dff-9f8e-5d1e52142848,0d7f3435-6be7-4d62-b063-6602a4ab764f,Pothole,4.0,,0.0,Kia RIO 2018,Copilot trousers
6.024382165605095,1.2937992812117727,1.183,10.422,9.239,6.161744643956356,-1.5278726114649681,0.7920108868687715,-4.82,0.304,5.1240000000000006,1.7209520509832454,7.249898089171974,1.5236299063502956,2.136,12.462,10.326,7.408270405088117,1,-0.017955414012738855,0.07554121867627045,-0.182,0.184,0.366,0.07764581515745049,0.008573248407643312,0.03211448545550826,-0.10800000000000001,0.109,0.21700000000000003,0.03323914506017281,-0.02094267515923567,0.06926780320608117,-0.23800000000000002,0.11199999999999999,0.35,0.07236452310228858,157,8d62d2af-75b5-4fd3-86eb-c5e3bb9c66db,c212543d-8b43-4d9c-8c7f-3b50435227f0,Speed_bump,,good,0.0,Chevrolet Cruze 2010,Right door
8.42299090909091,2.459227097707565,4.511,26.006999999999998,21.496,8.774655193950773,1.6831454545454545,0.941339208848597,-0.706,4.393,5.099,1.9284963384130982,-5.900763636363638,2.956145296980428,-18.319000000000003,10.356,28.675000000000004,6.599833824354286,0,,,,,,,,,,,,,,,,,,,110,8dedf6ea-8d21-40db-a2f5-b32cab64e624,de44f47c-b221-478d-b83e-6cd3d360c7c7,Pothole,6.5,,12.6,VW Derby 2001,Console left
-4.7238240000000005,1.085358344982891,-8.943999999999999,-2.197,6.746999999999999,4.846907872035532,2.7740959999999997,0.6806865290161104,1.138,4.864,3.726,2.856386312808546,8.423680000000001,1.2705279129558704,3.727,11.219000000000001,7.492000000000001,8.5189568563293,0,,,,,,,,,,,,,,,,,,,125,8e22b091-aaa4-462a-b7dc-8974763e2162,239def7b-d731-4b2c-b6cb-14de8cd8b7b9,Speed_bump,,bad,12.6,Chevrolet Cruze 2010,Driver trousers
6.887322314049586,1.1065397276378857,3.295,10.356,7.061,6.975646122506952,-0.09626446280991736,0.7046929671802511,-1.255,2.471,3.726,0.7112376711011507,7.335380165289255,1.5740724161158635,3.177,11.807,8.63,7.502366702614307,0,,,,,,,,,,,,,,,,,,,121,8e28c24e-e952-497d-ba6b-e8575cc20630,e86fcec3-90aa-4274-b069-ce489ea23be9,Pothole,4.5,,15.371999999999993,VW Derby 2001,Left door
-7.135732142857143,1.074307958160432,-10.982999999999999,-3.06,7.922999999999998,7.216149305798171,3.3801785714285715,1.002493838726041,0.51,6.707999999999999,6.1979999999999995,3.5257057550834516,6.590017857142856,1.0692996120804534,3.373,10.356,6.983,6.6762067836352355,0,,,,,,,,,,,,,,,,,,,112,8e2a2bce-c019-4c89-80d9-10f926cc7784,d862f5c8-89cb-47ed-810f-4d784db4cf03,Metal_bumps,,good,0.0,Chevrolet Spark 2013,Copilot
-0.19467883211678833,0.5407170682955008,-1.765,1.726,3.4909999999999997,0.5746953937699848,-2.2854671532846718,0.4831610490158088,-4.001,-1.02,2.9810000000000003,2.3359804596847975,9.851583941605838,1.640451169213593,6.041,14.395999999999999,8.354999999999999,9.987231157687313,0,,,,,,,,,,,,,,,,,,,137,8e419ef5-6930-4600-929c-93be740d4573,b57f3df2-1453-4e16-a46e-112a9e24336a,Pothole,5.0,,13.118978102189782,Peugeot Partner 2013,Console
0.12317105263157896,0.5103609589891211,-1.6869999999999998,2.197,3.884,0.5250137299791946,-7.837771929824561,0.6848926095239212,-10.081,-5.766,4.3149999999999995,7.86763920820765,6.18607456140351,0.5084973724356209,4.825,8.355,3.5300000000000002,6.206938702534249,0,,,,,,,,,,,,,,,,,,,228,8e445346-b5f6-4e54-985e-e4581fac6e43,1a8a5991-1b47-44fd-a0e3-6ca151853b9c,Manhole_cover,,good,13.998631578947366,Chevrolet Express van 2013,Console
-7.8988953488372085,0.926999868656946,-10.591,-5.021,5.569999999999999,7.953104833231616,2.823395348837209,0.8353528537156768,-0.11800000000000001,6.119,6.237,2.9443803568911595,5.812581395348838,1.6313589424736517,1.6480000000000001,11.297,9.649000000000001,6.03717106571813,0,,,,,,,,,,,,,,,,,,,172,8e809020-38b0-479c-9ea8-f55125992929,6c68139e-399c-42f2-a00a-b52782e38f3b,Pothole,8.0,,0.0,Chevrolet Spark 2013,Copilot
5.826494252873563,0.684550374687073,3.9619999999999997,8.434,4.4719999999999995,5.8665700792075155,0.46370689655172426,0.315950418521533,-0.314,1.4509999999999998,1.765,0.5611138501886789,8.324586206896551,0.426829141614756,6.669,9.454,2.785000000000001,8.335521497314005,0,,,,,,,,,,,,,,,,,,,174,8e8fbbe8-c894-4856-8ab7-b2c30b343f10,fe77d767-c3a1-48b2-b284-82e2c1f47a1e,Pothole,12.0,,10.8,Kia RIO 2018,Left door
-1.2822421874999999,1.2582358231499033,-6.119,2.9419999999999997,9.061,1.7964694303167255,6.8061171875,1.628873928617433,2.55,15.965,13.415,6.998318472698459,-7.044578125,1.2493888356498486,-11.062000000000001,-4.08,6.982000000000001,7.154512801153898,0,,,,,,,,,,,,,,,,,,,128,8ea3dbe4-dc62-412a-9825-b2f3d568c300,5d6098f6-c955-4502-bd27-bd248180a9c6,Pothole,6.5,,19.76484375,Kia RIO 2018,Left door top
8.109327868852459,0.8138728547196773,5.806,11.062000000000001,5.256000000000001,8.150066718021192,-0.3105983606557377,1.3689553134274497,-2.707,4.629,7.335999999999999,1.4037485500627522,6.804237704918034,0.9214745226838278,4.59,11.100999999999999,6.510999999999999,6.866350270775852,0,,,,,,,,,,,,,,,,,,,122,8ef3a199-0584-4b9a-a347-5df983003531,2eb39caa-d21b-4895-8510-2004a70959d4,Pothole,8.0,,9.180000000000001,Chevrolet Spark 2013,Console
6.052287128712872,1.266646842844443,0.888,8.55,7.662000000000001,6.183411171260673,-1.3586138613861387,0.7738443823694101,-3.903,1.042,4.945,1.5635430126719403,7.3192079207920795,1.5094754601151146,2.265,12.704,10.439,7.473240311436214,1,-0.01022772277227723,0.06425149860534038,-0.155,0.134,0.28900000000000003,0.06506044409730549,-0.003980198019801979,0.04870399178509265,-0.11599999999999999,0.22,0.33599999999999997,0.04886635644366385,-0.013049504950495047,0.05487183559294408,-0.16699999999999998,0.098,0.265,0.05640219783653895,101,8efce451-461b-4e3c-9a1b-fc866e0fb037,c9f2b558-c243-4fc5-93de-93ba06bbe0bb,Speed_bump,,bad,0.0,Chevrolet Cruze 2010,Right door
-0.4391583333333333,0.686401819828509,-2.275,2.04,4.3149999999999995,0.8148665534920426,-7.694154166666666,0.6231456266924867,-11.100999999999999,-5.766,5.334999999999999,7.719347045735151,6.340591666666667,0.8086605179331365,4.707,10.238,5.531,6.391950759875006,0,,,,,,,,,,,,,,,,,,,240,8f215158-b935-4790-baeb-335619b19caa,66229e42-8162-44aa-be6f-f5c3317ff21f,Pothole,9.0,,13.32,Kia RIO 2018,Console seats
-0.5781499999999998,2.456337283379915,-27.419,4.629,32.048,2.523459980309223,-0.8067555555555556,0.9324915050088017,-5.649,4.982,10.631,1.2330429568078045,10.144905555555557,1.7090673275120367,1.804,19.496,17.692,10.287857884958905,0,,,,,,,,,,,,,,,,,,,180,8f3139bf-bde8-42c8-bcb4-3cd0f941f9e3,45cdde7b-58e5-479a-87f3-4a2becdf991b,Pothole,7.0,,20.689999999999998,Honda Accord 2007,Console
-5.791310344827585,1.0108563037862894,-7.649,-1.922,5.727,5.878869447182128,2.9888448275862065,0.4919305670702661,1.0590000000000002,4.55,3.4909999999999997,3.029057458386502,7.656183908045977,0.9145506594533548,5.609,11.533,5.9239999999999995,7.710613136614281,0,,,,,,,,,,,,,,,,,,,174,8f5387ce-da6b-4e74-a695-4cffefc80d4d,e1623b0b-af77-41e4-a772-c798eee54b42,Speed_bump,,bad,8.1,Honda Accord 2007,Copilot trousers
-6.596099236641222,1.4362580189584038,-10.317,-0.275,10.042,6.750656430054875,0.3934351145038168,0.7137771275227339,-2.511,2.197,4.708,0.8150269793689267,-8.018687022900762,2.4572229005447115,-25.066,-2.079,22.987,8.38673273415807,0,,,,,,,,,,,,,,,,,,,131,8f58b57e-bce8-4938-af7b-628127ab19db,9a13fff3-e344-405e-a24d-dab4a409932b,Metal_bumps,,good,9.9,Chevrolet Cruze 2010,Left door
-4.150404761904762,0.6472809188200135,-5.8839999999999995,-1.138,4.7459999999999996,4.200575231502253,3.8751666666666664,0.7537000134784796,2.432,5.099,2.6670000000000003,3.947781706827507,8.352843537414968,0.47870113666101527,6.394,11.100999999999999,4.706999999999999,8.366549464311767,0,,,,,,,,,,,,,,,,,,,294,8f883ead-babf-4399-bfe6-8680d4262a50,93a8f4aa-76d8-48e2-a62d-f235d4b88aaf,Pothole,5.0,,2.320408163265306,Honda Accord 2007,Copilot trousers
-0.5120796019900496,1.097633539346511,-3.844,3.2560000000000002,7.1,1.211208035587874,-4.761233830845772,0.5933844491787055,-6.669,-1.844,4.824999999999999,4.798067600244646,8.96010447761194,1.0456893720012024,5.021,13.337,8.315999999999999,9.020916722397885,0,,,,,,,,,,,,,,,,,,,201,8fcaedec-734c-4101-a270-167dd4f9270d,0f34b34c-bc69-42c5-9068-80f3304ffcb9,Pothole,7.0,,19.8,Honda Accord 2007,Console
9.210742647058824,2.036170742856203,3.648,17.22,13.572,9.433120978997978,1.9457867647058824,1.342138199731223,-2.04,8.12,10.16,2.3637726373072248,3.756580882352941,2.671256007054126,-1.255,13.259,14.514,4.6095019883803445,0,,,,,,,,,,,,,,,,,,,136,9041b3b5-75cb-473d-8af0-7e438d34d494,b620b7f9-2113-4126-b57e-afd3c497363a,Pothole,11.0,,11.666911764705882,Chevrolet Spark 2013,Left door top
2.4487553191489364,0.8789175001364887,0.078,6.276,6.1979999999999995,2.601710703576857,1.3595212765957443,0.7290350913645539,-0.196,4.276,4.4719999999999995,1.5426568853628622,10.103744680851063,1.3683332455883488,5.845,14.788,8.943000000000001,10.19597922942218,0,,,,,,,,,,,,,,,,,,,94,9055960c-6bb8-4352-93c8-8c44d51782ab,7327b857-a024-4ac4-93ef-95e7a4340af3,Speed_bump,,bad,9.9,VW Pointer 2004,Glove compartment
1.9274270833333336,1.4912340229990149,-1.608,5.57,7.178000000000001,2.4369559029487315,-0.22592708333333333,0.38785589153682637,-1.608,0.588,2.196,0.448859933145445,9.737177083333334,2.3787890958198656,2.432,15.690999999999999,13.258999999999999,10.023535060774883,0,,,,,,,,,,,,,,,,,,,96,90a89639-48b7-48c2-ae43-7f59bdc8b06a,7a31ec2a-822a-4c71-a007-fde0e955b97f,Speed_bump,,good,12.6,Peugeot Partner 2013,Glove compartment
-0.01726254826254827,0.41391941536941845,-1.138,1.844,2.982,0.41427922708274667,-2.83146332046332,0.45759737829638353,-4.001,-1.4509999999999998,2.5500000000000007,2.8682015089168504,9.504204633204633,1.301528202087052,4.9030000000000005,12.003,7.1,9.592907868350261,0,,,,,,,,,,,,,,,,,,,259,90ad42d4-c5a9-4fbd-9fa8-c0e3aefc07b5,9297cb19-7576-42e9-a7b4-9bdd30c73935,Pothole,5.0,,10.445559845559846,Peugeot Partner 2013,Console
-8.802676229508197,1.0072781930963375,-14.122,-6.041,8.081,8.860119534173117,3.7419631147540984,0.5701337945793478,1.412,6.433,5.021,3.785147354582334,3.2850737704918034,0.2737113673026779,2.511,4.511,2.0,3.2964568236462517,0,,,,,,,,,,,,,,,,,,,244,90bc0c8b-74b4-4e53-9184-90a5d3429874,321759c0-6198-44af-bedd-0a65087b2771,Ditch,6.0,,8.856,Chevrolet Express van 2013,Copilot
-0.03111111111111111,0.9659039127194289,-1.608,4.197,5.805,0.9664048167518982,-2.3395238095238096,0.9896224766336421,-6.825,-0.392,6.433,2.540221309568775,10.30757142857143,2.2856698730804244,3.2560000000000002,21.575,18.319,10.557950346720217,0,,,,,,,,,,,,,,,,,,,126,90dd956b-a9ae-44cb-b4ee-e97004debaa9,ba797a10-b929-4349-b0e8-b24002bf0f44,Pothole,4.5,,16.72857142857143,Peugeot Partner 2013,Console
0.16066666666666668,0.536864583667596,-0.981,2.432,3.413,0.5603903630277371,6.4940448717948716,0.8393588925785112,3.9619999999999997,9.101,5.139000000000001,6.548063999949596,8.35600641025641,1.0971210898785715,6.276,16.828,10.552,8.427723169047649,0,,,,,,,,,,,,,,,,,,,156,90e90463-09b6-4e4a-83f4-70740f2cac7f,99bdd82b-0730-4561-9151-2577affbfb20,Pothole,5.0,,15.057692307692307,Peugeot Partner 2013,Console
0.3915305164319248,1.0877330888333432,-1.216,13.769,14.985,1.156053380186389,-8.042943661971831,2.3778297610243007,-14.514000000000001,-0.314,14.200000000000001,8.387074407805486,5.954539906103286,1.9127553938662178,0.5489999999999999,17.456,16.907,6.2542128753457735,0,,,,,,,,,,,,,,,,,,,213,90ea3f72-905d-4ff7-b44c-5e818ce354ff,35836f85-a777-4605-af91-10b5f902af94,Speed_bump,,good,10.185971830985915,Chevrolet Express van 2013,Console
-6.3138577405857745,1.2635635586671325,-10.081,-1.334,8.747,6.439052137942855,2.0253347280334726,0.6625862451851895,0.314,3.805,3.491,2.1309625273305555,8.073970711297072,0.8963537500157382,5.57,11.376,5.805999999999999,8.123573911281303,0,,,,,,,,,,,,,,,,,,,239,910ddc3f-acbd-4c47-8e1d-88bd69f9555e,ccb203e3-0b6c-46c4-b91f-eca77f8ec2d7,Pothole,12.0,,0.0,Kia RIO 2018,Copilot trousers
-7.82068992248062,1.517383099201848,-12.435,-3.217,9.218,7.966532641829401,1.9373178294573645,0.624775159365055,0.196,3.923,3.727,2.0355697905237795,5.572007751937984,0.8220465432807028,3.3339999999999996,8.472999999999999,5.138999999999999,5.632320206360496,0,,,,,,,,,,,,,,,,,,,129,911ace96-46a1-4445-938e-1068219311b9,ea7a7498-8dcb-4be6-a057-6ec392e81924,Speed_bump,,bad,0.0,VW Pointer 2004,Dashboard
-4.1110439560439564,1.2897058350356525,-7.061,-0.745,6.316,4.308598791887051,4.1455164835164835,0.5448468151013602,2.707,5.452000000000001,2.745000000000001,4.181167895102153,8.184626373626372,0.745820584269311,5.962000000000001,10.238,4.275999999999999,8.218537413663103,0,,,,,,,,,,,,,,,,,,,91,915561d7-d00c-4b2f-ad47-edb1687a3d4b,a9581f32-e3e3-4f0e-8d2c-372c70256802,Pothole,7.0,,9.0,Chevrolet Cruze 2010,Driver trousers
0.25556190476190477,0.3385703253615407,-0.51,1.216,1.726,0.4241954176802861,7.0510666666666655,0.8598775800649838,3.491,10.003,6.5120000000000005,7.10330420230446,7.719809523809524,0.8236806951290923,5.609,10.866,5.257,7.76362730760748,0,,,,,,,,,,,,,,,,,,,105,919b8a7a-19df-478e-b4be-aa61c515fa75,a25e8d71-9771-4902-a088-8b612ba129c4,Speed_bump,,good,5.4,Peugeot Partner 2013,Console
-6.884789855072465,0.9017962305013011,-9.767000000000001,-4.158,5.609000000000001,6.943599051634179,0.1816231884057971,0.6928961818934981,-2.079,1.4909999999999999,3.5700000000000003,0.7163044753799012,-7.4919782608695655,1.1553434050469071,-13.847000000000001,-4.629,9.218000000000002,7.580538018170447,0,,,,,,,,,,,,,,,,,,,138,91fc34ae-b94f-434d-965f-5255c82aca7e,cbf7b19b-462b-4eb0-b8a2-ff4ee9ff7f36,Pothole,6.0,,14.4,Chevrolet Cruze 2010,Left door
5.211576923076923,1.3526830083230577,0.675,10.517999999999999,9.842999999999998,5.38426274861785,-0.8587307692307693,1.022921923143759,-5.928,1.8359999999999999,7.763999999999999,1.3355851881747547,7.653833333333334,1.9381780197713487,-3.697,12.710999999999999,16.407999999999998,7.895422644214129,1,0.024961538461538455,0.36341762521317245,-1.8730000000000002,2.804,4.677,0.3642738649943868,0.043179487179487185,0.7086610568003424,-3.141,4.753,7.894,0.7099753245983,-0.04151282051282052,0.24243866491525412,-2.6,0.147,2.747,0.24596711266512952,156,9235d847-f7c9-4226-90d8-d30a2825727c,4df233fb-2120-4e3e-8024-93eafe47c00f,Pothole,12.0,,0.0,VW Pointer 2004,Right door
-0.12625133689839574,0.5304521892358044,-2.1180000000000003,1.3730000000000002,3.4910000000000005,0.5452695894084777,-7.776978609625669,1.1129884949615532,-10.434000000000001,-2.864,7.570000000000001,7.856216626627093,6.157518716577541,0.8266186994307716,2.275,8.904,6.629,6.212755847387802,0,,,,,,,,,,,,,,,,,,,187,924de0a9-b615-401b-8e2a-511d4d81c5d9,52f5b87b-4e78-4b43-9772-bb3514e324a5,Speed_bump,,good,6.636898395721925,Chevrolet Express van 2013,Console
-6.960795081967213,0.9287003605296726,-9.728,-4.393,5.335,7.022474815390005,3.2130327868852455,0.7472122828529598,0.902,5.2170000000000005,4.315,3.2987733910115593,6.777819672131146,1.6215625686982205,3.53,12.356,8.826,6.969096402843854,0,,,,,,,,,,,,,,,,,,,122,925faada-3a67-4a81-be41-2731c9016343,8d11b47a-199b-4dda-ab38-fc6c7f7a418b,Pothole,5.5,,0.0,Chevrolet Spark 2013,Copilot
-4.182658536585366,0.9615519622389959,-7.178,-2.001,5.177,4.2917612479908644,2.615487804878049,0.8053885252972923,1.177,4.9030000000000005,3.7260000000000004,2.7366817743658727,8.769560975609753,1.9295816025543262,3.2560000000000002,14.671,11.415,8.979336549314413,0,,,,,,,,,,,,,,,,,,,164,92616a81-cf80-4f20-93fa-80ea2b1e5d91,eff8a224-4321-45ef-8d58-6703e72cdc50,Speed_bump,,good,12.6,Chevrolet Cruze 2010,Driver trousers
6.110085889570552,1.4850815325318518,-0.165,12.052999999999999,12.217999999999998,6.287973977060999,-1.9175337423312884,0.8862728898959522,-5.284,0.57,5.854,2.1124429668853923,7.063760736196319,1.6315614668327532,1.666,12.785,11.119,7.249738516545421,1,-0.008269938650306747,0.10565344793003889,-0.24100000000000002,0.264,0.505,0.10597661508458023,-0.0006134969325153372,0.053307456994374114,-0.187,0.264,0.451,0.05331098713861198,-0.010092024539877297,0.08765848467998998,-0.254,0.166,0.42000000000000004,0.08823751410656083,163,9298caca-4788-41dc-9a4e-36d5516cfaa1,eff8a224-4321-45ef-8d58-6703e72cdc50,Speed_bump,,good,0.0,Chevrolet Cruze 2010,Right door
-1.6971612903225808,0.5662135609167949,-3.648,-0.392,3.2560000000000002,1.7891210808482148,0.041782258064516124,0.7450447871413598,-2.7460000000000004,2.628,5.3740000000000006,0.7462154460579624,9.981580645161289,0.8542504080334935,7.452999999999999,14.004000000000001,6.551000000000002,10.018068473287846,0,,,,,,,,,,,,,,,,,,,124,929e4ff8-d102-4d58-be1c-eaaac99f7104,4c4b9d5e-eec2-4a27-9096-9f95822c4972,Pothole,6.0,,19.8,Chevrolet Spark 2013,Console
-0.10820689655172414,0.47703139229641606,-2.197,1.02,3.217,0.4891499582925596,-7.965493368700264,1.43082561004079,-13.259,-1.4909999999999999,11.768,8.092981313036407,6.030594164456233,0.8740518605472781,2.7460000000000004,8.787,6.041,6.093605880863952,0,,,,,,,,,,,,,,,,,,,377,92d9099c-1b64-4d3d-8dee-98b1b481c6f1,afc2c7cc-b1ce-4a42-a1e1-6690797faad2,Speed_bump,,good,11.251193633952255,Chevrolet Express van 2013,Console
-0.5162170818505338,0.659924560980328,-2.3930000000000002,4.393,6.786,0.8378427667404903,-4.55629537366548,0.8030047142560167,-6.982,-3.3339999999999996,3.6480000000000006,4.626515330483932,9.01876512455516,0.5678536617232101,6.943,10.277000000000001,3.3340000000000014,9.036624488879955,0,,,,,,,,,,,,,,,,,,,281,92ed2159-e746-4109-807e-980144b9712a,93a8f4aa-76d8-48e2-a62d-f235d4b88aaf,Pothole,6.0,,14.87081850533808,Honda Accord 2007,Console
-5.487908108108108,0.7925617289893468,-8.238,-3.217,5.020999999999999,5.544843505212505,3.5115405405405404,0.6379834020798955,2.04,5.649,3.609,3.569025047430907,7.672935135135135,0.9104991598660999,4.119,10.474,6.355,7.72676790825945,0,,,,,,,,,,,,,,,,,,,185,93182a3b-c37f-4d1e-9229-500c1baf8a53,519432f8-7ea6-45b4-a88f-04f903b1c059,Metal_bumps,,bad,17.1,Honda Accord 2007,Copilot trousers
5.792491379310346,0.7873957730226647,2.275,10.944,8.669,5.845763293425301,0.6619827586206896,0.6376791632317746,-1.02,3.727,4.747,0.9191604255683741,8.263435344827585,1.4471052273152623,4.04,16.867,12.827000000000002,8.389188115489421,0,,,,,,,,,,,,,,,,,,,232,931f2ef5-4c74-4d9d-9c47-b00a22ee2508,25d259df-54c2-4ff8-95a1-fddbef4bf3ec,Pothole,12.0,,23.763724137931035,Kia RIO 2018,Left door
-6.958276595744681,1.0849912841195368,-12.199000000000002,-2.432,9.767000000000001,7.04235892790928,-0.12502836879432622,0.40059146772978893,-1.9609999999999999,0.628,2.589,0.4196493977372976,-7.476446808510639,0.8726595318439965,-11.767999999999999,-3.02,8.748,7.5272034341451866,0,,,,,,,,,,,,,,,,,,,282,9359078f-bbc4-4fe7-af3c-9930005b52b2,a168c095-f726-41bf-9122-79adfcf75c61,Pothole,5.0,,10.385106382978723,Chevrolet Cruze 2010,Left door
4.213106870229007,1.0057052309098913,1.804,8.394,6.59,4.3314792521089585,0.42725190839694654,0.49996507272682533,-1.138,1.569,2.707,0.6576543675636712,9.156847328244275,1.2966160329861258,4.197,12.984000000000002,8.787000000000003,9.248192587190808,0,,,,,,,,,,,,,,,,,,,131,9373b11f-8213-4088-bfd6-1a960be41264,d30c7921-211d-4f5c-9bdf-c5285b16a5c9,Speed_bump,,bad,10.080000000000004,VW Pointer 2004,Copilot trousers
-7.7740152284263955,1.0371058592158622,-13.219000000000001,-2.824,10.395000000000001,7.8428885836167135,3.283482233502538,0.574519703124497,1.0979999999999999,4.4719999999999995,3.3739999999999997,3.3333659365579824,5.686649746192893,1.1911216716663053,2.9419999999999997,11.572000000000001,8.63,5.810056468967305,0,,,,,,,,,,,,,,,,,,,197,93781d26-5150-45e2-a1aa-9b3be0d11c7e,0ee7e3ee-3849-47e7-a920-c2bf5c4ad74f,Pothole,8.0,,0.0,Chevrolet Spark 2013,Copilot
-5.8616008771929815,0.6842181114486215,-8.434,-2.667,5.7669999999999995,5.901399771879876,3.088438596491228,0.54216396392002,0.667,5.178,4.511,3.1356649578789786,7.593096491228071,0.7507970089073207,4.746,10.12,5.373999999999999,7.630125193840807,0,,,,,,,,,,,,,,,,,,,228,93a71c4b-d036-4772-9640-da32b87ffef4,ca39439a-59ad-455f-bc65-f2c7618f386f,Speed_bump,,bad,9.177631578947368,Honda Accord 2007,Copilot trousers
-5.306812030075188,0.8440669551745782,-6.707999999999999,-3.06,3.6479999999999992,5.373518674701747,3.5168270676691735,0.5960022267617255,1.4509999999999998,4.197,2.7460000000000004,3.5669722844725733,7.781894736842107,1.4796353709697974,4.629,12.003,7.3740000000000006,7.9213134344195595,0,,,,,,,,,,,,,,,,,,,133,94123918-9b73-44f8-a401-a63f1b8093f7,f6cf7517-8f8e-4465-b6c7-0dde6013e931,Speed_bump,,good,12.6,Chevrolet Cruze 2010,Driver trousers
-2.802896825396825,0.72604918969925,-5.296,-1.177,4.119,2.8954063686609763,-0.7773333333333332,0.7908712796355555,-3.491,0.902,4.393,1.1089294351145578,9.685214285714286,1.0325028967801544,7.414,14.985,7.571,9.740094352318334,0,,,,,,,,,,,,,,,,,,,126,943d6f98-3826-4e02-83db-0bc42eb209ad,8d11b47a-199b-4dda-ab38-fc6c7f7a418b,Pothole,5.5,,23.400000000000002,Chevrolet Spark 2013,Console
8.422084848484847,0.7596993775934572,6.119,10.866,4.747,8.456279107231143,1.3237333333333332,0.7714174842129876,-1.4909999999999999,4.707,6.1979999999999995,1.5321079833769136,6.102939393939394,1.1301634405640235,3.727,9.964,6.237,6.2067011083573895,0,,,,,,,,,,,,,,,,,,,165,94c9e700-15e6-4afd-853a-43e32e8eb35f,f1d079ef-259d-46b3-b993-5c71635fb0a1,Pothole,8.0,,9.341454545454546,Chevrolet Spark 2013,Console
2.491809523809524,2.024356945571581,-0.47100000000000003,11.454,11.925,3.2104728228146935,1.1213968253968256,1.2362476576726176,-3.452,4.982,8.434000000000001,1.6690833146104813,9.955460317460314,3.436295595991193,1.177,23.771,22.594,10.531824037437937,0,,,,,,,,,,,,,,,,,,,63,94d9ad15-7770-4431-8cf1-8e9a72af86ab,1920fdbe-9dc2-478e-8802-aa1b18045548,Metal_bumps,,good,8.280000000000006,VW Pointer 2004,Glove compartment
-0.15043529411764706,0.236042416280924,-1.138,0.353,1.4909999999999999,0.2799049838784583,-7.917535294117647,0.5794427662354243,-9.767000000000001,-4.393,5.374000000000001,7.938710163051752,6.033723529411764,0.4524636222353868,4.4719999999999995,7.688,3.216,6.050664670829439,0,,,,,,,,,,,,,,,,,,,170,951e9c9b-8210-4f45-a784-2635dd0b7b5d,13066d62-0b2f-42b7-bab7-9f8e49afa22b,Metal_bumps,,good,14.897647058823532,Kia RIO 2018,Console seats
1.0134104477611943,1.0365057128287647,-3.9410000000000003,6.855,10.796000000000001,1.449601610221998,7.2185149253731336,1.719064843554308,1.446,15.97,14.524000000000001,7.42038689450753,6.629276119402984,2.1345272446343793,1.386,15.92,14.534,6.964446024298927,1,-0.009440298507462688,0.09066787935194885,-0.8740000000000001,0.18600000000000003,1.06,0.09115801436017325,0.01835820895522388,0.0990806548421857,-0.563,0.213,0.7759999999999999,0.10076705810928491,0.00423134328358209,0.07430020933450197,-0.54,0.215,0.755,0.07442059777463716,134,95219350-3fd4-4ec9-8d2b-87622f449193,4e40cb43-263f-46ab-a1ee-5b9c91df39f8,Pothole,5.0,,0.0,Peugeot Partner 2013,Right door
1.9751976744186046,0.7900522991191335,0.47100000000000003,4.55,4.079,2.127343058458624,0.02030813953488372,0.6959480929446411,-2.04,2.785,4.825,0.6962443311113212,9.535261627906976,1.1970969662759643,4.59,13.965,9.375,9.610112146031508,0,,,,,,,,,,,,,,,,,,,172,955883f3-e262-4efd-b0e8-dd71e4e82154,898ca1f4-2528-4cff-a4fb-68677dba372a,Pothole,6.5,,9.9,Peugeot Partner 2013,Glove compartment
-7.963637795275592,2.178781331221694,-15.495,-3.295,12.2,8.256307590177467,0.9887401574803149,1.0514246369224636,-1.02,4.001,5.021000000000001,1.4432951417301076,6.6305118110236245,1.9451123234013767,1.608,12.043,10.434999999999999,6.909931173808583,0,,,,,,,,,,,,,,,,,,,127,95d57aff-c731-487f-8489-5344105dd60d,dfc3b628-958a-4863-ace2-059ee0628d53,Speed_bump,,good,0.0,VW Derby 2001,Copilot trousers
-0.041087301587301575,0.7528846748661272,-1.4909999999999999,2.471,3.9619999999999997,0.7540049734583983,6.237642857142859,0.4836417318945213,5.06,8.355,3.295000000000001,6.2563645784189434,7.698388888888887,0.66391415074472,6.159,9.689,3.5300000000000002,7.726964053502966,0,,,,,,,,,,,,,,,,,,,126,964eae4e-99ae-4578-bb3e-2baae0dfefda,b56dc9cb-baf7-4097-bada-9b7c53154222,Pothole,8.5,,0.0,Chevrolet Cruze 2010,Console
-0.8688142857142859,1.025159587476954,-6.355,1.608,7.963000000000001,1.3437970244263615,-4.933028571428571,0.7647898678988997,-11.14,-2.511,8.629000000000001,4.991960980273326,8.90777857142857,1.6081075126986872,4.55,19.965999999999998,15.415999999999997,9.051769376757232,0,,,,,,,,,,,,,,,,,,,140,96681888-438e-4bb1-ac52-a578f1160d3b,6d7a11aa-bbf7-4b70-90c8-c6ef712a5f18,Pothole,8.5,,12.6,Honda Accord 2007,Console
4.667999999999999,1.3716970411600635,1.804,8.787,6.9830000000000005,4.865365019474621,-0.15929545454545455,0.9849331137007159,-2.432,2.667,5.099,0.9977315672579626,8.995651515151515,1.6076923938066527,4.276,13.298,9.022,9.138184776811613,0,,,,,,,,,,,,,,,,,,,132,9669ef5e-9db9-4c46-8bdb-75b0b4a14c62,942ba7b0-f45c-449d-b8ce-2bee67381dd3,Pothole,6.0,,15.054545454545455,VW Derby 2001,Console
-0.869812030075188,1.3903337466498187,-4.197,5.296,9.493,1.6400002727856,4.090481203007519,1.736833271663244,-4.04,10.748,14.788,4.443942651037959,9.35918045112782,2.017308632265606,2.1180000000000003,17.534000000000002,15.416000000000002,9.57412099540143,0,,,,,,,,,,,,,,,,,,,133,96add61f-135a-4042-87a8-7918d878f572,2639fcf7-5a25-47d9-be8b-622f4196b9b7,Pothole,5.0,,9.66018045112782,Chevrolet Cruze 2010,Console between seats
2.2168040201005024,0.702303050439912,-0.235,4.55,4.785,2.3253923622027646,1.2388793969849248,0.7283697398418089,-1.0590000000000002,3.805,4.864000000000001,1.4371306962802495,10.177643216080403,0.9520121870877105,6.904,15.925999999999998,9.021999999999998,10.222071641217887,0,,,,,,,,,,,,,,,,,,,199,96e3c0fd-07c2-4832-a09e-98202281b71b,49fcabe5-e3c1-4482-a444-d91ff661c5e2,Pothole,4.5,,9.9,VW Pointer 2004,Glove compartment
-0.5119202898550725,0.7720163141401007,-2.9419999999999997,2.55,5.491999999999999,0.9263215275830353,3.325753623188406,0.8759725097565514,0.588,5.649,5.061,3.439180861775083,9.982340579710145,2.1385968903390324,3.452,16.317999999999998,12.865999999999998,10.208854985192788,0,,,,,,,,,,,,,,,,,,,138,972c0d53-ffc4-4a3f-b1e1-a5f4a7c8f27a,c212543d-8b43-4d9c-8c7f-3b50435227f0,Speed_bump,,good,18.326086956521742,Chevrolet Cruze 2010,Console between seats
-0.7853945945945946,1.2386907914114558,-10.199,2.2359999999999998,12.434999999999999,1.4666968145959633,-4.582972972972974,0.900003996582312,-10.944,-2.079,8.865,4.670508373278531,8.92732972972973,1.257256061743915,3.648,15.298,11.65,9.015426163421678,0,,,,,,,,,,,,,,,,,,,185,978330e9-9528-4237-b571-1ed91796134d,519432f8-7ea6-45b4-a88f-04f903b1c059,Metal_bumps,,bad,18.900000000000002,Honda Accord 2007,Console
-0.39945038167938934,1.1411693829204854,-6.394,3.609,10.003,1.2090608619663987,7.203335877862595,1.2281156956880006,4.4719999999999995,11.493,7.021000000000001,7.307278284785499,-6.590083969465649,1.4494144384278687,-12.592,-2.707,9.885000000000002,6.747592825514244,0,,,,,,,,,,,,,,,,,,,131,979050e6-074a-430d-afb3-00380f95a30c,669fddbe-c93b-400a-a527-887c9f0a9406,Pothole,6.0,,10.202290076335878,Kia RIO 2018,Left door top
9.823297468354431,2.6675205751985334,0.628,18.945999999999998,18.317999999999998,10.179039206668087,0.16485443037974684,1.7038126524823243,-3.02,5.531000000000001,8.551,1.7117694172915592,-1.8148734177215187,1.340638166261757,-6.159,2.864,9.023,2.256341333927532,0,,,,,,,,,,,,,,,,,,,158,979fd825-a94b-4fe0-b728-21bb7d49e4ff,eb489a47-b696-4fba-b6eb-7c21c2468129,Pothole,12.0,,8.475949367088608,VW Pointer 2004,Left door
-4.57308870967742,1.726825051433881,-9.414,-1.4509999999999998,7.963,4.888257880353563,3.5358064516129026,0.5288447494214487,2.432,5.138999999999999,2.7069999999999994,3.5751369249663805,8.173693548387098,1.0454847554265652,5.766,10.513,4.747,8.240285468160323,0,,,,,,,,,,,,,,,,,,,124,97b87a5a-322d-495f-a27c-2084b3edc3ce,69b49691-dd74-49c1-9cac-69e9fab0d778,Pothole,8.5,,12.6,Chevrolet Cruze 2010,Driver trousers
3.2934802259887,0.5420762042286207,2.079,5.922999999999999,3.843999999999999,3.3377924755996276,0.3731638418079095,0.7888725210778952,-0.941,3.02,3.961,0.8726804153552621,9.618310734463277,0.5255562343094166,7.218,12.474,5.256,9.632658549959768,0,,,,,,,,,,,,,,,,,,,177,97c195eb-5de5-47e4-9ae0-05a30ea19d6d,95a9a4ec-88b5-458f-8c08-9b2827989655,Pothole,6.5,,11.527118644067796,Kia RIO 2018,Console
-0.6408549019607842,0.7690478442786874,-4.158,1.3730000000000002,5.531000000000001,1.001064229785913,6.301913725490196,0.6140451541867571,4.236000000000001,8.708,4.4719999999999995,6.331758685776169,8.464800000000002,0.541138983271106,7.1,10.042,2.942,8.482079370013917,0,,,,,,,,,,,,,,,,,,,255,97e64d10-76e5-413b-9be3-35ad7d36610b,24bb858e-aa25-4c4f-bb73-35895d8904d1,Pothole,6.5,,8.463529411764707,Peugeot Partner 2013,Console
-0.6082946428571429,1.498903698412329,-5.688,7.022,12.71,1.6176324272352038,3.927883928571429,1.4073467294467863,-2.197,7.962999999999999,10.16,4.172397029671827,9.771973214285714,2.553894814297725,0.981,19.927,18.945999999999998,10.100190058766929,0,,,,,,,,,,,,,,,,,,,112,983f370b-8731-4712-9723-97a99d35d5ed,894fd446-d1ac-4f3f-a1cc-59aa8866537d,Metal_bumps,,good,8.726785714285715,Chevrolet Cruze 2010,Console between seats
6.140618233618233,1.2186212315999922,0.754,10.279000000000002,9.525000000000002,6.260369797156634,-0.08696866096866096,0.47496777715046673,-2.002,2.035,4.037,0.48286430528869834,7.333108262108263,1.5422316182557314,0.9940000000000001,12.522,11.528,7.4935275503695955,1,0.015458689458689457,0.061237316868065515,-0.147,0.188,0.33499999999999996,0.06315837281770373,0.00021652421652421593,0.05022092344284096,-0.221,0.21899999999999997,0.43999999999999995,0.05022139020564877,0.019943019943019946,0.06745332585742177,-0.133,0.221,0.354,0.07033971292005117,351,985bdcb9-d27a-4456-8c7e-eedfa3bf7ce4,afc2c7cc-b1ce-4a42-a1e1-6690797faad2,Speed_bump,,good,9.640923076923077,Chevrolet Express van 2013,Right door
-1.6503529411764706,1.3105115409495398,-5.473,2.0140000000000002,7.487,2.1073930173111433,0.6525588235294117,0.4795660042394012,-1.125,1.578,2.7030000000000003,0.8098250246739942,9.477052941176472,1.9516275870087771,2.217,17.813,15.595999999999998,9.675917666466333,1,0.0014882352941176476,0.1757387512335316,-0.586,0.544,1.13,0.17574505264562004,0.004788235294117647,0.10902785333467852,-0.509,0.34700000000000003,0.8560000000000001,0.10913294644606641,-0.019223529411764705,0.06827330482882116,-0.239,0.126,0.365,0.07092804970739093,170,98abfc07-dfc5-483f-a447-78d18bedde97,27abc43f-5814-4e20-994f-3d0fbd04027d,Speed_bump,,good,21.120564705882355,Honda Accord 2007,Right door
0.036971698113207496,1.5729516207073233,-8.904,2.589,11.493,1.5733860643679192,0.5181037735849058,1.4770427998630473,-2.55,11.729000000000001,14.279,1.5652753600661415,11.181858490566036,1.806951317794904,7.649,17.142,9.492999999999999,11.326916277960411,0,,,,,,,,,,,,,,,,,,,106,98ae0210-6201-4163-90a7-72ea5cd0153f,894fd446-d1ac-4f3f-a1cc-59aa8866537d,Metal_bumps,,good,13.856603773584906,Chevrolet Cruze 2010,Dashboard
-0.4115377358490567,0.8172814366478742,-3.4130000000000003,1.6869999999999998,5.1,0.915047678930984,7.131132075471699,1.7977401908720914,1.804,11.65,9.846,7.3542446567746245,-6.908264150943397,2.1688588265420967,-12.317,0.235,12.552,7.240722490793253,0,,,,,,,,,,,,,,,,,,,106,99394066-bda8-48e6-a2b4-2d8b08e7f0dc,a7441e63-11ab-443b-8c90-8a73204dcd1d,Speed_bump,,bad,14.00943396226415,Kia RIO 2018,Left door top
-0.45881159420289847,1.2724618017712845,-4.9430000000000005,2.9810000000000003,7.924000000000001,1.352651882762904,7.202376811594203,1.7298926338590177,2.157,14.122,11.965,7.407210018682444,-6.564521739130435,1.6931312567033783,-11.297,-2.04,9.257000000000001,6.779353886318521,0,,,,,,,,,,,,,,,,,,,138,99759536-16bb-49a6-9281-601eba814734,aaf9a053-4ef4-426f-89ff-0a7236c340ac,Pothole,5.5,,6.01304347826087,Kia RIO 2018,Left door top
8.468261194029852,0.8204430449376934,6.865,11.767999999999999,4.902999999999999,8.50791246078017,0.5184104477611939,0.6926186111330386,-1.569,3.687,5.256,0.8651415680891891,6.146567164179104,0.7207158179650925,4.001,7.806,3.8049999999999997,6.188676691670833,0,,,,,,,,,,,,,,,,,,,134,9984abfc-ff26-4829-b86b-367fd4c428ca,4c4b9d5e-eec2-4a27-9096-9f95822c4972,Pothole,6.0,,23.400000000000002,Chevrolet Spark 2013,Console
-4.548375000000001,1.5466085240560044,-9.65,-0.588,9.062000000000001,4.804134996782219,3.3934903846153848,0.8286294638552765,0.863,5.412999999999999,4.549999999999999,3.493193922307514,8.20926923076923,1.958463409797281,3.373,15.415999999999999,12.043,8.439649295484335,0,,,,,,,,,,,,,,,,,,,104,99f4f393-215a-48b0-81a3-6c18e4ee2abe,dc91461a-7ff8-41e1-b928-ff039ebd8227,Speed_bump,,good,12.6,Chevrolet Cruze 2010,Driver trousers
-7.14036496350365,1.4763588118252946,-10.003,-2.432,7.571,7.291395418799112,-0.48446715328467166,0.6664604625866161,-2.628,1.138,3.766,0.8239405141167169,-7.167299270072992,1.3987330835097083,-10.748,-2.3930000000000002,8.354999999999999,7.302508683027596,0,,,,,,,,,,,,,,,,,,,137,99fceedb-b65d-4c17-b00e-9e08e93dc228,3bb0381c-506c-40b3-b83f-8574f3a4b1f4,Speed_bump,,bad,12.356934306569343,Chevrolet Cruze 2010,Left door
0.5843760683760684,0.6009333015664474,-2.707,2.903,5.609999999999999,0.8382220602097169,-2.173252136752137,0.8906688117103653,-5.492000000000001,1.02,6.5120000000000005,2.3486838403776873,10.617521367521368,1.3417313416378007,3.766,17.024,13.258000000000001,10.701962576224325,0,,,,,,,,,,,,,,,,,,,234,9a0d500e-4061-4ef4-aae2-b6d751429d1c,4b3e805f-f023-4d31-aced-c174b889284d,Ditch,6.0,,6.953846153846154,Chevrolet Express van 2013,Console
8.022190909090911,2.1410207484683332,0.314,15.651,15.337,8.302982405574081,0.1384,0.5036281492602184,-1.6869999999999998,3.295,4.981999999999999,0.522298643237059,5.60868181818182,1.6410367727962165,0.47100000000000003,8.787,8.316,5.843826950489956,0,,,,,,,,,,,,,,,,,,,110,9a4ba92b-927d-47f8-be1e-c4407bad62d3,c3c45db0-b36e-4917-84f3-ccf5b45624df,Metal_bumps,,good,38.7,Chevrolet Spark 2013,Console
-0.27783673469387754,0.8277464155443263,-3.727,1.334,5.061,0.8731307918014556,6.894126530612246,1.3389748150800207,2.04,12.317,10.277000000000001,7.022950532042085,-7.050228571428572,0.7427293769246903,-10.905,-4.668,6.236999999999999,7.089243248523406,0,,,,,,,,,,,,,,,,,,,245,9a573bcb-9cae-4e86-b422-91b05faa15ff,ccb203e3-0b6c-46c4-b91f-eca77f8ec2d7,Pothole,12.0,,4.823265306122449,Kia RIO 2018,Left door top
8.948645454545455,1.07125625562076,7.375,13.140999999999998,5.765999999999998,9.012538234946005,1.0056136363636363,0.33221868591124587,0.11800000000000001,2.2359999999999998,2.118,1.0590694221386485,-4.890654545454545,1.340814243363566,-7.178,-1.6869999999999998,5.491,5.071122628982839,0,,,,,,,,,,,,,,,,,,,220,9a5aa618-4fe0-4b7c-b0da-17f0894aa15f,81c28ebc-dd7c-4398-8743-50e00f568ac0,Speed_bump,,good,11.978181818181818,VW Derby 2001,Console left
-0.026449197860962566,0.4125972921554491,-1.6869999999999998,1.138,2.8249999999999997,0.4134441746614618,-0.3870374331550802,0.8345459066201889,-7.9239999999999995,2.785,10.709,0.9199265432195041,10.113748663101605,2.464675600121669,2.511,29.105999999999998,26.595,10.409732841635496,0,,,,,,,,,,,,,,,,,,,187,9a65b67c-2371-433f-afd9-12c9f569c38f,d25c4b6a-2aab-4f47-aab8-e4d420014437,Metal_bumps,,good,24.872727272727275,Chevrolet Express van 2013,Console
0.07820437956204379,0.56353328956502,-1.3730000000000002,2.197,3.5700000000000003,0.5689338216617614,-2.2307664233576645,0.9387949976601565,-6.08,0.5489999999999999,6.629,2.4202592595033448,11.423824817518247,3.5910958860411615,6.629,34.637,28.008000000000003,11.974963178402161,0,,,,,,,,,,,,,,,,,,,137,9aff2651-2c27-4dfd-8609-b3543a81bd42,60cf72a5-7c3a-4197-8eb2-3bad38f7053a,Pothole,7.0,,17.270802919708032,Peugeot Partner 2013,Console
0.016493421052631584,1.3465943201701884,-6.669,4.315,10.984,1.346695324137064,-8.781861842105263,1.7855544069344182,-16.436,-3.3339999999999996,13.102,8.961545734634587,5.165526315789474,1.913334991260329,-0.314,9.571,9.885,5.50849461358498,0,,,,,,,,,,,,,,,,,,,152,9b0edbc7-2720-47a1-b9a3-203e89e12099,479743f3-e957-4140-8ce1-0ea0b7201c22,Speed_bump,,good,16.2,Honda Accord 2007,Console seats
-5.372991379310343,0.8789857938486564,-7.375,-3.02,4.355,5.444414788380018,2.0266293103448274,0.7885398283314811,0.196,3.883,3.687,2.1746313302290554,8.916301724137929,0.8174923095686736,7.296,12.043,4.746999999999999,8.953699241769796,0,,,,,,,,,,,,,,,,,,,116,9b11b30a-f5cd-4629-b565-5fa1ff186909,669fddbe-c93b-400a-a527-887c9f0a9406,Pothole,6.0,,0.0,Kia RIO 2018,Copilot trousers
-7.002233870967741,1.5600842569722821,-11.335999999999999,-2.314,9.021999999999998,7.1739209692176455,-0.5703629032258064,0.6036682801794353,-3.217,0.47100000000000003,3.688,0.8304993882423802,-7.205991935483869,1.4401831396532232,-11.14,-1.765,9.375,7.348499659794508,0,,,,,,,,,,,,,,,,,,,124,9b1484f4-da20-4513-b6f1-7c7cfe257a10,752eccaf-ef23-4567-ba24-059b8e943f0d,Speed_bump,,good,13.439032258064517,Chevrolet Cruze 2010,Left door
-7.582780701754386,0.7975470261532065,-9.846,-3.491,6.355,7.624607821378393,2.8318421052631577,1.0521939533280589,0.47100000000000003,5.138999999999999,4.667999999999999,3.021000136471596,6.2435438596491215,0.8467014132290382,3.4130000000000003,10.003,6.59,6.300693867386855,0,,,,,,,,,,,,,,,,,,,114,9b1eeae8-5e31-408a-8e17-c4b4fc288d15,c3c45db0-b36e-4917-84f3-ccf5b45624df,Metal_bumps,,good,0.0,Chevrolet Spark 2013,Copilot
0.46045490981963927,0.9281790129231559,-2.7460000000000004,4.433,7.179,1.0361153430038645,0.008430861723446882,0.5488947765107813,-0.981,3.3339999999999996,4.3149999999999995,0.5489595204659633,10.106723446893787,1.3526570362759796,3.648,15.024000000000001,11.376000000000001,10.196839701092665,0,,,,,,,,,,,,,,,,,,,499,9bc1cb2f-63a0-457e-b378-61b9ec7ba2d9,55efcea6-5eb1-4d7d-99c3-a46838ab6b8c,Pothole,16.0,,6.303607214428858,Chevrolet Express van 2013,Console
2.2465401459854015,0.8018632409254236,-0.235,6.355,6.590000000000001,2.385356846400876,4.799992700729926,1.266499598706357,-0.628,8.551,9.179,4.964267434434203,-8.306014598540147,1.3939158672754812,-12.984000000000002,-1.844,11.140000000000002,8.422165989589873,0,,,,,,,,,,,,,,,,,,,137,9bd4c2ad-1397-4221-9fbf-054e6e455340,4e40cb43-263f-46ab-a1ee-5b9c91df39f8,Pothole,5.0,,10.8,Peugeot Partner 2013,Left door
9.813134715025907,1.0507569452626353,7.532,13.612,6.08,9.869230116542235,0.6823108808290156,0.9190095912131229,-1.53,3.217,4.747,1.1446076912372107,-1.8196424870466323,0.5011902844230245,-3.0989999999999998,-0.431,2.6679999999999997,1.887403105291841,0,,,,,,,,,,,,,,,,,,,193,9c40044d-58dd-41a0-aea6-1fcffae8edc3,99dd3e85-69c4-44ff-b7d8-63401a678903,Speed_bump,,good,10.361658031088083,VW Pointer 2004,Left door
0.27281818181818185,0.5126619820615136,-1.255,1.6480000000000001,2.903,0.5807340769937805,6.784829545454546,0.7794639798895443,5.296,8.708,3.412,6.829456497908028,7.9144204545454535,0.9405442056402398,4.982,11.729000000000001,6.747000000000001,7.970111325075135,0,,,,,,,,,,,,,,,,,,,88,9c519204-382a-41db-b3c0-bf9bd3c9d090,4fd78215-4876-45a7-b63a-c56c256c767e,Metal_bumps,,bad,12.6,Peugeot Partner 2013,Console
-0.7367593984962406,1.5635374638164359,-7.649,8.669,16.318,1.7284281333136404,4.174827067669173,1.839611639757697,-1.844,13.494000000000002,15.338000000000001,4.562165278688967,9.858593984962408,2.3692972945027932,-2.1180000000000003,20.084,22.201999999999998,10.139301999155325,0,,,,,,,,,,,,,,,,,,,133,9c63f44e-6a0d-48d0-8cf7-38bbdc7e2f18,9a13fff3-e344-405e-a24d-dab4a409932b,Metal_bumps,,good,19.12330827067669,Chevrolet Cruze 2010,Console between seats
-0.0662857142857143,0.7153620224258845,-2.9810000000000003,1.844,4.825,0.7184264882697597,6.613738095238096,0.655819881613985,5.296,9.689,4.393,6.646174185915067,8.216714285714286,0.6234971246117282,6.08,10.827,4.747,8.24033629880846,0,,,,,,,,,,,,,,,,,,,126,9c9ee109-66c8-464f-98bf-190984e24a3f,c688f8dc-c99a-43a5-b5b6-36c9e0490633,Pothole,5.0,,5.4,Peugeot Partner 2013,Console
-5.841928571428571,0.8240644633740241,-8.316,-3.0989999999999998,5.2170000000000005,5.899763696409321,3.230627551020408,0.45389149455875244,2.04,4.158,2.1180000000000003,3.2623567956685697,7.539719387755102,0.9324637202723304,4.746,10.395,5.648999999999999,7.597161116872162,0,,,,,,,,,,,,,,,,,,,196,9cc31115-6d25-4b23-b777-cec72c36ffcc,0f34b34c-bc69-42c5-9068-80f3304ffcb9,Pothole,7.0,,19.8,Honda Accord 2007,Copilot trousers
0.4560824949698189,0.9250714514985741,-2.667,3.805,6.4719999999999995,1.0313915030654333,-0.0076659959758551355,0.5162196250808133,-0.785,3.452,4.237,0.5162765429620808,10.134354124748489,0.8460858222781238,5.531000000000001,13.140999999999998,7.609999999999998,10.16961133694237,0,,,,,,,,,,,,,,,,,,,497,9cc39dc3-1e8b-4d93-bec3-ce1398d4c6d7,1256b495-10d4-477d-ad8d-8826a9b584c9,Pothole,16.0,,6.012072434607647,Chevrolet Express van 2013,Console
6.0447500000000005,1.5260536319212374,1.6780000000000002,10.187999999999999,8.509999999999998,6.234407930990721,-0.4350089285714286,0.8637125792548918,-3.2710000000000004,1.75,5.021000000000001,0.96707403413596,7.159196428571428,2.3580227145068178,1.7719999999999998,16.406,14.633999999999999,7.537530406240495,1,-0.04516964285714285,0.12607678275508322,-0.23800000000000002,0.276,0.514,0.13392405230470844,0.0006964285714285713,0.07930589953799536,-0.293,0.22399999999999998,0.5169999999999999,0.07930895733954466,-0.06301785714285714,0.11440599557706577,-0.304,0.12,0.424,0.1306138665795372,112,9cdcd43c-6f21-46db-bda2-c8b11940054e,9551d4fb-1551-4b44-ac58-24b6d7acfd31,Speed_bump,,good,0.0,VW Pointer 2004,Right door
6.259865671641791,1.1390595413200795,1.4909999999999999,9.493,8.002,6.362654702690665,-0.4944104477611941,0.81413079015164,-1.9609999999999999,2.9419999999999997,4.903,0.9524970521363088,8.061611940298507,1.1724397251505772,3.452,11.297,7.845000000000001,8.146422649548366,0,,,,,,,,,,,,,,,,,,,134,9cfdbe2d-29b2-4cba-b221-6c62c23f932a,18cac846-a98a-46d4-9db6-13d99b27a4d6,Metal_bumps,,bad,31.540298507462683,Kia RIO 2018,Left door
1.7406739130434783,1.1349137690734545,-3.452,8.277000000000001,11.729000000000001,2.0779737570004606,-8.259266304347825,1.0778990281800795,-14.161,-4.668,9.492999999999999,8.329306465792152,6.202065217391303,1.2662271269606569,3.373,19.692,16.319,6.330003483239649,0,,,,,,,,,,,,,,,,,,,184,9db1d056-0028-4298-8970-e237464bd966,507bd7d5-4e16-442e-8d4d-dd2400bc6cd2,Pothole,5.0,,26.055978260869566,Honda Accord 2007,Console seats
-0.8808582089552239,1.5016086903716883,-6.276,3.295,9.571,1.740902020012494,3.5564701492537316,1.3199754559584862,-0.157,8.748,8.905,3.793522785863513,9.861977611940295,2.148307012949228,4.354,16.907,12.553,10.093256433891815,0,,,,,,,,,,,,,,,,,,,134,9ec9ea6f-196f-4780-a42f-af8479d3d8f4,08eb2fa5-c031-49a7-8465-ba336d59836a,Pothole,9.0,,10.49776119402985,Chevrolet Cruze 2010,Console between seats
2.9440676691729326,0.9667906693945704,0.431,5.922999999999999,5.491999999999999,3.0987446876271925,1.0676466165413534,1.7613688635877414,-1.412,11.845999999999998,13.258,2.059681910254244,9.909601503759397,1.490589735136392,2.628,14.592,11.964,10.02108076615514,0,,,,,,,,,,,,,,,,,,,133,9eea02fc-d6ec-4e9c-b2c8-4c5b4f9c3b87,f0b107ff-08ef-4690-a38d-d99c138d3155,Speed_bump,,bad,14.076000000000002,VW Pointer 2004,Glove compartment
0.08386170212765959,0.48635458129438747,-1.02,1.804,2.824,0.493531725251566,-0.6664361702127659,0.323722039243107,-1.844,0.196,2.04,0.7409002143740914,10.132558510638297,0.5707831888766214,8.041,12.474,4.433,10.148622340998447,0,,,,,,,,,,,,,,,,,,,188,9f1e44ae-4594-43d5-b36c-f4606bbe1652,512e48e5-c447-48b6-a3b6-f84da5324a66,Pothole,6.0,,14.4,Honda Accord 2007,Console
-1.5791437125748506,1.5916533800864774,-5.766,1.844,7.61,2.2421095752227163,6.934173652694611,2.25044382843353,2.903,17.338,14.435,7.290216846614282,-6.80122754491018,1.4940302511452324,-13.415,-1.4509999999999998,11.963999999999999,6.9633915952631895,0,,,,,,,,,,,,,,,,,,,167,9fb952e2-46c2-41f6-b9ff-5b12f3fb8dec,3ef5524b-983d-4191-9599-947c5cc43e56,Pothole,12.0,,6.461676646706587,Kia RIO 2018,Left door top
2.1750394736842105,0.7994632317800139,0.431,4.825,4.394,2.3173127046328106,1.1153421052631578,0.7911632101338207,-0.863,3.883,4.746,1.367452828013495,9.951434210526315,0.6853654679213957,8.472999999999999,12.199000000000002,3.7260000000000026,9.975007201553924,0,,,,,,,,,,,,,,,,,,,152,9fd6248d-bad9-4229-ab7b-8bc75a4aa66a,f4017275-a11f-4e1f-a79c-922bf778f745,Pothole,7.5,,11.083263157894736,VW Pointer 2004,Glove compartment
-1.6527438016528926,2.5141567816650094,-20.006,2.903,22.909,3.0087449869828142,-0.18281818181818182,1.3193616913975004,-3.295,10.277000000000001,13.572000000000001,1.3319676273583299,11.090082644628103,2.6309138361042113,1.412,19.456,18.044,11.397878779741692,0,,,,,,,,,,,,,,,,,,,121,a0790417-945f-4524-b310-f69c2b31ef3c,5b56e1e0-d15f-4dce-84ab-971784b6d646,Speed_bump,,good,18.75123966942149,Peugeot Partner 2013,Console
4.235098265895954,0.8708228363502714,0.353,7.178,6.825,4.323700930233732,-0.4484508670520232,0.3340585151086397,-1.4509999999999998,0.667,2.118,0.5591987765332651,10.004618497109826,1.536239923648145,3.4130000000000003,15.808,12.395,10.121878500343824,0,,,,,,,,,,,,,,,,,,,173,a0c3c6e8-d7ad-4931-9103-255147ceb9be,27abc43f-5814-4e20-994f-3d0fbd04027d,Speed_bump,,good,22.078612716763004,Honda Accord 2007,Left door
-6.212425438596491,1.3823404348328707,-10.905,-1.0590000000000002,9.846,6.364361311859559,2.963175438596491,0.6547138888391194,1.255,5.766,4.511,3.0346431348908807,7.354289473684211,1.4617279772115197,2.667,12.003,9.336,7.498147927462171,0,,,,,,,,,,,,,,,,,,,228,a0d1f423-d623-4036-b884-120c8a66b2e6,3e293976-a084-46ee-98c2-7df815eb0ac0,Speed_bump,,good,25.2,Honda Accord 2007,Copilot trousers
3.413347457627118,1.0264177658831977,0.588,6.669,6.0809999999999995,3.5643336399122587,-0.36630508474576273,0.6981836423525846,-2.1180000000000003,1.334,3.4520000000000004,0.7884413824497811,9.489211864406782,1.6212664376632036,3.295,15.769,12.474,9.626715258565175,0,,,,,,,,,,,,,,,,,,,118,a0df59e2-f313-4cc2-98cc-f14af2684ddd,fa89b752-ed44-47b0-ae7a-2cac45fcefdf,Metal_bumps,,good,14.4,VW Pointer 2004,Copilot trousers
-0.06548466257668713,0.6555346748170251,-1.6869999999999998,2.079,3.766,0.6587973519377908,6.245245398773005,0.5340874114714984,4.825,7.375,2.55,6.268041117764604,7.703607361963191,0.6117188639683744,5.649,9.179,3.5300000000000002,7.727856517549237,0,,,,,,,,,,,,,,,,,,,163,a0e719af-a1bc-462b-9612-3378835014b8,3bf0a5a0-84ac-4ff2-a7f2-aa0327887ad7,Pothole,6.0,,0.0,Chevrolet Cruze 2010,Console
0.3775932721712538,0.32422565906718387,-1.53,1.922,3.452,0.49769363788031723,6.872418960244648,0.6790950571485315,4.746,9.807,5.061,6.90588969371606,7.93674006116208,0.643049464962834,5.8839999999999995,10.356,4.472,7.962747981246426,0,,,,,,,,,,,,,,,,,,,327,a0f09f52-a336-4286-83e4-4a96c5042581,3f7163d6-35e5-4b54-b64e-76d43aa7b9af,Pothole,7.0,,11.521100917431193,Peugeot Partner 2013,Console
-3.351748743718593,1.762973364120662,-10.657,0.8640000000000001,11.521,3.7871222219012277,-1.7603567839195982,1.3545384492120098,-4.075,2.8760000000000003,6.9510000000000005,2.2211777094787863,8.89594974874372,1.8478468299679358,0.9390000000000001,17.866,16.927,9.08583842246801,1,0.03773869346733668,0.15173281217904158,-0.872,0.593,1.4649999999999999,0.15635554123977155,0.00829145728643216,0.20483177428360028,-1.608,0.8759999999999999,2.484,0.20499952199968782,-0.08665326633165829,0.1238887707359174,-0.5710000000000001,0.46399999999999997,1.0350000000000001,0.15118603136666434,199,a0fecc12-2b32-4d9b-aa9f-4ffa584e8888,c0d44874-0877-47eb-8577-b2f6cb147513,Speed_bump,,good,0.0,Honda Accord 2007,Right door
-2.3889803921568626,2.725169499964562,-20.006,2.001,22.007,3.6240552034491773,-0.14802941176470585,0.7883093159200395,-2.785,1.883,4.668,0.8020874542802209,10.932294117647055,3.152521877482314,3.844,19.965999999999998,16.121999999999996,11.377761153352846,0,,,,,,,,,,,,,,,,,,,102,a127331a-c978-41f1-8340-859b0832f753,7a31ec2a-822a-4c71-a007-fde0e955b97f,Speed_bump,,good,31.5,Peugeot Partner 2013,Console
-6.429225000000001,1.2187045647086363,-11.219000000000001,-1.6869999999999998,9.532000000000002,6.543712624853469,3.4308666666666667,0.8333464108973865,1.0590000000000002,6.002000000000001,4.9430000000000005,3.530624919897326,6.945374999999999,1.1753715197225938,3.2560000000000002,10.67,7.414,7.04412749032838,0,,,,,,,,,,,,,,,,,,,240,a12b903b-829c-487e-8b4c-9192d24b1c56,48134e6a-7d07-481c-ba5a-837f635ea717,Speed_bump,,good,23.98875,Honda Accord 2007,Copilot trousers
0.7294812030075187,1.5731421549312097,-4.197,18.633,22.83,1.734047019305678,-2.6715388471177945,0.8792003275189606,-8.748,1.6480000000000001,10.395999999999999,2.812492316001756,10.413636591478697,1.593499684303105,2.864,18.005,15.140999999999998,10.534850179440529,0,,,,,,,,,,,,,,,,,,,399,a18360f3-7cd8-4a2f-b9b2-54dfa67aff52,947a4a24-9b56-4f21-8225-94a4da436968,Pothole,16.0,,3.6,Chevrolet Express van 2013,Console
-0.9390076923076923,0.8404833819448447,-3.138,1.177,4.3149999999999995,1.2602173469439553,3.8785846153846153,0.7350210544824851,1.6480000000000001,6.5120000000000005,4.864000000000001,3.9476163148450447,9.717623076923077,0.9869339644761885,7.022,13.925,6.9030000000000005,9.767611627997125,0,,,,,,,,,,,,,,,,,,,130,a185bc54-cf33-4c71-be38-6fa9e1040852,0deea081-7f07-4d7b-be84-ab78f5997160,Pothole,7.0,,10.080000000000002,Chevrolet Cruze 2010,Console between seats
-6.918315789473684,1.0383057075747353,-12.395999999999999,-3.4130000000000003,8.982999999999999,6.9957967455653804,0.37406842105263155,0.9166574752313467,-3.02,1.6480000000000001,4.668,0.9900444992657229,-7.512552631578949,0.9660700665819774,-11.886,-3.844,8.042,7.574413404072256,0,,,,,,,,,,,,,,,,,,,190,a1a678f6-063e-4a35-ab15-510995bf00c2,a8de5d15-6299-4d0f-a88b-70395b907620,Pothole,6.0,,18.25578947368421,Chevrolet Cruze 2010,Left door
3.7459942857142856,1.1271747766474391,0.902,9.414,8.512,3.911904416740558,-0.8340685714285714,0.5469973056979498,-2.432,0.745,3.177,0.9974349273439919,10.200468571428573,1.814041885761726,4.864,17.534000000000002,12.670000000000002,10.360516736147865,0,,,,,,,,,,,,,,,,,,,175,a1c90a5c-1a4f-4428-b03a-0385a0ec0cc7,45cdde7b-58e5-479a-87f3-4a2becdf991b,Pothole,7.0,,20.7,Honda Accord 2007,Left door
-1.8305886524822694,0.6377736439083553,-3.609,-0.667,2.942,1.9385071667293348,0.4072765957446809,0.66892467010489,-1.765,2.589,4.354,0.7831567146595322,9.931021276595745,0.8325358124308712,8.12,14.082,5.9620000000000015,9.965856685462485,0,,,,,,,,,,,,,,,,,,,141,a21e9f91-bf45-4160-a486-33112142d831,b76a43b3-c6f9-488c-8031-b3a99ec1a621,Pothole,7.0,,14.4,Chevrolet Spark 2013,Console
9.070760683760684,2.8183964454853254,-0.0,20.006,20.006,9.498529249625065,2.3965128205128203,2.493850651171488,-7.688,18.945999999999998,26.633999999999997,3.4586940843663476,2.9413418803418803,3.510963627342149,-20.006,14.043,34.049,4.580213712216128,0,,,,,,,,,,,,,,,,,,,117,a22f40cb-e1a6-4918-85ea-838005f29445,16cf2a6b-2501-43d1-809c-7164430cc82e,Metal_bumps,,good,39.6,Chevrolet Spark 2013,Left door top
-3.8875833333333336,0.8928525790431702,-6.119,-1.765,4.354,3.9887955452135113,3.644537878787879,0.8017886954812727,0.941,5.727,4.7860000000000005,3.7316915014670244,8.457772727272726,2.0155549975991986,3.138,14.277999999999999,11.139999999999999,8.694617959090868,0,,,,,,,,,,,,,,,,,,,132,a266031d-b39f-468e-8300-28d39509d660,752eccaf-ef23-4567-ba24-059b8e943f0d,Speed_bump,,good,12.6,Chevrolet Cruze 2010,Driver trousers
-3.3546466165413533,1.8567625280704172,-6.355,2.785,9.14,3.834217130982386,6.226421052631579,1.731492212330537,1.569,13.023,11.454,6.462691730696663,-6.789436090225565,1.5040344208656342,-10.63,0.157,10.787,6.95403206509763,0,,,,,,,,,,,,,,,,,,,133,a289646e-74e0-4a89-b61a-81190a57b9af,fc96303d-89e2-4081-98ac-0ed3671eab37,Metal_bumps,,good,38.63233082706767,Kia RIO 2018,Left door top
6.750125925925927,1.561719097564673,0.728,11.09,10.362,6.928431752969467,-0.0017333333333333374,0.8216176744465536,-3.148,1.911,5.059,0.821619502815876,6.7467703703703705,1.3207097415194253,3.448,12.242,8.794,6.874822517843778,1,0.14177037037037035,0.08720541443781019,-0.021,0.337,0.35800000000000004,0.16644405132723195,-0.0025925925925925934,0.10535290228182796,-0.222,0.353,0.575,0.10538479755427514,0.12377777777777776,0.09859957679021689,-0.042,0.384,0.426,0.15824921742244039,135,a2c6d701-a1a6-4d1a-bf14-4799505f48c1,942ba7b0-f45c-449d-b8ce-2bee67381dd3,Pothole,6.0,,0.0,VW Derby 2001,Right door
-0.7002867132867132,1.1055583762922232,-6.08,4.236000000000001,10.316,1.3086866715130114,3.823370629370629,1.109103888759048,-0.588,9.611,10.199,3.980989124023627,9.766293706293705,1.2066302255244565,5.609,15.965,10.356,9.840551268030733,0,,,,,,,,,,,,,,,,,,,143,a2f12cc3-92b6-45b7-941f-d0cf5ac4931c,cbf7b19b-462b-4eb0-b8a2-ff4ee9ff7f36,Pothole,6.0,,8.301398601398601,Chevrolet Cruze 2010,Console between seats
-0.24861764705882355,0.5361171229241825,-1.255,1.6869999999999998,2.9419999999999997,0.5909588005280644,-7.815299019607843,0.5692983846660313,-10.12,-6.433,3.6869999999999994,7.836006598814645,6.173946078431373,0.7697695237156925,4.55,8.943999999999999,4.393999999999999,6.221748572468965,0,,,,,,,,,,,,,,,,,,,204,a2f2ab1f-757b-473e-9ee7-64c157dfdb5b,c82ad1e5-b462-4d90-bba6-c0629615f065,Pothole,9.0,,13.5,Kia RIO 2018,Console seats
-5.750926380368099,0.7947076211847391,-7.962999999999999,-3.648,4.3149999999999995,5.805576150183789,2.958895705521473,0.4213458805848847,1.177,4.315,3.1380000000000003,2.9887449117044538,7.7652147239263805,0.9114178446991077,4.236000000000001,10.277000000000001,6.041,7.81851918180924,0,,,,,,,,,,,,,,,,,,,163,a3316b3f-2975-48b3-887e-a0dc56bccebb,fdd8dbe7-88ee-4234-8f3e-1d3dca54c873,Metal_bumps,,bad,8.1,Honda Accord 2007,Copilot trousers
-7.521621621621621,0.7812031844458657,-10.474,-4.9430000000000005,5.531,7.562081078263723,1.8701711711711708,0.4354953040959448,0.431,3.2560000000000002,2.825,1.9202073766573677,6.134540540540541,0.8775034794600945,3.609,8.238,4.629,6.196983136978832,0,,,,,,,,,,,,,,,,,,,111,a380e1e8-3f72-4a5b-be7f-424dcd643801,2733c0d5-dec6-4a5b-b869-0d07ecf9602b,Pothole,4.5,,0.0,VW Pointer 2004,Dashboard
0.4873015075376884,0.5653874462433586,-0.941,2.589,3.53,0.7464085500703287,-1.9290251256281408,0.8185984678888726,-4.433,1.9609999999999999,6.394,2.0955289038652447,10.567316582914573,1.3310032432130283,5.609,15.181,9.572,10.650809800056752,0,,,,,,,,,,,,,,,,,,,199,a3d37829-67a1-422e-9328-6f3c7596cfb2,ace132a4-dc34-49f4-9af8-91fd5c6d1fae,Ditch,6.0,,6.639195979899498,Chevrolet Express van 2013,Console
-7.0061959459459455,1.1559628936973654,-10.317,-3.452,6.865,7.100917676229925,0.08000675675675671,0.5680221195805008,-1.608,1.0979999999999999,2.706,0.5736289824088907,-7.420695945945946,0.8788876773757976,-10.395,-4.9030000000000005,5.491999999999999,7.472561265832594,0,,,,,,,,,,,,,,,,,,,148,a3e33b77-516c-485b-9f0d-452d256f1a12,0b3c066a-6f84-405c-886d-ea838414f61b,Pothole,7.0,,10.240540540540541,Chevrolet Cruze 2010,Left door
-0.5957846153846154,0.7865044279264606,-4.55,1.294,5.843999999999999,0.9866856252509829,7.230805128205128,1.6640755939974012,3.648,14.592,10.944,7.41981740911563,-6.483861538461538,0.9438798686641368,-10.474,-4.08,6.394,6.552203419950441,0,,,,,,,,,,,,,,,,,,,195,a421baf0-31af-4ef5-9aae-d1464410d625,c82ad1e5-b462-4d90-bba6-c0629615f065,Pothole,9.0,,12.036923076923078,Kia RIO 2018,Left door top
-0.10870403587443946,0.2652818322498326,-0.941,0.785,1.726,0.28668975903791843,-0.46084304932735426,0.7333739021121639,-2.157,1.255,3.412,0.8661487149517432,10.160964125560536,0.7299278965343313,7.885,13.023,5.138,10.18714811392606,0,,,,,,,,,,,,,,,,,,,223,a43ee616-6ad4-472d-8253-d38073ef7db3,f65fe7c5-45ec-43ce-9157-dfa12b3141b7,Metal_bumps,,bad,17.908627802690578,Chevrolet Express van 2013,Console
-1.5394489795918367,0.7432523782249566,-4.55,1.02,5.57,1.70948157594734,-0.293795918367347,0.6997517240832565,-3.02,1.294,4.314,0.7589258969140549,10.955197278911566,1.0010717497541626,7.1,13.847000000000001,6.747000000000002,11.000840516434515,0,,,,,,,,,,,,,,,,,,,147,a44b9b7b-5c29-40b0-aa57-4caedd75a447,b57f3df2-1453-4e16-a46e-112a9e24336a,Pothole,5.0,,9.918367346938776,Peugeot Partner 2013,Console
2.7073945578231293,0.4634528435576539,2.04,4.9030000000000005,2.8630000000000004,2.746775169163281,0.06669387755102042,0.5561572431229875,-1.6869999999999998,1.883,3.57,0.560141903789524,9.803952380952381,0.45029265364083215,8.63,12.003,3.3729999999999993,9.814287837734573,0,,,,,,,,,,,,,,,,,,,147,a4658f0f-723e-4d36-885b-bbe5f9e45dfe,ecb6eedb-682a-4fda-a211-4c0bb5b4032f,Pothole,6.0,,11.700000000000001,Kia RIO 2018,Console
9.94492700729927,1.8945202487105421,4.158,15.415999999999999,11.258,10.123773019644636,-0.15004379562043796,1.0337998145076754,-2.9810000000000003,4.982,7.963000000000001,1.0446316083099783,-1.7609416058394163,1.2311068117720663,-7.885,1.765,9.65,2.1486133484570655,0,,,,,,,,,,,,,,,,,,,137,a467c07c-0c09-429d-baff-eafa63c17a3f,ea7a7498-8dcb-4be6-a057-6ec392e81924,Speed_bump,,bad,14.4,VW Pointer 2004,Left door
8.145283687943262,1.3716815498252792,4.08,12.945,8.865,8.259973161651658,1.0527234042553193,0.7002849380193608,-0.51,4.7860000000000005,5.296,1.2643676523399703,-6.139929078014185,1.1112562289218404,-9.022,-2.9419999999999997,6.08,6.239681040675213,0,,,,,,,,,,,,,,,,,,,141,a49f80fc-7e4f-47a4-9f94-c0f368fd4076,0b9cef62-1da9-4632-8c7a-5b8dbb83b1aa,Pothole,10.0,,13.474468085106384,VW Derby 2001,Console left
-6.640044776119404,0.8870449084668094,-10.277000000000001,-3.491,6.786000000000001,6.699033012197168,0.3938358208955224,0.668229991323293,-1.177,1.569,2.746,0.7756532570191258,-7.665970149253731,1.047193533983282,-11.100999999999999,-3.648,7.452999999999999,7.7371643789482505,0,,,,,,,,,,,,,,,,,,,201,a51c1c97-d52f-4fd7-ac79-a060fac2e95f,1d868bf5-e370-4f99-a6f7-bf9919c1481b,Speed_bump,,good,12.322925373134327,Chevrolet Cruze 2010,Left door
-0.1531656050955414,0.446962000509879,-1.569,1.138,2.707,0.4724772295932117,-7.908031847133757,1.5733713626622396,-11.65,-3.766,7.884,8.063030766413295,6.03868152866242,1.2623220542475289,3.373,9.375,6.002,6.169208342506225,0,,,,,,,,,,,,,,,,,,,157,a54c3d2a-b5d7-4eb7-8f29-1dfb11d5a03d,d65427f0-0846-4faa-b0aa-862723b20587,Speed_bump,,good,13.5,Kia RIO 2018,Console seats
7.796925,1.654266907940896,3.295,15.612,12.317,7.970485459389117,3.1923666666666666,1.768380902281959,-1.3730000000000002,9.493,10.866,3.6494350179171566,-4.939958333333334,1.4888836779940944,-10.081,-0.47100000000000003,9.61,5.159453744503062,0,,,,,,,,,,,,,,,,,,,120,a54e44e5-dbc2-4ee6-be2b-78d9df85c5b7,e9f479ad-a384-4f42-a3d6-e24ba492ce54,Pothole,7.0,,26.9325,Chevrolet Spark 2013,Left door top
0.1748353413654618,0.3852332431169375,-3.844,1.0590000000000002,4.9030000000000005,0.4230508813284415,-7.754558232931727,0.7179084228765101,-10.709000000000001,-5.099,5.610000000000001,7.787718914519595,6.2694859437751,0.6798651360498471,2.9419999999999997,9.218,6.276,6.306240607716267,0,,,,,,,,,,,,,,,,,,,249,a59373e3-a90d-4172-bda0-fec135f7eb4f,321759c0-6198-44af-bedd-0a65087b2771,Ditch,6.0,,11.519277108433734,Chevrolet Express van 2013,Console
-1.0405934959349592,0.990166380347619,-5.962000000000001,2.3930000000000002,8.355,1.4364067267152592,-0.4885772357723577,0.6288016219818403,-4.315,0.51,4.825,0.7963034566809007,9.90390243902439,1.5295096744186982,3.491,15.612,12.121,10.021311459377644,0,,,,,,,,,,,,,,,,,,,123,a5a6afff-b556-440c-8b25-fed3723daa14,d9e3e4ce-6aaa-4acf-aced-5e4c2fcd4abe,Metal_bumps,,good,19.8,Chevrolet Spark 2013,Console
0.8237293233082708,0.9023731712922116,-3.3339999999999996,4.629,7.962999999999999,1.221804951023634,-0.12354887218045112,0.5673547307184922,-1.569,2.3930000000000002,3.962,0.5806511123606966,9.62081954887218,1.6512250400387356,4.08,15.259,11.179,9.761491326883,0,,,,,,,,,,,,,,,,,,,133,a5baf584-e846-4d58-a295-9d00aa187d26,ba603f8e-b287-4763-b13b-1a29e3aea9bc,Pothole,7.0,,15.631578947368421,Peugeot Partner 2013,Glove compartment
-3.456364779874214,1.30631610986213,-7.022,0.039,7.061,3.6949856928600213,-0.5131509433962265,0.6267636067334518,-2.432,1.6480000000000001,4.08,0.8100348816155772,9.487899371069183,0.9393465961026672,6.002000000000001,13.965,7.962999999999999,9.534285841275405,0,,,,,,,,,,,,,,,,,,,159,a5cb6369-cf93-4adc-aafc-5982709f4bdc,7df84ce3-8aae-4af2-9741-ba9b56fa0dde,Pothole,5.5,,24.647094339622637,Chevrolet Spark 2013,Console
0.6722253886010362,1.9785879898695276,-10.787,20.006,30.793,2.089664424431768,-2.4904766839378234,1.6706491914698764,-20.006,1.922,21.928,2.9989236125978422,10.351673575129533,2.346952662535518,0.8240000000000001,20.006,19.182,10.61439271019391,0,,,,,,,,,,,,,,,,,,,386,a5ecd657-b45d-4a24-9ade-7162b0f496c3,fcc97819-07be-4573-915c-a2bd280260f5,Pothole,16.0,,4.7727979274611405,Chevrolet Express van 2013,Console
0.012187499999999999,0.5991725946478889,-1.138,1.608,2.746,0.5992965320551532,-2.3572916666666663,1.2752664012265134,-7.452999999999999,-0.157,7.295999999999999,2.6801358912997926,8.977562500000001,3.0312492192868405,1.765,17.691,15.925999999999998,9.475500001099325,0,,,,,,,,,,,,,,,,,,,96,a6255119-c0ef-4915-80ac-e6da407bbcbc,d2ff0919-5520-48f8-8d1a-f6d3820f0aa9,Speed_bump,,good,19.040625000000002,Peugeot Partner 2013,Console
5.709553956834533,0.8757681288069256,3.138,9.061,5.923,5.7763289554386406,-0.5305395683453238,0.513130121719278,-1.765,1.765,3.53,0.7380885823501698,8.430877697841725,0.8925417464829553,4.864,11.14,6.276000000000001,8.47799088966129,0,,,,,,,,,,,,,,,,,,,139,a65e342d-b3fc-4cac-833b-d25831186969,f0c51d49-faf5-4985-a8ad-1f9e22ff8c5a,Pothole,6.5,,15.59136690647482,Kia RIO 2018,Left door
0.03924107142857144,0.9485248108956172,-2.864,4.9430000000000005,7.807,0.9493361778481998,-8.594151785714287,0.8560126283053539,-14.318,-6.669,7.649,8.636677748747736,5.617799107142857,0.7625403793752659,3.3339999999999996,11.454,8.120000000000001,5.669315182488345,0,,,,,,,,,,,,,,,,,,,224,a675c87d-5815-49ec-a469-543b864b68ad,99f0ebda-a429-4c18-8c40-5544859afeca,Pothole,8.5,,6.557142857142857,Honda Accord 2007,Console seats
-4.1662325581395345,0.9758873720727077,-6.825,-1.9609999999999999,4.864000000000001,4.279001038966089,2.8085038759689924,0.7598777658131767,0.431,5.021,4.59,2.9094859065323,8.700426356589148,1.7443491079678175,3.4130000000000003,14.514000000000001,11.101,8.873565945937361,0,,,,,,,,,,,,,,,,,,,129,a68c03fa-9885-4d6d-a26c-79964ad4bfcf,160a6df2-ecf3-4892-862b-d31c2d9f26f2,Speed_bump,,good,12.6,Chevrolet Cruze 2010,Driver trousers
1.13813125,0.6593853968078437,-1.3430000000000002,3.85,5.1930000000000005,1.3153447623151886,7.22188125,0.938019192046963,3.555,10.947000000000001,7.392000000000001,7.282544115468851,6.4261375,1.129765022512978,3.342,11.136,7.793999999999999,6.524692496585567,1,-0.003381250000000001,0.02980789993336498,-0.07,0.13699999999999998,0.207,0.029999062485351106,0.005649999999999999,0.04958038926833875,-0.12300000000000001,0.239,0.362,0.049901277538756464,-0.0033562500000000003,0.03079353561930653,-0.079,0.11199999999999999,0.191,0.03097589788851971,160,a6b1cd9c-6d9a-4bdf-a01a-cc0681a882a1,23262ba3-e541-486b-b128-6723952f87f5,Pothole,5.0,,0.0,Peugeot Partner 2013,Right door
3.14912,1.1199628560507415,0.039,6.551,6.5120000000000005,3.342345519741089,1.734593333333333,0.7992142315772134,-0.11800000000000001,3.9619999999999997,4.08,1.9098579580691333,9.745446666666666,1.9273633683927436,3.727,15.377,11.65,9.93420657559861,0,,,,,,,,,,,,,,,,,,,150,a6f2ed29-4ca7-4b1d-a300-e97436b7cfb0,c1d7144a-64b5-4631-becc-8ee4975525f3,Speed_bump,,good,14.507999999999997,VW Pointer 2004,Glove compartment
-4.39394,1.5551017640013145,-10.277000000000001,-1.138,9.139000000000001,4.661013861811612,3.8938099999999998,0.6287871292416854,2.157,5.099,2.942,3.944252726436276,8.15639,0.7520297054638202,6.237,10.513,4.276,8.190985686106403,0,,,,,,,,,,,,,,,,,,,200,a705b557-e49f-4490-aad9-6a0179e557e1,5794dfea-1dd6-4ee5-9198-242de74036d9,Pothole,6.0,,12.6,Chevrolet Cruze 2010,Driver trousers
-4.611413881748072,2.0581711191478194,-13.102,0.667,13.769,5.04987191366999,-0.1585141388174807,0.751578519095408,-2.7460000000000004,1.3730000000000002,4.119000000000001,0.7681126236240973,-8.379341902313625,2.107266243719642,-17.456,0.275,17.730999999999998,8.64025125432063,0,,,,,,,,,,,,,,,,,,,389,a73ed28a-c6c4-434c-9596-8d623c2577fd,fcc97819-07be-4573-915c-a2bd280260f5,Pothole,16.0,,7.808483290488431,Chevrolet Express van 2013,Left door
0.07381954887218045,1.5694580143047665,-4.668,6.1979999999999995,10.866,1.5711931085837771,-7.816325814536341,1.5013259933993073,-14.435,-1.883,12.552,7.959204041701884,6.200378446115288,0.8567646343853282,2.9419999999999997,9.375,6.433,6.259292173543624,0,,,,,,,,,,,,,,,,,,,399,a74c81e0-b91c-4ab3-bd1a-8bc0c9a31cd9,e662fbc8-0ccd-46b9-98cb-ada0c52d2c76,Pothole,16.0,,7.04842105263158,Chevrolet Express van 2013,Console
1.3951445783132528,0.7482662284073918,-0.353,2.7460000000000004,3.099,1.5831395210062464,0.12463052208835342,0.5512465683781835,-1.334,2.7460000000000004,4.08,0.565159752799807,9.866333333333333,0.8599806510696564,7.571000000000001,14.749,7.178,9.903741725462082,0,,,,,,,,,,,,,,,,,,,249,a89e841f-5432-4b97-b20e-efee7e3a7114,90791568-e66d-4aad-add3-e928fa45f713,Pothole,5.0,,15.006361445783126,Peugeot Partner 2013,Glove compartment
1.2074482758620688,0.8726555950399324,-0.5489999999999999,3.2560000000000002,3.805,1.4897849262349188,-0.3394942528735632,0.3442081992773112,-1.02,1.02,2.04,0.48346213107533875,9.60641379310345,2.281130509963845,3.844,16.436,12.592,9.873537479941833,0,,,,,,,,,,,,,,,,,,,87,a8dbc9ef-1594-44cd-a43d-8a3f4a08961b,f428be73-5f11-4379-bcc6-83e2a56ec17d,Metal_bumps,,bad,12.6,Peugeot Partner 2013,Glove compartment
9.752735042735042,1.9832783116399928,-1.4509999999999998,15.181,16.631999999999998,9.952348148814615,0.5086153846153846,1.3611571990211395,-5.256,5.06,10.315999999999999,1.4530789826828168,0.7734529914529914,3.3340428052557116,-9.218,16.907,26.125,3.422582498240905,0,,,,,,,,,,,,,,,,,,,117,a8e766f2-24ef-4df7-b966-f32b2145552a,ba4538f6-177e-4613-9e7d-cade3572c354,Metal_bumps,,good,14.223076923076924,VW Pointer 2004,Left door
5.705882352941177,1.2267413017638589,2.9419999999999997,10.238,7.295999999999999,5.836264871221904,-0.8519058823529411,0.7367994638742607,-2.9419999999999997,1.765,4.707,1.1263290293484143,8.479423529411767,1.3929509461104133,3.883,12.043,8.16,8.59307487046469,0,,,,,,,,,,,,,,,,,,,85,a9822731-cbc0-47fe-8135-823b31d8960f,961742d0-6534-466a-a275-3a5dffa09c48,Pothole,6.5,,11.700000000000001,Kia RIO 2018,Left door
1.1881733021077283,0.5966792122896166,-1.13,4.003,5.133,1.3295795870199498,6.938105386416861,0.39580047328777573,5.945,8.568999999999999,2.6239999999999988,6.949385898601509,6.595709601873535,0.42389061155390284,4.6739999999999995,7.712000000000001,3.038000000000001,6.609316787899512,1,-0.0008501170960187351,0.028334502742305815,-0.15,0.16,0.31,0.028347252860386297,-0.001334894613583138,0.03894357625221493,-0.153,0.165,0.318,0.038966448066784995,0.0004918032786885244,0.04209993467404065,-0.182,0.154,0.33599999999999997,0.04210280715134585,427,a9ede4a7-af22-436a-9d4f-41e549de89e3,bb13d56d-9395-405d-a6c1-48927c29d371,Pothole,6.5,,0.0,Peugeot Partner 2013,Right door
5.964484536082474,0.7886622121113789,3.727,9.101,5.3740000000000006,6.0163995766554095,0.49094329896907213,0.6381031909903001,-0.588,3.57,4.1579999999999995,0.8051093125499414,8.182793814432989,0.8022910806596747,5.962000000000001,11.886,5.923999999999999,8.222030502718223,0,,,,,,,,,,,,,,,,,,,194,a9f34767-bf67-4092-b683-e519862e18bc,0d7f3435-6be7-4d62-b063-6602a4ab764f,Pothole,4.0,,10.8,Kia RIO 2018,Left door
0.08393999999999999,0.7244916951904969,-2.275,2.628,4.9030000000000005,0.7293381520255195,0.4889299999999999,1.1834699257268855,-3.883,3.9619999999999997,7.845,1.2804895977711026,10.789480000000001,1.7093720658768237,2.079,17.887,15.808,10.924048312324512,0,,,,,,,,,,,,,,,,,,,200,a9f82315-e512-4146-ab81-af9997f9c3f5,a8de5d15-6299-4d0f-a88b-70395b907620,Pothole,6.0,,16.40358,Chevrolet Cruze 2010,Dashboard
-7.7940576923076925,1.5753522245158325,-11.415,-3.217,8.197999999999999,7.951670889964429,2.500326923076923,0.911264331345653,-1.0590000000000002,4.707,5.766,2.6612097632178777,6.200807692307692,1.4251632975053115,3.02,9.885,6.865,6.362476440941723,0,,,,,,,,,,,,,,,,,,,104,aa3da783-9636-4f2a-9931-f519d10748b1,de44f47c-b221-478d-b83e-6cd3d360c7c7,Pothole,6.5,,0.0,VW Derby 2001,Copilot trousers
0.02785915492957746,0.6893685372590383,-1.6869999999999998,1.6480000000000001,3.335,0.6899312376433294,6.011633802816902,0.8816618789062645,4.746,8.316,3.5700000000000003,6.075941791021974,8.649169014084505,0.8424076492355571,6.315,10.787,4.472,8.69009639081697,0,,,,,,,,,,,,,,,,,,,142,aa48ef37-2dc3-45c4-aa2e-fbade904fe1e,1f4d98d4-9b4d-4b02-9fdb-ea22bcd90984,Pothole,4.5,,44.459999999999994,Peugeot Partner 2013,Console
2.406006329113924,0.6948877834625616,0.235,5.412999999999999,5.177999999999999,2.5043433245746822,4.852177215189873,1.1557503427084612,0.706,11.18,10.474,4.987923674464003,-8.650436708860758,1.4330202743693914,-15.573,-3.766,11.807,8.768329507994068,0,,,,,,,,,,,,,,,,,,,158,aa5def9b-7633-4974-8e28-ca9d4ce1eaa2,99bdd82b-0730-4561-9151-2577affbfb20,Pothole,5.0,,11.517721518987342,Peugeot Partner 2013,Left door
-1.432931818181818,1.0236935442914383,-7.532,2.824,10.356,1.7610343745031833,-0.5565909090909091,0.9251108693142763,-4.9430000000000005,2.197,7.140000000000001,1.0796404774766741,10.877621212121213,1.23775924453378,6.904,15.140999999999998,8.236999999999998,10.947816731285657,0,,,,,,,,,,,,,,,,,,,132,aaad7430-6b71-4fa7-b76b-e6212017c8cc,c688f8dc-c99a-43a5-b5b6-36c9e0490633,Pothole,5.0,,8.693181818181818,Peugeot Partner 2013,Console
-2.4675823529411764,1.1961495906524373,-6.276,1.569,7.845,2.74221379760308,2.6473529411764702,0.7353808410034075,0.392,4.825,4.433,2.7475921415797115,10.098576470588236,1.1695888807758914,7.061,14.985,7.9239999999999995,10.166080113905897,0,,,,,,,,,,,,,,,,,,,170,aac33ea2-63cd-4dd1-8d17-d36b4fb03771,fe77d767-c3a1-48b2-b284-82e2c1f47a1e,Pothole,12.0,,0.0,Kia RIO 2018,Copilot trousers
0.0025403225806451503,0.5148135804032736,-1.412,1.0979999999999999,2.51,0.5148198479142502,5.751725806451613,1.0080736847324983,3.2560000000000002,9.061,5.805,5.839397426657277,7.981653225806451,1.664196861631396,4.04,12.474,8.434000000000001,8.153302362312482,0,,,,,,,,,,,,,,,,,,,124,aac8f4de-54da-489a-8b2e-9accd37dd19b,752eccaf-ef23-4567-ba24-059b8e943f0d,Speed_bump,,good,0.0,Chevrolet Cruze 2010,Console
5.185397350993377,1.468507266055078,1.0590000000000002,11.14,10.081,5.389328277081078,-0.03267549668874174,0.5383681321279877,-1.6869999999999998,1.4909999999999999,3.178,0.5393588172773617,8.603602649006623,1.8486818611024294,2.667,20.045,17.378,8.799977452559917,0,,,,,,,,,,,,,,,,,,,151,ab61907a-5015-4170-be63-a885f879f95c,a7ca630d-3c60-49d8-a80f-efc127a6a590,Pothole,5.5,,8.451655629139072,VW Derby 2001,Console
6.258245454545455,0.9502993326159122,1.508,9.457,7.949000000000001,6.329984596419575,-1.2263545454545455,0.6744687415947678,-3.235,0.821,4.056,1.3995904953040565,7.1242636363636365,0.8083330510408185,4.477,9.402000000000001,4.925000000000001,7.169974524488785,1,-0.0012999999999999993,0.023196218343828064,-0.09300000000000001,0.067,0.16000000000000003,0.023232618136029042,-0.00960909090909091,0.05055008235845201,-0.285,0.127,0.412,0.0514552762556519,-0.0017363636363636361,0.019587415845489474,-0.08199999999999999,0.045,0.127,0.019664226864583773,110,ab7508e5-d998-4ce8-b67b-8c5a0a227d3d,9614dec6-cc79-4978-be4f-a35e91307e01,Pothole,5.5,,0.0,Chevrolet Cruze 2010,Right door
0.11712142857142856,0.789102704413212,-2.354,1.9609999999999999,4.3149999999999995,0.7977471448666282,0.3617642857142857,0.7512729350976275,-2.9810000000000003,3.295,6.276,0.8338371672146615,10.80695,1.0648095961585942,8.041,15.298,7.257,10.859281181485791,0,,,,,,,,,,,,,,,,,,,140,ab83be53-e109-44ab-bedf-9029cdc49a98,cbf7b19b-462b-4eb0-b8a2-ff4ee9ff7f36,Pothole,6.0,,14.4,Chevrolet Cruze 2010,Dashboard
-0.5646766467065868,0.9406840438175548,-7.532,3.02,10.552,1.097153674572866,-4.836161676646706,1.2190574366045683,-9.571,-2.511,7.06,4.987440305046987,8.932634730538922,1.0259927125564485,6.5120000000000005,14.592,8.08,8.991363871818841,0,,,,,,,,,,,,,,,,,,,167,abe7911d-5195-4491-af62-fbb67893d5ba,836e0ed8-d4e5-4d70-9655-ce0cef1c3be3,Pothole,5.0,,19.8,Honda Accord 2007,Console
-4.432640350877193,0.696391792418065,-6.433,-2.628,3.8049999999999997,4.487010364237187,3.1766491228070177,0.5161819511662111,0.863,4.08,3.217,3.2183137597413265,8.40242105263158,1.0492473316933233,5.766,11.415,5.648999999999999,8.467679700412145,0,,,,,,,,,,,,,,,,,,,114,ac1debe3-4830-4be2-a624-09db95958887,c9f2b558-c243-4fc5-93de-93ba06bbe0bb,Speed_bump,,bad,12.6,Chevrolet Cruze 2010,Driver trousers
-7.2046292134831456,0.9777401987364661,-10.944,-4.197,6.747000000000001,7.270671083194453,-0.13780149812734083,0.5047650860129697,-2.197,1.216,3.4130000000000003,0.5232370829211365,-7.114561797752809,0.867395593195455,-10.591,-3.805,6.786,7.167242474560113,0,,,,,,,,,,,,,,,,,,,267,ac4f46b4-0b03-4443-aec1-563391c3bd51,c46983c7-0344-495a-8448-899cae37655a,Pothole,8.5,,7.682426966292135,Chevrolet Cruze 2010,Left door
-0.5477738095238096,0.5807474935105797,-2.864,1.138,4.002,0.7983256212968788,2.8005178571428573,0.7714358055354151,0.275,4.982,4.707,2.904825893274517,10.202208333333333,1.9851990509954947,4.982,14.945,9.963000000000001,10.393559070347823,0,,,,,,,,,,,,,,,,,,,168,ac6cb813-cdcf-421b-abc2-1282fabdf490,eff8a224-4321-45ef-8d58-6703e72cdc50,Speed_bump,,good,11.217857142857142,Chevrolet Cruze 2010,Console between seats
-5.818235294117647,1.62636561126317,-10.199,-2.1180000000000003,8.081,6.04126866140016,2.291294117647059,0.8358436103397514,-0.11800000000000001,5.021,5.139,2.438988166127463,8.425245098039216,1.6039696493404674,5.178,12.395999999999999,7.217999999999999,8.576565373040609,0,,,,,,,,,,,,,,,,,,,102,ac74b604-4e6d-46ee-ae9b-8eda5aa15e96,a7441e63-11ab-443b-8c90-8a73204dcd1d,Speed_bump,,bad,0.0,Kia RIO 2018,Copilot trousers
1.754634615384615,0.6991988142715191,-0.157,5.021,5.178,1.8888148705960082,-0.13652884615384614,0.287466986623975,-1.138,1.177,2.315,0.3182410945034742,10.491634615384616,1.9536989968621667,6.237,18.319000000000003,12.082000000000003,10.671988412338017,0,,,,,,,,,,,,,,,,,,,104,ac9fe525-18c6-483d-b64a-a8d9fac352f1,a25e8d71-9771-4902-a088-8b612ba129c4,Speed_bump,,good,14.4,Peugeot Partner 2013,Glove compartment
0.25793023255813957,0.8290658555307429,-3.177,2.354,5.531000000000001,0.8682615951857012,6.733046511627907,1.0609788526373396,4.276,10.474,6.198,6.816127306138609,7.901418604651164,0.9664297092441234,4.7860000000000005,10.748,5.961999999999999,7.9603016493621155,0,,,,,,,,,,,,,,,,,,,172,acfe31f9-dbc9-467c-86eb-57fbd495c278,4b07f47f-1397-44bf-b3b3-42e97c2d12c2,Pothole,8.0,,13.61867441860465,Peugeot Partner 2013,Console
-5.8704832535885165,1.2233278250015025,-10.787,-1.138,9.649000000000001,5.996591081446701,1.1167272727272728,0.9161630918058743,-0.5489999999999999,5.06,5.609,1.4444495880577457,8.69590909090909,1.2583111132642217,5.412999999999999,14.043,8.629999999999999,8.786477210755152,0,,,,,,,,,,,,,,,,,,,209,ad005fef-7ee6-4980-a8ad-7d6f8d9b7174,103be121-da18-4fa6-b129-bde1b16f2f31,Pothole,9.0,,0.0,Kia RIO 2018,Copilot trousers
2.121894736842105,0.5543366939020159,0.745,4.08,3.335,2.193108853760899,-0.11580701754385965,0.2187375344027678,-1.334,0.353,1.687,0.24750227124009558,9.884222222222222,0.44576595198670926,8.081,12.120999999999999,4.039999999999999,9.894268857385178,0,,,,,,,,,,,,,,,,,,,171,ad0dcefd-e38b-47f6-8b53-b7a9c6844a72,13066d62-0b2f-42b7-bab7-9f8e49afa22b,Metal_bumps,,good,11.662315789473684,Kia RIO 2018,Console
5.62871875,1.0771189456052526,1.714,8.794,7.08,5.730851593749687,-1.09090625,0.6314618634256051,-3.1889999999999996,0.371,3.5599999999999996,1.2604842447448519,7.662697916666667,1.0049103102577495,4.93,10.270999999999999,5.340999999999999,7.728310558831729,1,0.013166666666666667,0.03929765330850629,-0.08199999999999999,0.11900000000000001,0.201,0.0414447423283903,-0.014781250000000001,0.0967012369712551,-0.318,0.247,0.565,0.09782440688976005,0.019447916666666665,0.026496017700648064,-0.027999999999999997,0.10099999999999999,0.129,0.03286731532490396,96,ad1897f2-93be-43d3-8dd1-f9aa6d54cd15,a9581f32-e3e3-4f0e-8d2c-372c70256802,Pothole,7.0,,0.0,Chevrolet Cruze 2010,Right door
8.169131147540982,1.9457056326766984,1.922,18.358,16.436,8.39764693915826,1.6282213114754098,0.6097291727775415,0.235,3.727,3.492,1.7386415108580286,-5.826729508196722,1.2593379736005013,-12.395999999999999,-1.3730000000000002,11.023,5.961267389862883,0,,,,,,,,,,,,,,,,,,,122,ad3fb7e7-3f29-4f46-9eef-be45c3a2cce8,10bfa320-b91b-4276-b64f-4de7e92da22e,Speed_bump,,bad,5.4,VW Derby 2001,Console left
-0.07405172413793103,0.7683407317611335,-1.569,1.6869999999999998,3.256,0.7719009897202067,6.072732758620691,0.4198641479335622,4.9030000000000005,7.257000000000001,2.354,6.087229998968729,7.932163793103449,0.664080631580823,6.472,9.728,3.2559999999999993,7.959913663216585,0,,,,,,,,,,,,,,,,,,,116,ad83b7e0-c55e-489f-8b5e-d3225dd05005,69b49691-dd74-49c1-9cac-69e9fab0d778,Pothole,8.5,,0.0,Chevrolet Cruze 2010,Console
4.45144385026738,1.040486106469615,1.844,7.61,5.766,4.571429064290462,-0.5138930481283424,0.530019583237047,-2.1180000000000003,0.588,2.7060000000000004,0.7382457744744712,9.852395721925134,1.2493755332498322,4.393,13.337,8.943999999999999,9.93129602239768,0,,,,,,,,,,,,,,,,,,,187,ada3bfcb-674e-411d-9a02-9aa238b51cd1,93535cee-a12e-47da-867d-b86bc302dbc9,Pothole,7.0,,19.280213903743316,Honda Accord 2007,Left door
3.493491666666667,1.7137108030812032,0.785,12.356,11.571,3.8911808929509646,1.31175,1.5679567131036072,-2.864,12.749,15.613,2.044303381757871,9.820408333333335,2.9747552630309864,-4.433,19.692,24.125,10.261071518527357,0,,,,,,,,,,,,,,,,,,,120,ada8687b-64cb-4d1b-98e5-73ba25b6c892,60496a31-e489-4df6-b859-bf0c1f2f2029,Metal_bumps,,good,9.9,VW Pointer 2004,Glove compartment
9.11636496350365,2.3811733226183023,3.9619999999999997,18.476,14.514,9.422212932222768,-0.4306131386861313,0.9127836725205352,-2.9810000000000003,2.275,5.256,1.0092579987442245,0.8477956204379562,1.6642441002996764,-3.4130000000000003,6.041,9.454,1.8677435154260498,0,,,,,,,,,,,,,,,,,,,137,adc16b7e-6d51-4e97-af36-f4b17c5f623b,9551d4fb-1551-4b44-ac58-24b6d7acfd31,Speed_bump,,good,14.347445255474453,VW Pointer 2004,Left door
-5.859128205128206,1.0459526189074448,-9.571,-4.236000000000001,5.334999999999999,5.951756060620109,0.3292564102564102,1.36743896973985,-1.6869999999999998,2.9419999999999997,4.629,1.4065202165835085,8.854162393162394,0.9138684746795219,5.962000000000001,10.434000000000001,4.472,8.901199204236713,0,,,,,,,,,,,,,,,,,,,117,adc925bb-7266-4cf6-a12b-ae2d597f8c3d,fc96303d-89e2-4081-98ac-0ed3671eab37,Metal_bumps,,good,0.0,Kia RIO 2018,Copilot trousers
-0.4570394736842105,0.8144109098119792,-5.06,2.824,7.8839999999999995,0.9338898278310539,7.322486842105263,1.0887767277935199,4.7860000000000005,13.259,8.472999999999999,7.402989147350513,-6.440328947368421,0.8828431476613363,-10.277000000000001,-4.158,6.119000000000001,6.500557589444479,0,,,,,,,,,,,,,,,,,,,152,adfac7d9-dd56-4035-bc25-72ccff6aca6d,ecb6eedb-682a-4fda-a211-4c0bb5b4032f,Pothole,6.0,,10.4625,Kia RIO 2018,Left door top
3.733984126984127,1.8951703570623222,0.157,12.395999999999999,12.238999999999999,4.1873987322509825,1.6621349206349207,1.1489194464777917,-1.334,7.532,8.866,2.0205713025995617,9.631666666666668,2.6511331329997163,2.001,30.44,28.439,9.98987035284576,0,,,,,,,,,,,,,,,,,,,126,ae0783d9-a55c-4ef8-93aa-f2fc11104dd0,bc8b4198-f261-46dc-918e-518c3e0a0971,Metal_bumps,,good,7.6971428571428575,VW Pointer 2004,Glove compartment
1.61144375,0.9939312900477264,-0.47100000000000003,4.9030000000000005,5.3740000000000006,1.8933172921488886,0.02476875,0.8211741458262294,-2.275,3.177,5.452,0.8215476058939007,10.118981250000001,1.709006482111299,3.373,17.26,13.887,10.262284574779146,0,,,,,,,,,,,,,,,,,,,160,ae101d35-f78e-4014-9feb-8a6c828de3c6,265f3aef-1c97-4a52-8352-20709c3afd1e,Pothole,6.5,,11.68875,Peugeot Partner 2013,Glove compartment
-0.8089308176100629,0.799972162404794,-4.001,1.3730000000000002,5.3740000000000006,1.1376838437377437,7.19203144654088,1.86599005511915,2.824,12.67,9.846,7.430157145971846,-6.594037735849058,1.652758829050288,-13.140999999999998,-2.824,10.316999999999998,6.798010400757344,0,,,,,,,,,,,,,,,,,,,159,ae2a72f0-bba2-4450-8ad0-81c6cdbdb3cc,d65427f0-0846-4faa-b0aa-862723b20587,Speed_bump,,good,17.71698113207547,Kia RIO 2018,Left door top
-0.27459999999999996,1.0046007834546253,-2.55,1.6869999999999998,4.237,1.0414547009436594,0.16987058823529413,0.6406220100208728,-1.294,1.569,2.863,0.6627613269274153,10.913764705882354,1.121437141476836,8.472999999999999,13.651,5.178000000000001,10.971229708544392,0,,,,,,,,,,,,,,,,,,,85,ae3e78dd-b66f-4977-91d4-1b06e9339764,a9581f32-e3e3-4f0e-8d2c-372c70256802,Pothole,7.0,,15.554117647058822,Chevrolet Cruze 2010,Dashboard
5.484919642857143,0.8301901313898012,2.197,8.512,6.315,5.5473921028585265,-0.18158928571428573,0.6739390478688313,-2.001,2.3930000000000002,4.394,0.69797457613338,8.55049107142857,1.7317362184459337,2.7460000000000004,15.965,13.219,8.724093528433606,0,,,,,,,,,,,,,,,,,,,224,ae4a74cb-3b74-4dc3-9752-ff5964a8cd42,cfd05c0f-8067-4b02-8286-7004f0cb9673,Pothole,12.0,,20.377446428571428,Kia RIO 2018,Left door
1.1451638418079098,0.8300495739350514,-2.5,4.365,6.865,1.4143487970702315,6.744463276836158,0.9372898363643842,3.187,10.463,7.276,6.809280221135235,6.925146892655368,1.028820624174901,4.5489999999999995,11.888,7.339,7.001152145295939,1,-0.0011525423728813559,0.03938488061705857,-0.10099999999999999,0.147,0.248,0.0394017407628298,0.0142090395480226,0.052910609273129745,-0.133,0.25,0.383,0.05478530257770849,0.008661016949152542,0.05406721392456509,-0.31,0.243,0.5529999999999999,0.054756523229275544,177,ae5ac14c-9bd5-4c39-830f-5b72179fd995,898ca1f4-2528-4cff-a4fb-68677dba372a,Pothole,6.5,,0.0,Peugeot Partner 2013,Right door
0.7892333333333332,0.4121045080505133,-0.863,1.883,2.746,0.8903478982959414,6.099706666666667,0.43547862629014933,4.236000000000001,7.1,2.863999999999999,6.115232052288231,7.759033333333334,0.5097723729491646,6.747000000000001,9.964,3.2169999999999996,7.7757614508162485,0,,,,,,,,,,,,,,,,,,,150,aec6fb2c-a658-4d9a-a4d2-0f47b0258ce2,189c8aa4-a8ad-490f-879f-570087532791,Pothole,5.5,,0.0,Chevrolet Cruze 2010,Console
1.8537628865979383,0.6369046566915482,0.039,4.4719999999999995,4.433,1.960123562799881,-0.09708247422680415,0.563378718826748,-2.275,1.6869999999999998,3.9619999999999997,0.5716822435836765,9.985814432989692,0.911989106576026,6.904,13.140999999999998,6.236999999999998,10.027373236327575,0,,,,,,,,,,,,,,,,,,,97,aef5e611-1307-4e94-9fda-5b12a2725a8f,c16e3a65-c420-49c6-ab3f-6cbbd6d5c4dc,Pothole,6.5,,13.5,Kia RIO 2018,Console
3.360802083333333,3.6727223940485425,0.5489999999999999,32.086999999999996,31.537999999999997,4.978341132052256,0.051854166666666666,0.7942926488807336,-1.922,4.9430000000000005,6.865,0.7959834587896074,9.69384375,1.7116995716254078,2.471,15.573,13.102,9.843806279733295,0,,,,,,,,,,,,,,,,,,,96,af85a440-e280-44e6-afcb-07332dd3afac,9d7a5b6c-863b-448d-a300-430f6f3c1b9c,Metal_bumps,,bad,15.3,VW Pointer 2004,Copilot trousers
-2.0762833333333335,2.9357220582091137,-19.458,4.408,23.866,3.5957497804120537,0.6907833333333334,0.7708097926135143,-2.701,2.969,5.67,1.0350504094004311,9.447191666666667,2.4571513224865136,-3.515,23.368000000000002,26.883000000000003,9.761507209869455,1,0.002874999999999996,0.16418518825298056,-0.812,0.58,1.392,0.1642103579761845,0.014583333333333334,0.22957208683887412,-1.399,0.8059999999999999,2.205,0.23003481620543154,0.022924999999999997,0.09821245359763021,-0.28,0.547,0.8270000000000001,0.10085257392187205,120,afd4dd0a-9526-45a1-96d5-321396205f91,6d7a11aa-bbf7-4b70-90c8-c6ef712a5f18,Pothole,8.5,,15.371999999999993,Honda Accord 2007,Right door
-7.98814563106796,0.6693946607206399,-10.238,-5.256,4.981999999999999,8.01614370099186,2.888320388349514,0.5494005243774864,1.569,5.296,3.7270000000000003,2.9401080935812116,5.6474466019417475,0.6551986244185113,3.883,8.081,4.1979999999999995,5.685326583339193,0,,,,,,,,,,,,,,,,,,,103,aff7b22d-69e7-461f-83cc-e9cbb443240a,16cf2a6b-2501-43d1-809c-7164430cc82e,Metal_bumps,,good,0.0,Chevrolet Spark 2013,Copilot
-1.7538554913294797,1.3720268989663382,-7.806,1.3730000000000002,9.179,2.226761526511934,-0.061658959537572264,1.32660804566111,-5.492000000000001,3.2560000000000002,8.748000000000001,1.3280401854251422,10.888913294797689,1.5503555320374751,5.138999999999999,17.534000000000002,12.395000000000003,10.998728790971303,0,,,,,,,,,,,,,,,,,,,173,b006e093-e7f9-4cd8-a277-ce265d81fa5c,4b07f47f-1397-44bf-b3b3-42e97c2d12c2,Pothole,8.0,,8.717618497109827,Peugeot Partner 2013,Console
-0.3751196581196581,0.9429770112794863,-4.511,2.275,6.786,1.0148499404884457,7.357136752136752,1.7785347320939966,2.1180000000000003,14.2,12.081999999999999,7.569058526851671,-6.603205128205127,2.1513559569836223,-19.417,0.157,19.574,6.944829041726185,0,,,,,,,,,,,,,,,,,,,117,b06d0582-db20-4259-9fbd-82df7882ba54,d28bdf74-ee85-4390-9660-63327b296d13,Pothole,4.0,,14.969230769230771,Kia RIO 2018,Left door top
-0.1598416666666667,0.7527831692662607,-4.08,2.2359999999999998,6.316,0.7695660194767785,5.219691666666667,0.7321951788495712,2.1180000000000003,8.551,6.433,5.270796038076223,8.531149999999998,0.796986037623412,6.1979999999999995,10.866,4.668,8.568296625739954,0,,,,,,,,,,,,,,,,,,,120,b0881258-8efe-4832-ab3d-ba59840461df,62293c82-da5d-4322-8fc9-cab2384a7d02,Metal_bumps,,good,0.0,Chevrolet Cruze 2010,Console
7.887357142857143,1.2242027691800192,4.08,11.376,7.295999999999999,7.981796484441809,-0.06070238095238095,0.8042837804644208,-1.844,3.491,5.335,0.8065712482920704,6.104833333333334,1.1895658154827244,2.511,11.925,9.414000000000001,6.219650862961912,0,,,,,,,,,,,,,,,,,,,84,b0ed074b-4c1e-417b-a6c3-cdc557da4845,1e276e9e-d407-465a-9f69-6fceeba64db3,Pothole,7.0,,16.2,Chevrolet Spark 2013,Console
0.08860313315926893,1.354572089202557,-4.315,6.159,10.474,1.3574667804599196,-7.758859007832898,1.9358916421367958,-15.769,-1.255,14.514,7.996722425689465,6.2241148825065284,1.0192538418434902,1.9609999999999999,9.297,7.336,6.307018666910061,0,,,,,,,,,,,,,,,,,,,383,b0f25e72-7f53-45e6-8b76-205b0f2f093a,fcc97819-07be-4573-915c-a2bd280260f5,Pothole,16.0,,7.138903394255875,Chevrolet Express van 2013,Console
7.725490909090909,1.6336951743347434,0.47100000000000003,15.259,14.788,7.896339006722729,-0.045690909090909095,0.6992410007930618,-3.0989999999999998,1.53,4.629,0.7007322144468858,-5.788781818181818,1.388048914397591,-11.65,-1.6869999999999998,9.963000000000001,5.952871133098106,0,,,,,,,,,,,,,,,,,,,110,b12d9975-f854-4511-9829-322eccdb0895,16cf2a6b-2501-43d1-809c-7164430cc82e,Metal_bumps,,good,10.8,Chevrolet Spark 2013,Left door
-4.317782608695652,0.8542389590260049,-6.041,-1.4509999999999998,4.590000000000001,4.401473714004489,3.0781376811594203,0.7230941786439895,0.235,4.746,4.511,3.1619292805757557,8.52864492753623,1.6694598744726603,3.766,14.082,10.316,8.69050519661911,0,,,,,,,,,,,,,,,,,,,138,b12e5fd8-50e7-47f3-ab40-fa40cdeecde1,c212543d-8b43-4d9c-8c7f-3b50435227f0,Speed_bump,,good,12.6,Chevrolet Cruze 2010,Driver trousers
-7.912301886792455,1.5591031055610225,-14.357000000000001,-4.315,10.042000000000002,8.064448130003035,2.534933962264151,0.6515663025221713,0.314,5.099,4.785,2.617332389976986,5.943933962264151,0.9658517432704876,3.452,9.611,6.159000000000001,6.021895095211793,0,,,,,,,,,,,,,,,,,,,106,b155a10c-5291-498b-b543-a8634b6fe582,4c40b7a2-b10b-4cc6-a291-a73faba5a9f8,Speed_bump,,good,0.0,VW Derby 2001,Copilot trousers
-1.0757583333333334,1.249651598085331,-5.922999999999999,2.2359999999999998,8.158999999999999,1.648904214420393,-0.20819166666666664,1.2060522258995345,-4.55,2.197,6.747,1.22388959537479,11.235841666666666,1.4908206352868951,6.629,16.24,9.610999999999999,11.334314453243302,0,,,,,,,,,,,,,,,,,,,120,b16e3687-85a0-4139-a2f0-249f98645dc1,a8f2e9e7-d4c1-4a6c-9676-b85e0ccb3cf0,Pothole,4.5,,7.9047,Peugeot Partner 2013,Console
-5.165676470588235,1.093128621692806,-7.178,-0.785,6.393,5.280070414526016,1.4202235294117647,0.7339105952357603,-0.157,4.276,4.433,1.5986430606280182,9.159870588235293,0.7504072821707876,7.375,12.356,4.981,9.190557125786931,0,,,,,,,,,,,,,,,,,,,170,b26eb431-dff6-45ad-b27b-2636c5e9df4f,95a9a4ec-88b5-458f-8c08-9b2827989655,Pothole,6.5,,0.0,Kia RIO 2018,Copilot trousers
8.673829268292682,0.8559565438718403,6.904,12.120999999999999,5.216999999999999,8.71596097860057,1.3037560975609759,0.6724126484383625,-0.745,4.08,4.825,1.4669419660325071,5.818601626016261,0.7495919403719111,3.9619999999999997,7.688,3.726,5.866686710516388,0,,,,,,,,,,,,,,,,,,,123,b2730ed0-a6c6-4bd9-8b6a-5dd5c43c4d60,43bed957-6acb-4f0b-bfce-1364f369321a,Pothole,7.0,,15.912,Chevrolet Spark 2013,Console
1.1793464566929133,0.7553906886943902,-1.719,4.657,6.376,1.4005260288478452,7.475976377952756,0.5211833365603131,5.715,8.812999999999999,3.097999999999999,7.49412135436942,6.050933070866141,0.5352268628657286,4.279,8.045,3.766,6.074558323272125,1,0.003251968503937008,0.031097628464643288,-0.099,0.171,0.27,0.031267199990974416,0.005338582677165355,0.048890238703762544,-0.156,0.221,0.377,0.049180848971035585,0.003625984251968504,0.05054293678326297,-0.16,0.22399999999999998,0.384,0.05067283513355495,254,b2859a88-76e5-4324-a73a-e7bb2dd2dfed,24bb858e-aa25-4c4f-bb73-35895d8904d1,Pothole,6.5,,0.0,Peugeot Partner 2013,Right door
3.105647577092511,0.6647667333123696,1.3730000000000002,6.551,5.178,3.1759977460349975,0.001907488986784148,0.7446082820143459,-1.844,3.4130000000000003,5.257000000000001,0.7446107252508456,9.705392070484583,0.85645507507396,7.296,15.455,8.158999999999999,9.743107847983874,0,,,,,,,,,,,,,,,,,,,227,b28c1f07-f3e8-4e34-8ab5-b203f9c8eddf,25d259df-54c2-4ff8-95a1-fddbef4bf3ec,Pothole,12.0,,11.700000000000001,Kia RIO 2018,Console
-0.049991935483870965,0.4816479522794253,-1.255,1.726,2.981,0.4842354216167866,6.047500000000001,0.7383352186922213,3.4130000000000003,8.434,5.020999999999999,6.092404709567585,7.794048387096774,0.9848815047018856,5.374,10.748,5.374,7.856028375630378,0,,,,,,,,,,,,,,,,,,,124,b2d4612e-5f31-42e7-acbf-4b918f09175c,c9f2b558-c243-4fc5-93de-93ba06bbe0bb,Speed_bump,,bad,0.0,Chevrolet Cruze 2010,Console
-7.653691275167786,0.9132455942555829,-10.003,-4.55,5.453,7.707983371220173,3.3192818791946306,0.588159740441033,1.844,4.393,2.5489999999999995,3.3709885899874394,5.864489932885907,1.0793647685513588,3.0989999999999998,8.904,5.805,5.962991738759166,0,,,,,,,,,,,,,,,,,,,149,b2ed02c4-6927-4b50-9d75-1ae35b28eb8c,b76a43b3-c6f9-488c-8031-b3a99ec1a621,Pothole,7.0,,0.0,Chevrolet Spark 2013,Copilot
5.745401315789473,0.7548277884798801,3.138,8.472999999999999,5.334999999999999,5.7947736167806285,0.20437500000000008,1.2003221103460213,-1.53,3.295,4.825,1.2175969403749856,8.386986842105262,0.962403248635812,4.08,11.729000000000001,7.649000000000001,8.442023945869353,0,,,,,,,,,,,,,,,,,,,152,b35a5b09-85a6-453f-bb96-07c495bbe653,3e2a7efb-a19b-42ef-8c4e-7ad663ee0bc4,Pothole,5.5,,2.7,Kia RIO 2018,Left door
2.384746666666667,0.6316578418380916,0.8240000000000001,4.04,3.216,2.4669836426967513,5.353913333333333,0.974202066217385,2.471,6.865,4.394,5.441824845276322,-8.322046666666665,0.9596540302745685,-11.925,-5.727,6.198,8.377195030557662,0,,,,,,,,,,,,,,,,,,,150,b3a95902-b7b7-45ce-ac3f-cad5e1219376,1f4d98d4-9b4d-4b02-9fdb-ea22bcd90984,Pothole,4.5,,12.6,Peugeot Partner 2013,Left door
3.8364506172839508,0.7918084477521806,2.1180000000000003,6.59,4.4719999999999995,3.9173095303779766,0.3251975308641975,0.5151775534695214,-1.216,1.9609999999999999,3.1769999999999996,0.6092301253869611,9.441006172839504,0.8761930314473848,7.061,12.827,5.766,9.48157749448638,0,,,,,,,,,,,,,,,,,,,162,b3aa0ec5-f533-4391-b459-d0efd4375470,36bc2903-7ac8-4dd1-81b6-977433c4bf13,Pothole,8.0,,7.2,VW Pointer 2004,Copilot trousers
2.6979173553719007,0.8221549549989767,0.51,5.8839999999999995,5.374,2.8204072093310004,-0.1552892561983471,0.7502187608012242,-6.7860000000000005,1.3730000000000002,8.159,0.7661220151834566,9.647173553719009,1.2061855090639253,4.197,16.867,12.670000000000002,9.722285793878477,0,,,,,,,,,,,,,,,,,,,121,b41b241c-3c90-4ae1-86fb-9101eb4be5c6,b890f1c4-65a2-4be8-89a5-861f138e2de6,Metal_bumps,,good,16.869421487603304,Kia RIO 2018,Console
7.121300884955752,1.4716890716545854,1.2930000000000001,11.015999999999998,9.722999999999999,7.27178073223465,0.08916814159292037,1.1271009636886455,-3.725,2.562,6.287,1.130622633694819,6.297115044247788,0.8831320044066453,3.057,8.73,5.673,6.358740442705546,1,-0.02076991150442478,0.04831460484765542,-0.15,0.098,0.248,0.052589830437896695,0.0030973451327433615,0.10469982077743871,-0.301,0.287,0.588,0.10474562529146081,-0.03008849557522124,0.045555481591642084,-0.128,0.098,0.226,0.05459504985826599,113,b4a9c2e2-0f7b-4e6b-b0bd-9533be745249,e86fcec3-90aa-4274-b069-ce489ea23be9,Pothole,4.5,,0.0,VW Derby 2001,Right door
10.171924731182797,1.632814495627199,6.315,15.808,9.492999999999999,10.302142297307803,1.5064086021505374,0.6380912773307381,0.078,3.491,3.4130000000000003,1.635979020292959,-0.6484892473118279,0.6701305862088014,-2.354,1.4909999999999999,3.8449999999999998,0.9325305927698099,0,,,,,,,,,,,,,,,,,,,186,b4aeb51e-83bf-498a-b470-1a8b504c8410,ab50424e-3c17-4153-94e2-27ccae1e6d55,Pothole,10.0,,6.420967741935485,VW Derby 2001,Console left
-7.072919117647058,1.4884401184142761,-11.415,-2.354,9.061,7.227837770099876,-0.23656617647058825,0.5615018818024865,-2.2359999999999998,0.706,2.9419999999999997,0.6093011727525617,-7.4980441176470585,1.553777777034597,-11.572000000000001,-2.55,9.022000000000002,7.657342291591008,0,,,,,,,,,,,,,,,,,,,136,b4cbf9c9-b99b-4064-b440-c5bd022c0af9,c212543d-8b43-4d9c-8c7f-3b50435227f0,Speed_bump,,good,13.104,Chevrolet Cruze 2010,Left door
6.9719999999999995,0.8750917445636823,3.452,9.728,6.276,7.026704032574839,-0.31832456140350873,0.6838952481552778,-1.4909999999999999,1.177,2.668,0.7543495455305221,7.4111052631578955,0.9686228636975086,4.08,10.395,6.3149999999999995,7.474136169062229,0,,,,,,,,,,,,,,,,,,,114,b4d6f7eb-41e8-4c4f-8555-4bce6dfe8f73,dc974f5e-4b2a-4c35-a064-727244ba7cab,Pothole,6.0,,15.371999999999993,VW Derby 2001,Left door
1.3245876288659795,1.387432574771717,-2.2840000000000003,6.275,8.559000000000001,1.9182026837856512,7.084041237113403,3.3187500687635483,-0.022000000000000002,23.96,23.982,7.822898584798427,7.255886597938145,5.026018171201042,-0.318,46.358000000000004,46.676,8.826593282766655,1,-0.045917525773195876,0.15937892797524394,-1.016,0.281,1.2970000000000002,0.1658615743795714,-0.025680412371134026,0.40845819093272706,-2.103,2.024,4.127000000000001,0.4092646788077217,-0.01994845360824743,0.18697854616081708,-1.056,0.6609999999999999,1.717,0.1880396700852594,97,b4f7d0cf-5340-47c2-bb1e-6b62ef3e1bf4,d2ff0919-5520-48f8-8d1a-f6d3820f0aa9,Speed_bump,,good,0.0,Peugeot Partner 2013,Right door
0.1712595419847328,0.7722184418614563,-1.6869999999999998,2.9419999999999997,4.629,0.7909811329429772,-2.6357175572519083,0.466435488855921,-3.844,-1.216,2.628,2.676671273591553,10.094702290076336,0.9747339797176098,8.198,13.651,5.452999999999999,10.141652757637118,0,,,,,,,,,,,,,,,,,,,131,b51bf2f6-384f-4f0a-9fe7-3cd899b2c6ed,76ab0adc-5eb0-4fef-b2fa-1280882a9e59,Pothole,6.5,,6.396183206106871,Peugeot Partner 2013,Console
6.506539568345323,1.14956192635937,3.4360000000000004,9.726,6.290000000000001,6.607310328490589,-1.4943237410071943,0.6979127485182358,-3.043,0.012,3.055,1.649268215749644,6.887719424460432,1.1132895389503843,4.034,10.523,6.489,6.977112043505243,1,-0.0639568345323741,0.06153748001092442,-0.17800000000000002,0.031,0.20900000000000002,0.08875436963607146,-0.008064748201438848,0.12732913271473356,-0.345,0.29600000000000004,0.641,0.12758427881772444,-0.07367625899280575,0.06589333170346814,-0.233,0.042,0.275,0.09884392901012319,139,b52a968e-766c-4d1c-af92-36c5a4995019,063ec5d3-4aaa-46c3-8a3e-ffa415bbb42d,Pothole,9.0,,0.0,Chevrolet Cruze 2010,Right door
6.185350446428572,1.4023860199896108,-2.2359999999999998,17.914,20.150000000000002,6.3423376364079225,0.19443303571428566,0.9515401284504498,-12.453,2.509,14.962,0.9712017408492282,7.313040178571429,1.7966269582072711,1.5319999999999998,18.551,17.019,7.5304996567530065,1,0.0013080357142857145,0.048646398410205446,-0.387,0.49200000000000005,0.879,0.04866398088642447,-0.002814732142857144,0.1438835840709663,-0.687,0.737,1.424,0.14391111312939964,-0.0015089285714285712,0.061313632476175065,-0.513,0.49700000000000005,1.01,0.06133219703269355,448,b53e3970-bf30-4785-ba36-ecc7f1bc63b6,5652fd31-9fa7-4530-8d4f-c748e4f99577,Pothole,16.0,,8.82538392857143,Chevrolet Express van 2013,Right door
5.839078431372549,1.0831354421333383,2.314,9.257,6.943,5.938688349604271,0.6957973856209151,0.5106187117128934,-0.5489999999999999,2.001,2.55,0.8630558907673566,8.284777777777776,1.759046600883938,3.53,13.455,9.925,8.46946207094889,0,,,,,,,,,,,,,,,,,,,153,b5446dfb-032e-4723-b37b-ba41c9d41819,d65427f0-0846-4faa-b0aa-862723b20587,Speed_bump,,good,15.3,Kia RIO 2018,Left door
10.206141666666667,1.9431779867690682,4.59,16.907,12.317,10.389478736122102,1.58275,0.6698553855124253,-0.902,4.08,4.982,1.7186633759989185,-0.5151333333333333,0.8329020844146221,-1.9609999999999999,2.354,4.3149999999999995,0.9793305026053939,0,,,,,,,,,,,,,,,,,,,120,b5522bf7-a3e7-46f1-a872-ddea73228bd5,e86fcec3-90aa-4274-b069-ce489ea23be9,Pothole,4.5,,15.408000000000001,VW Derby 2001,Console left
8.172319327731094,0.7591490474083866,6.159,11.767999999999999,5.608999999999999,8.207503303111624,1.1309411764705883,0.525636745420667,0.078,3.452,3.374,1.2471254679354076,6.465428571428573,0.7178661958541159,5.099,9.336,4.237,6.505159374480762,0,,,,,,,,,,,,,,,,,,,119,b55a4dd4-19a4-42c0-8aab-fda40fbca833,af6bbb39-4b3a-4500-b4c7-ebd7b65329eb,Pothole,6.0,,23.400000000000002,Chevrolet Spark 2013,Console
0.15234821428571427,0.9606845188813233,-1.844,2.04,3.8840000000000003,0.9726894279338527,-2.0701964285714287,0.7548074002126743,-4.197,-0.078,4.119,2.203507990520051,9.456392857142857,2.5549545996705207,1.412,24.83,23.418,9.795466240817738,0,,,,,,,,,,,,,,,,,,,112,b58b6f15-776c-461f-93d0-1fa9c95a8b9b,832d58a9-5588-45c8-a243-7392fccd662d,Pothole,7.0,,14.07857142857143,Peugeot Partner 2013,Console
10.186728813559322,1.6305710534522007,5.57,15.062999999999999,9.492999999999999,10.316404697439701,1.668367231638418,0.8900954469543961,-1.294,4.276,5.57,1.8909571979010487,-0.2021129943502825,0.6352998657607812,-2.2359999999999998,2.04,4.276,0.6666750197216812,0,,,,,,,,,,,,,,,,,,,177,b5c399f9-a23f-4ccc-9db1-f2d77d59d8bd,fd23c9b5-c782-4eef-9ebe-03d2f6d62561,Pothole,6.0,,17.1,VW Derby 2001,Console left
5.9984457142857135,1.5822112974916478,-2.102,13.022,15.124,6.203607303589006,0.7909542857142857,1.2992187094762226,-4.166,8.524,12.69,1.5210450148312036,7.430034285714285,1.6284444738887403,-3.093,15.072000000000001,18.165,7.606394736761206,1,-0.03194285714285714,0.051130277782566846,-0.43700000000000006,0.307,0.744,0.06028807036695924,0.009365714285714281,0.1508629765105828,-0.46799999999999997,1.758,2.226,0.1511534130799377,-0.03564,0.05406304890720517,-0.401,0.335,0.736,0.06475355478383298,175,b5d3e018-ce0c-4660-86e1-cd7557cc880d,36bc421b-c7b4-4013-bb4b-ef442eda7ff9,Metal_bumps,,bad,0.0,Kia RIO 2018,Right door
4.945976744186046,0.8348013546855014,2.9419999999999997,7.767,4.825000000000001,5.01593254099514,0.44130813953488374,0.9556121703736856,-1.883,2.785,4.668,1.052590848424043,8.93043023255814,1.0418401714307826,5.962000000000001,12.317,6.3549999999999995,8.99099633418874,0,,,,,,,,,,,,,,,,,,,172,b5d841ff-99cb-4981-bd17-820379900e46,fd23c9b5-c782-4eef-9ebe-03d2f6d62561,Pothole,6.0,,14.070348837209302,VW Derby 2001,Console
1.5549887640449436,0.7161568231744855,-0.353,4.511,4.864,1.7119785780451207,0.043629213483146065,0.6097502782641444,-2.864,1.4909999999999999,4.3549999999999995,0.6113091771864377,10.075494382022473,1.160832219134046,6.159,13.415,7.255999999999999,10.1421456547984,0,,,,,,,,,,,,,,,,,,,89,b5e79781-4932-48ce-8a49-08ef88602f9a,961742d0-6534-466a-a275-3a5dffa09c48,Pothole,6.5,,13.5,Kia RIO 2018,Console
3.6762187500000003,3.2479872540003045,-0.785,18.476,19.261,4.905507669956291,0.7098437500000001,1.734584759556574,-0.941,10.317,11.258000000000001,1.8742098168294818,7.057156249999999,3.6898669319619017,-0.0,21.182,21.182,7.963577858757959,0,,,,,,,,,,,,,,,,,,,64,b5f25f76-cfdc-43e4-9232-41e167a57f92,1920fdbe-9dc2-478e-8802-aa1b18045548,Metal_bumps,,good,7.2,VW Pointer 2004,Copilot trousers
0.025264462809917353,0.44763942411986496,-2.589,1.177,3.766,0.44835181175884414,-8.273231404958677,0.8846865883887274,-10.67,-4.236000000000001,6.433999999999999,8.320398322176013,5.451818181818181,0.9369815172330583,2.275,10.787,8.512,5.5317498001301235,0,,,,,,,,,,,,,,,,,,,121,b6241af4-9518-43aa-b723-31cd9e29744b,b890f1c4-65a2-4be8-89a5-861f138e2de6,Metal_bumps,,good,17.1,Kia RIO 2018,Console seats
2.0681951219512196,0.9028185104108313,-1.726,5.021,6.747,2.256659550132286,5.028959349593495,0.8877295273869733,3.02,8.355,5.335000000000001,5.106710864505503,-8.506105691056911,0.9194395413131923,-12.945,-5.688,7.257000000000001,8.55565328292124,0,,,,,,,,,,,,,,,,,,,123,b6552203-dbb3-40c3-bda9-76b3b8e787b6,c688f8dc-c99a-43a5-b5b6-36c9e0490633,Pothole,5.0,,15.3,Peugeot Partner 2013,Left door
-0.9251186440677966,1.131651314578829,-7.962999999999999,1.53,9.492999999999999,1.4616700049566012,-0.6957542372881357,0.7707869293443858,-3.491,3.138,6.629,1.0383575728777357,10.086906779661017,1.6548831285852394,3.844,19.927,16.083,10.221757507926288,0,,,,,,,,,,,,,,,,,,,118,b65a6435-1041-485a-9b9f-ef81b8a31343,d862f5c8-89cb-47ed-810f-4d784db4cf03,Metal_bumps,,good,19.8,Chevrolet Spark 2013,Console
-0.48245669291338583,0.9658885000770995,-2.785,2.432,5.2170000000000005,1.0796782183216025,3.3691417322834645,0.7761952299712167,1.334,5.099,3.765,3.457397149192452,9.907031496062991,0.9852500057402424,7.218,13.455,6.237,9.955902301539288,0,,,,,,,,,,,,,,,,,,,127,b6609abd-7532-46af-9428-608d900cbcd0,69b49691-dd74-49c1-9cac-69e9fab0d778,Pothole,8.5,,5.910236220472441,Chevrolet Cruze 2010,Console between seats
-0.15561632653061222,1.3803791758503166,-7.767,7.375,15.142,1.3891231443626881,-5.141253061224489,1.2000754675422507,-13.102,-0.196,12.906,5.279456806087814,8.572048979591838,1.423367085057642,1.804,14.985,13.181,8.68941871285686,0,,,,,,,,,,,,,,,,,,,245,b6ee2581-5a98-423f-af55-48ada49dc720,8fcbcba2-9141-4e0d-acba-bdc99f4aa7a6,Metal_bumps,,bad,18.13591836734694,Honda Accord 2007,Console
6.491760180995475,0.5400684986284859,4.9430000000000005,8.198,3.255,6.514186382870022,1.156714932126697,1.3743868843511928,-0.8240000000000001,3.648,4.472,1.7963654255416541,7.753411764705883,0.5976458247217101,5.609,9.885,4.276,7.776411416899627,0,,,,,,,,,,,,,,,,,,,221,b6f889f1-396d-4fb6-bfca-ab347c538d3b,81c28ebc-dd7c-4398-8743-50e00f568ac0,Speed_bump,,good,13.638624434389142,VW Derby 2001,Left door
0.16522608695652174,0.8892498701115361,-3.923,2.2359999999999998,6.159,0.9044694529415285,7.48154347826087,2.0280582586019453,0.8240000000000001,15.690999999999999,14.866999999999999,7.751549078564317,-6.280869565217391,1.2006710480374978,-11.335999999999999,-2.157,9.178999999999998,6.394601900108369,0,,,,,,,,,,,,,,,,,,,230,b6ff8727-2c74-4c12-a985-41d1ba06a0cc,cfd05c0f-8067-4b02-8286-7004f0cb9673,Pothole,12.0,,8.573478260869566,Kia RIO 2018,Left door top
-0.06780658436213993,0.5786788341066795,-1.726,2.2359999999999998,3.9619999999999997,0.5826379029259304,-2.3729835390946503,0.6996973770724919,-3.923,-0.47100000000000003,3.452,2.4739901568713436,9.677185185185186,1.3006095415989445,6.747000000000001,12.67,5.922999999999999,9.764194707607272,0,,,,,,,,,,,,,,,,,,,243,b73e5aa5-bcd9-408f-a96e-2d2891fcf45f,90791568-e66d-4aad-add3-e928fa45f713,Pothole,5.0,,12.359259259259261,Peugeot Partner 2013,Console
7.075314049586776,0.9793417677537662,3.553,9.363999999999999,5.810999999999999,7.142771114794811,0.27917355371900826,0.8301876684945573,-2.2359999999999998,1.815,4.051,0.8758706742530709,6.307628099173554,0.6341827321228742,4.18,7.5729999999999995,3.393,6.339428994413188,1,-0.0024049586776859503,0.033346807376244805,-0.077,0.09699999999999999,0.174,0.033433417241283486,0.00568595041322314,0.053743657409037776,-0.155,0.14300000000000002,0.29800000000000004,0.05404360039636195,-0.007214876033057852,0.034559137627835475,-0.12,0.098,0.218,0.035304226797255686,121,b73e8e28-4f16-4887-94dd-cdf259b014d0,dc974f5e-4b2a-4c35-a064-727244ba7cab,Pothole,6.0,,0.0,VW Derby 2001,Right door
0.17011627906976745,0.6525511014223714,-2.864,2.275,5.138999999999999,0.6743607998483401,7.201058139534883,0.7011365997460948,2.824,10.356,7.532,7.235110977757364,-6.760447674418605,0.7850290934064748,-11.376,-2.55,8.826,6.80587418602831,0,,,,,,,,,,,,,,,,,,,172,b7e745e2-370c-41fe-a013-cc91cbc77c50,13066d62-0b2f-42b7-bab7-9f8e49afa22b,Metal_bumps,,good,10.339534883720932,Kia RIO 2018,Left door top
-0.20081000000000004,1.4630673921251884,-11.100999999999999,2.707,13.808,1.4767839550861865,6.220519999999999,1.2317982584822889,2.3930000000000002,9.179,6.786,6.341308699314361,7.487589999999999,1.8529603400774664,0.667,12.435,11.768,7.713460055642993,0,,,,,,,,,,,,,,,,,,,100,b7e8b050-9420-4942-92ad-db71483c33b6,dc91461a-7ff8-41e1-b928-ff039ebd8227,Speed_bump,,good,0.0,Chevrolet Cruze 2010,Console
0.49835074626865666,1.0687284064849223,-4.319,7.159,11.478,1.1792090031603084,6.632738805970149,1.4946869683215334,2.5980000000000003,14.300999999999998,11.702999999999998,6.799067083173436,7.145985074626867,2.1754692099313475,-4.4319999999999995,17.584,22.016,7.46979042344223,1,-0.008007462686567168,0.07409126041363748,-0.473,0.215,0.688,0.0745227101517263,0.016888059701492538,0.056468543673389084,-0.27899999999999997,0.268,0.5469999999999999,0.05893982511913848,0.0007014925373134326,0.06599401034001044,-0.424,0.373,0.7969999999999999,0.06599773854108422,134,b84971a8-0ec4-425e-b1ac-cfd040cf59ef,ba603f8e-b287-4763-b13b-1a29e3aea9bc,Pothole,7.0,,0.0,Peugeot Partner 2013,Right door
-1.8208294117647055,1.452806865535372,-7.218,4.433,11.651,2.329392095653739,-0.3068941176470589,1.194204121122756,-5.845,3.02,8.865,1.233007494848649,10.636411764705883,1.6697987712093274,2.7460000000000004,18.319000000000003,15.573000000000002,10.76668394468352,0,,,,,,,,,,,,,,,,,,,170,b84e5bb7-4a76-4a72-9c82-a2674b260dbe,265f3aef-1c97-4a52-8352-20709c3afd1e,Pothole,6.5,,5.802352941176471,Peugeot Partner 2013,Console
0.001579999999999992,1.223351488166831,-7.414,2.707,10.120999999999999,1.223352508478239,0.49977000000000005,1.0730653368271663,-1.177,6.943,8.12,1.183739527936784,9.779190000000002,1.3491176575451083,3.373,12.552999999999999,9.18,9.871812169505658,0,,,,,,,,,,,,,,,,,,,100,b8598b0b-6360-4217-b668-1f6fa8fd31f8,08d51d1b-9dba-4764-8eda-985e8c6f21c3,Metal_bumps,,bad,24.3,Chevrolet Express van 2013,Console
9.288715328467154,1.6869904700292226,1.608,15.455,13.847,9.440665723309458,2.222175182481752,1.3057463223621169,-2.589,8.787,11.376000000000001,2.5774087762712377,3.4808905109489046,1.7103876953206014,-1.0979999999999999,11.533,12.631,3.8784049321232885,0,,,,,,,,,,,,,,,,,,,137,b888b213-b0e4-42c7-9281-6fb40d0d857b,4c4b9d5e-eec2-4a27-9096-9f95822c4972,Pothole,6.0,,9.624087591240876,Chevrolet Spark 2013,Left door top
-6.946457627118644,1.3216113985898068,-11.925,-2.354,9.571000000000002,7.071062880093578,-0.9932372881355933,0.8161613403763065,-5.256,1.4509999999999998,6.707,1.2855503273181477,-7.298152542372883,1.5089358166485156,-14.592,-2.432,12.16,7.452510840683727,0,,,,,,,,,,,,,,,,,,,118,b8b15cee-a9e6-401d-9faf-f79c9b1e3ec8,62293c82-da5d-4322-8fc9-cab2384a7d02,Metal_bumps,,good,9.9,Chevrolet Cruze 2010,Left door
3.8038333333333334,1.3976782008654935,1.569,7.452999999999999,5.8839999999999995,4.052487184551283,0.08377380952380953,1.0475164659598033,-2.2359999999999998,3.766,6.002,1.050860979206597,9.429065476190477,0.9844522597186973,6.707999999999999,13.298,6.590000000000001,9.480317611027195,0,,,,,,,,,,,,,,,,,,,168,b8bedaab-3dd3-4492-b155-1ce4983f62fc,3ef5524b-983d-4191-9599-947c5cc43e56,Pothole,12.0,,6.964285714285714,Kia RIO 2018,Console
-0.8535041666666667,0.6912267114697649,-4.197,1.0979999999999999,5.295,1.0983003820297372,-4.678091666666666,1.0069896184158118,-8.12,-2.1180000000000003,6.001999999999999,4.785245002435437,9.082891666666665,1.1833391722567213,4.4719999999999995,13.062000000000001,8.590000000000002,9.159651337523716,0,,,,,,,,,,,,,,,,,,,240,b8ee362e-5257-4875-9149-2453148d8db3,48134e6a-7d07-481c-ba5a-837f635ea717,Speed_bump,,good,16.605,Honda Accord 2007,Console
-0.04305882352941176,0.5947775025886101,-2.2359999999999998,1.6480000000000001,3.884,0.5963340841082967,-2.145209150326797,0.9301952121607212,-4.9430000000000005,0.745,5.688000000000001,2.3382013239609094,10.947326797385621,2.3861673698072563,6.1979999999999995,22.516,16.317999999999998,11.204363378857819,0,,,,,,,,,,,,,,,,,,,153,b90620a2-36d7-4b72-811b-722116e0a4fc,b2ea9aa9-0023-4ec1-8d8f-1780fe9ef70a,Pothole,7.0,,11.964705882352941,Peugeot Partner 2013,Console
6.0677952755905515,1.5285787971806615,-1.192,12.606,13.798,6.257371065045551,-0.7571732283464567,1.236591620598196,-7.6160000000000005,2.701,10.317,1.4499897012938636,7.7549212598425195,1.649303162833882,2.502,16.892,14.39,7.9283670871933865,1,-0.01801574803149606,0.05002251213707126,-0.415,0.13699999999999998,0.5519999999999999,0.053167837059991396,0.008779527559055117,0.10768881337335393,-0.531,0.374,0.905,0.10804610418669088,-0.021614173228346457,0.07811661454780883,-0.599,0.312,0.911,0.08105169925890454,127,b943f72e-5828-47ea-9589-99e6ec0c0530,9a13fff3-e344-405e-a24d-dab4a409932b,Metal_bumps,,good,0.0,Chevrolet Cruze 2010,Right door
4.054563025210084,0.644607556184387,2.589,5.688,3.0989999999999998,4.1054841647351115,0.16776470588235295,0.5071615144897484,-1.177,1.844,3.021,0.5341889163201795,9.090378151260506,1.0641418287951754,5.256,11.729000000000001,6.473000000000001,9.15245173517489,0,,,,,,,,,,,,,,,,,,,119,b95b8134-3037-47ec-8560-5d0d9d5b0ab7,2733c0d5-dec6-4a5b-b869-0d07ecf9602b,Pothole,5.0,,14.4,VW Pointer 2004,Copilot trousers
-4.532622222222222,2.255597196495754,-22.438000000000002,-0.8240000000000001,21.614,5.062843363390005,-0.57005,1.8436461527063397,-16.279,11.807,28.086,1.9297637520921798,-8.277433333333335,4.582956202787308,-41.345,24.32,65.66499999999999,9.461468709690077,0,,,,,,,,,,,,,,,,,,,180,b970fcc5-6d75-4b1b-bd8a-729429287a05,d25c4b6a-2aab-4f47-aab8-e4d420014437,Metal_bumps,,good,18.0,Chevrolet Express van 2013,Left door
-7.2697469135802475,0.7608936778773259,-9.375,-4.59,4.785,7.309458213612224,1.8547345679012344,0.7374808287377221,0.588,3.609,3.021,1.9959755234279444,7.174135802469134,0.9053817318253784,3.766,10.395,6.629,7.231040076821079,0,,,,,,,,,,,,,,,,,,,162,b9a6092d-2cb4-45f0-a3fb-98a6e400dede,7df84ce3-8aae-4af2-9741-ba9b56fa0dde,Pothole,5.5,,0.0,Chevrolet Spark 2013,Copilot
2.6676493506493504,0.7030904555840198,1.0979999999999999,4.629,3.5309999999999997,2.758747767874629,1.6819025974025976,0.9931116831394435,-0.275,7.414,7.689,1.9532196912630342,9.989019480519481,0.5667934353199657,8.238,11.729000000000001,3.4910000000000014,10.005086955170329,0,,,,,,,,,,,,,,,,,,,154,ba30260e-b63b-4e8b-96a1-c5a6b276316b,36bc2903-7ac8-4dd1-81b6-977433c4bf13,Pothole,8.0,,8.280000000000001,VW Pointer 2004,Glove compartment
5.065355029585799,1.3838747221967234,0.5,10.025,9.525,5.2509933176957295,0.023710059171597637,0.7892174267611852,-4.463,2.318,6.781000000000001,0.789573501081101,8.00944378698225,1.1263543687489563,4.947,14.6,9.652999999999999,8.088254690650412,1,-0.04016568047337278,0.05874603655001563,-0.21100000000000002,0.145,0.356,0.07116444827457634,-0.013035502958579883,0.12713217710523275,-0.451,0.6890000000000001,1.1400000000000001,0.12779872766541697,-0.07134319526627218,0.0553393027605784,-0.2,0.065,0.265,0.09029003234481868,169,ba9d26c1-b51c-4621-8968-bf9efe18ad25,a89db916-dafa-4dce-a766-54abb2259a1b,Pothole,12.0,,0.0,VW Pointer 2004,Right door
0.02174011299435027,1.4661100035905341,-6.433,4.276,10.709,1.4662711806283457,0.24687005649717514,0.7832546829537143,-2.04,4.825,6.865,0.8212385300044328,10.905666666666667,1.2939327852445415,6.59,15.573,8.983,10.982159509731005,0,,,,,,,,,,,,,,,,,,,177,bb0237be-b568-49ab-a614-2dc73b990aa1,50241cd5-821b-44ac-b767-04d04e3c8c13,Pothole,9.0,,11.501694915254237,Chevrolet Cruze 2010,Dashboard
5.991682692307693,1.8125429504960018,0.529,12.994000000000002,12.465000000000002,6.259838131508858,-0.9578269230769231,1.3186276187640904,-6.0889999999999995,2.452,8.541,1.629788701500431,7.353519230769231,2.119097971111444,0.62,14.265,13.645000000000001,7.65276559738122,1,-0.006548076923076924,0.07626811005712932,-0.21600000000000003,0.20600000000000002,0.42200000000000004,0.0765486898847846,0.0021442307692307685,0.12554262364365085,-0.276,0.47200000000000003,0.748,0.12556093372113428,0.0013365384615384617,0.06849840124143874,-0.209,0.282,0.491,0.06851143924697763,104,bb03c3d6-27f3-48fe-a6e1-6309397d4d5b,dc91461a-7ff8-41e1-b928-ff039ebd8227,Speed_bump,,good,0.0,Chevrolet Cruze 2010,Right door
-0.05672727272727271,1.7877220465448422,-14.671,6.1979999999999995,20.869,1.788621843535842,3.569578512396694,1.5686099586938398,-2.3930000000000002,10.356,12.749,3.8990291046204932,9.887999999999998,1.965969380052951,3.2560000000000002,20.006,16.75,10.081546488674531,0,,,,,,,,,,,,,,,,,,,121,bb0b3621-3110-4724-98f7-eda53ce721a7,8899ed2c-d91d-499e-acb5-2245f3c05177,Pothole,5.5,,9.180000000000001,Chevrolet Cruze 2010,Console between seats
6.706164383561643,1.5205977376766546,3.217,13.769,10.552,6.876398637308491,0.24127397260273972,0.4810021576084087,-1.0590000000000002,2.2359999999999998,3.295,0.5381228535190195,7.566705479452055,1.8912916625903247,3.57,14.082,10.512,7.799488186141026,0,,,,,,,,,,,,,,,,,,,146,bb137060-8f91-4954-8a24-42e4f68493b3,371999f8-49a2-43f0-a6bc-148fcf269c7f,Pothole,5.5,,8.874246575342465,VW Derby 2001,Left door
5.999448275862069,1.104875352189711,2.3930000000000002,9.65,7.257,6.100338446235642,0.5399655172413793,0.48809235154684155,-0.8240000000000001,2.275,3.099,0.7278714882781684,8.257579310344827,1.3653874209275223,3.648,12.003,8.355,8.36970124173271,0,,,,,,,,,,,,,,,,,,,145,bb2e95b5-41f3-436f-aee8-faf1326f9483,f4187f9b-512f-4135-8c4e-4250d8ce464a,Speed_bump,,good,17.92551724137931,Kia RIO 2018,Left door
-1.7780546875,0.6735593690030429,-3.9619999999999997,0.51,4.4719999999999995,1.9013575926985697,0.1673359375,0.6076685372869787,-2.197,2.785,4.982,0.6302875273932524,9.934093749999999,0.8948402741332878,7.649,14.318,6.669,9.9743149012852,0,,,,,,,,,,,,,,,,,,,128,bbac518b-c92b-4fc6-a665-5c4765d97589,af6bbb39-4b3a-4500-b4c7-ebd7b65329eb,Pothole,6.0,,19.8,Chevrolet Spark 2013,Console
5.973091240875912,0.9007323271936813,-0.084,8.878,8.962,6.040623949318506,-0.9541642335766425,0.9546676985386966,-3.747,1.338,5.085,1.3497480502931178,7.365879562043796,1.1881968689418905,1.324,10.499,9.175,7.461098680616535,1,0.0033759124087591233,0.025008048414088192,-0.065,0.083,0.14800000000000002,0.025234882010284745,-0.002609489051094889,0.08679519511677689,-0.27899999999999997,0.204,0.483,0.08683441327300573,0.006354014598540147,0.023262282728735192,-0.09699999999999999,0.075,0.172,0.024114462450365196,274,bbb6bf6a-4849-499c-98be-6ed1873200dd,96fec4bf-1ec1-49cd-8ee1-8d1593e1d11c,Pothole,6.0,,0.0,Chevrolet Cruze 2010,Right door
-1.1918940397350992,1.0984770622648843,-6.747000000000001,1.216,7.963000000000001,1.6208834807839045,-0.6868145695364238,0.6886480507494186,-4.236000000000001,3.727,7.963000000000001,0.9725998101626778,10.007456953642382,1.1393862977779876,5.335,16.160999999999998,10.825999999999997,10.072109799568784,0,,,,,,,,,,,,,,,,,,,151,bc4afe83-8811-4e8c-8225-701395395e53,1f9c99b4-b5ab-4fcc-b24b-369301561c0e,Metal_bumps,,good,34.97483443708609,Chevrolet Spark 2013,Console
1.6533285714285713,0.7621993156666576,-0.275,3.373,3.648,1.8205612216854345,-0.046304761904761925,0.4251673199780579,-1.804,1.765,3.569,0.42768140122336507,9.817673809523809,0.5289945366355397,8.158999999999999,12.630999999999998,4.4719999999999995,9.831915085577174,0,,,,,,,,,,,,,,,,,,,420,bc70a9fe-1c4b-4854-b86c-52557b8e7729,66076158-69fc-4273-9510-61e8cf11b553,Pothole,5.0,,9.377142857142857,Peugeot Partner 2013,Glove compartment
0.5939518072289157,0.9714458160808925,-3.227,4.391,7.618,1.1386332697104744,6.5082289156626505,1.2275999193774212,2.0540000000000003,10.729000000000001,8.675,6.622993672103492,7.131855421686747,1.4933737952535941,1.65,12.994000000000002,11.344000000000001,7.286530522010648,1,-0.001626506024096386,0.04693643762524761,-0.127,0.20199999999999999,0.32899999999999996,0.04696461113216185,0.015222891566265061,0.04562647937935281,-0.192,0.331,0.523,0.048098981779168375,0.00198192771084337,0.10442415088402776,-0.674,0.7559999999999999,1.43,0.10444295727956578,166,bca33927-647f-4d58-8ab9-94b70710dd1e,60cf72a5-7c3a-4197-8eb2-3bad38f7053a,Pothole,7.0,,0.0,Peugeot Partner 2013,Right door
-6.971532258064515,1.082702766791275,-10.552,-3.177,7.375,7.055105052828882,-0.1756048387096774,0.5008639764245506,-2.471,0.51,2.981,0.5307558593723337,-7.470459677419357,1.169259666510792,-10.748,-2.824,7.9239999999999995,7.5614109767739395,0,,,,,,,,,,,,,,,,,,,124,bcca967d-486d-48c6-8546-fea5d284b576,c9f2b558-c243-4fc5-93de-93ba06bbe0bb,Speed_bump,,bad,9.9,Chevrolet Cruze 2010,Left door
5.937379518072289,0.8466687204751885,2.548,8.655,6.106999999999999,5.997443077166754,-1.1117891566265061,0.7329642556928578,-3.089,0.424,3.513,1.3316575118684468,7.297042168674698,1.1549993916047512,3.4960000000000004,9.97,6.474,7.387885218790563,1,0.00034337349397590457,0.026325056517844957,-0.077,0.066,0.14300000000000002,0.026327295835768937,-0.013337349397590363,0.10757214190233563,-0.302,0.22,0.522,0.10839580528050721,-0.0029518072289156628,0.027172099268581267,-0.08900000000000001,0.066,0.15500000000000003,0.02733196195991633,166,bcdf563d-8ba9-41f8-8975-223407dc1afe,3bf0a5a0-84ac-4ff2-a7f2-aa0327887ad7,Pothole,6.0,,0.0,Chevrolet Cruze 2010,Right door
-0.8296300578034683,0.5635910783584132,-3.4130000000000003,0.745,4.158,1.0029560989475985,-0.04012138728323699,2.2113853927362648,-3.217,24.909000000000002,28.126,2.21174932596912,10.140664739884393,0.7083696846590821,7.492000000000001,14.318,6.825999999999999,10.165375987974011,0,,,,,,,,,,,,,,,,,,,173,bcec657b-3a42-4b67-9688-b5ba9facbf00,5b2efa9e-4ab0-40d6-99ee-6ebb4ad714e7,Metal_bumps,,good,17.131213872832372,Chevrolet Spark 2013,Console
-0.77756462585034,0.8842408640678427,-4.119,1.334,5.452999999999999,1.1774925278154527,7.0007142857142854,1.4328598585171055,2.2359999999999998,12.16,9.924,7.145844098799927,-6.689571428571428,1.8156633277477108,-13.219000000000001,-1.844,11.375000000000002,6.931594276765416,0,,,,,,,,,,,,,,,,,,,147,bd30783f-fdfa-4a47-9652-e98952ab2dec,f4187f9b-512f-4135-8c4e-4250d8ce464a,Speed_bump,,good,20.19795918367347,Kia RIO 2018,Left door top
0.0651140350877193,0.9162950355966994,-3.02,1.922,4.942,0.9186056987764453,6.346385964912281,0.8314247706658136,4.9030000000000005,10.042,5.138999999999999,6.400615748887936,8.633982456140352,0.8151900648299614,6.276,10.787,4.511000000000001,8.672380751254918,0,,,,,,,,,,,,,,,,,,,114,bd79b92b-8270-4fe8-8faa-6c4ad297a0ec,a8f2e9e7-d4c1-4a6c-9676-b85e0ccb3cf0,Pothole,4.5,,44.45999999999998,Peugeot Partner 2013,Console
-3.372928057553957,0.5512821763759028,-5.178,-1.294,3.884,3.417682799708665,3.736143884892087,0.45790309617231045,2.667,5.099,2.4320000000000004,3.764099676430038,8.717633093525178,0.481287289784071,6.355,10.12,3.764999999999999,8.730908555736516,0,,,,,,,,,,,,,,,,,,,139,bd91934a-18a2-411d-a00a-1c4643faa6d2,189c8aa4-a8ad-490f-879f-570087532791,Pothole,5.5,,0.0,Chevrolet Cruze 2010,Driver trousers
-0.5123862068965517,1.1742237593623839,-5.2170000000000005,5.178,10.395,1.2811483372619135,-8.667455172413792,1.8131944566553417,-20.006,0.078,20.084,8.85508064917809,5.552048275862069,1.5724088979960102,-0.353,17.73,18.083000000000002,5.77041677870845,0,,,,,,,,,,,,,,,,,,,145,bdc55470-4cc2-412f-bd2b-65a63ea7eb50,6d7a11aa-bbf7-4b70-90c8-c6ef712a5f18,Pothole,8.5,,14.10206896551724,Honda Accord 2007,Console seats
-0.496,0.4580461403250405,-1.412,0.431,1.843,0.675146107643869,5.914077777777777,1.0917805765280635,3.923,8.041,4.118,6.014008712072912,8.112944444444445,1.8109798352218744,4.864,11.767999999999999,6.903999999999999,8.312611835170834,0,,,,,,,,,,,,,,,,,,,90,bdff9470-f43d-4d0d-9e68-f60ec68adea2,d3360deb-372b-402d-8f72-e95c80190688,Speed_bump,,good,0.0,Chevrolet Cruze 2010,Console
5.750613793103448,0.5748846143442614,4.276,8.394,4.118,5.77927775048417,0.37874482758620687,0.4128561539477842,-0.47100000000000003,2.707,3.178,0.5602658728459748,8.485937931034481,0.74751541763078,6.865,11.925,5.0600000000000005,8.51879814697857,0,,,,,,,,,,,,,,,,,,,145,be4262f2-a35d-4930-855c-e0e233a06569,ecb6eedb-682a-4fda-a211-4c0bb5b4032f,Pothole,6.0,,10.8,Kia RIO 2018,Left door
0.5120357142857143,1.4113724382454036,-4.315,4.55,8.865,1.501383605925833,-1.694794642857143,1.3220545100226773,-6.002000000000001,2.667,8.669,2.149455049292395,10.512044642857143,3.0284623732549987,0.196,20.006,19.81,10.939591716313862,0,,,,,,,,,,,,,,,,,,,112,be479099-8556-4718-9794-20cad3b96d0d,08d51d1b-9dba-4764-8eda-985e8c6f21c3,Metal_bumps,,bad,41.58482142857143,Chevrolet Express van 2013,Console
4.333418502202643,1.0107077758263356,0.588,7.767,7.179,4.449724274980194,-0.5612555066079294,0.5561406628893598,-1.726,3.295,5.021,0.790126686434992,9.916533039647577,1.4563340834316723,4.55,15.887,11.337,10.022900602569436,0,,,,,,,,,,,,,,,,,,,227,be4fb110-73dd-4c4d-909c-2367f5fc1588,3e293976-a084-46ee-98c2-7df815eb0ac0,Speed_bump,,good,21.24713656387665,Honda Accord 2007,Left door
6.0372375,0.8415617066464883,3.452,10.042,6.59,6.0956101202012585,0.8416625,0.6198035665384235,-0.353,2.197,2.55,1.0452522303252934,8.24521875,0.48597423635254317,6.394,9.414,3.0199999999999996,8.259528024878298,0,,,,,,,,,,,,,,,,,,,160,bf1f344a-9c06-46b4-8b49-2956068565fe,1759b48b-9b30-40b9-8855-2f8d97f02c3a,Pothole,12.0,,9.2925,Kia RIO 2018,Left door
-0.5399537366548043,0.8572335135726363,-3.177,3.02,6.197,1.0131136829199243,3.4088185053380786,0.7975203111990253,-0.11800000000000001,6.002000000000001,6.120000000000001,3.500868784903302,9.933149466192171,0.964406608113889,6.7860000000000005,13.140999999999998,6.354999999999998,9.979856633413506,0,,,,,,,,,,,,,,,,,,,281,bf3747c8-1a92-4354-b137-3206ce8706a1,c46983c7-0344-495a-8448-899cae37655a,Pothole,8.5,,6.396085409252669,Chevrolet Cruze 2010,Console between seats
-4.808693121693122,0.605773169873784,-6.433,-1.726,4.707,4.846698945876221,3.567497354497354,0.40952148646511727,2.471,4.7860000000000005,2.3150000000000004,3.5909253991446586,8.112238095238096,0.6910147215704306,5.806,11.610999999999999,5.804999999999999,8.14161582606667,0,,,,,,,,,,,,,,,,,,,189,bf39f1ac-d680-4985-877d-55b9afa40c6a,512e48e5-c447-48b6-a3b6-f84da5324a66,Pothole,6.0,,10.8,Honda Accord 2007,Copilot trousers
0.005289738430583503,1.2014285195050987,-3.2560000000000002,5.099,8.355,1.2014401644746513,-7.923708249496982,0.9048228576993652,-10.591,-3.648,6.943,7.975202619806081,6.064118712273642,0.5409306943486223,4.629,8.826,4.197000000000001,6.088196922951476,0,,,,,,,,,,,,,,,,,,,497,bf4e6c3d-bd2a-449d-8cde-b0fd96614c95,1256b495-10d4-477d-ad8d-8826a9b584c9,Pothole,16.0,,7.59476861167002,Chevrolet Express van 2013,Console
-6.132563025210085,1.0590329395425935,-8.434,-2.354,6.079999999999999,6.223333513898326,1.624100840336135,0.7304633431689639,0.235,3.4130000000000003,3.1780000000000004,1.7808088710735126,8.4218487394958,0.8057462289850454,5.806,11.18,5.374,8.46030514677045,0,,,,,,,,,,,,,,,,,,,119,bf68e78b-abaa-418d-a577-2af5685ea874,5d6098f6-c955-4502-bd27-bd248180a9c6,Pothole,6.5,,0.0,Kia RIO 2018,Copilot trousers
0.5632661870503597,0.7798158016737912,-1.294,5.06,6.353999999999999,0.9619675056956906,0.17300719424460434,1.1137925842864784,-4.393,2.824,7.217,1.1271492403723398,10.055280575539566,1.2351228700057253,6.669,15.298,8.629000000000001,10.130853663775552,0,,,,,,,,,,,,,,,,,,,139,bfe4acf7-6b02-4a27-b1fe-0ae42330edee,b620b7f9-2113-4126-b57e-afd3c497363a,Pothole,11.0,,0.2848920863309352,Chevrolet Spark 2013,Console
2.227759493670886,0.5988861013664203,0.628,4.7860000000000005,4.158,2.306854335247597,5.020981012658228,0.6762803747034961,2.785,6.59,3.8049999999999997,5.066320703891884,-8.444613924050634,0.8708431221238557,-11.925,-4.825,7.1000000000000005,8.489397627018082,0,,,,,,,,,,,,,,,,,,,158,bfecb16d-574c-4a8b-87ba-53f6ae823f5c,23262ba3-e541-486b-b128-6723952f87f5,Pothole,5.0,,10.8,Peugeot Partner 2013,Left door
2.4590084745762715,0.7189449130940246,1.255,5.452000000000001,4.197000000000001,2.5619532521304316,0.0036567796610169497,0.6872633312181634,-1.608,2.667,4.275,0.6872730596164645,9.879605932203392,0.7053545398691083,7.178,13.219000000000001,6.041000000000001,9.904753323659422,0,,,,,,,,,,,,,,,,,,,236,bffa8ce1-661d-4fed-af9f-8098e691e043,4d755dac-906f-4660-b34b-d379c1699188,Pothole,9.0,,11.261440677966103,Kia RIO 2018,Console
0.24262184873949583,0.4986761295788162,-0.902,1.9609999999999999,2.863,0.554565815478631,-8.241235294117647,0.5653151973614107,-9.885,-6.747000000000001,3.137999999999999,8.260601699959764,5.5371764705882365,0.6103039007011775,3.53,6.904,3.374,5.570708583084118,0,,,,,,,,,,,,,,,,,,,119,c04a6fee-cc0d-4e6b-bf08-4fcca96c6b43,669fddbe-c93b-400a-a527-887c9f0a9406,Pothole,6.0,,2.7,Kia RIO 2018,Console seats
5.536475806451613,1.7540784983708484,-3.362,11.169,14.531,5.807697971991224,-0.984290322580645,1.2725587937123906,-6.125,2.5860000000000003,8.711,1.6087987203440477,7.683612903225806,1.9932570918040289,1.6980000000000002,17.957,16.259,7.937945646113053,1,0.03432258064516129,0.054665632947934806,-0.19399999999999998,0.222,0.416,0.06454743192212944,-0.01513709677419355,0.1551009210823828,-0.409,0.909,1.318,0.155837824097216,0.04117741935483872,0.05575928222843793,-0.105,0.35200000000000004,0.457,0.0693157804497276,124,c08f89b9-27c0-4f30-8afd-ca30393e52c3,2639fcf7-5a25-47d9-be8b-622f4196b9b7,Pothole,5.0,,0.0,Chevrolet Cruze 2010,Right door
3.353837349397591,0.8213551563251369,1.9609999999999999,6.433,4.4719999999999995,3.4529479085320913,-0.0706325301204819,0.6975901746103335,-2.9419999999999997,1.6869999999999998,4.629,0.7011569054242398,9.571801204819277,0.713535404681147,7.218,12.395999999999999,5.177999999999999,9.598359811880009,0,,,,,,,,,,,,,,,,,,,166,c09c0ecc-3935-4035-8d1c-6c859352b817,1759b48b-9b30-40b9-8855-2f8d97f02c3a,Pothole,12.0,,5.698192771084337,Kia RIO 2018,Console
6.41325,0.49869966329111015,4.354,8.198,3.8440000000000003,6.432610427864154,0.416125,1.3128467196801765,-1.216,3.766,4.982,1.3772169491405484,7.871808333333333,0.6624329940433389,5.609,9.846,4.237,7.899631884355963,0,,,,,,,,,,,,,,,,,,,120,c0a80c00-c06d-425e-a039-689b6d822759,d44ea04b-18ab-4ad4-ba58-8f23e38f301f,Pothole,4.0,,4.787999999999999,Kia RIO 2018,Left door
-1.958983050847458,1.8346175742591486,-13.886,3.844,17.73,2.6839218016343427,-0.11296610169491524,0.47421319192244943,-1.53,2.001,3.5309999999999997,0.48748281151792805,10.729508474576273,1.698843264215054,2.2359999999999998,14.945,12.709,10.863168071164733,0,,,,,,,,,,,,,,,,,,,118,c0c6d2c5-aba8-483f-96f4-58e8ee10c176,a25e8d71-9771-4902-a088-8b612ba129c4,Speed_bump,,good,23.058915254237288,Peugeot Partner 2013,Console
6.7448763440860215,0.8773636528446291,4.276,9.689,5.413,6.801700072507174,-0.24800537634408604,0.5619883622691254,-1.4909999999999999,1.53,3.021,0.6142781015317943,7.564204301075269,1.520047212475173,3.2560000000000002,12.16,8.904,7.715421585147446,0,,,,,,,,,,,,,,,,,,,186,c0e1f927-7693-4bab-8754-0bdcec31996d,ab50424e-3c17-4153-94e2-27ccae1e6d55,Pothole,10.0,,7.475806451612904,VW Derby 2001,Left door
3.144907284768212,0.914871013605927,0.588,5.57,4.982,3.2752756832554573,-0.08364900662251656,0.5234080145081187,-1.53,1.6869999999999998,3.2169999999999996,0.5300500975948075,9.684013245033112,1.9990684121312254,4.08,15.808,11.728,9.888194326890911,0,,,,,,,,,,,,,,,,,,,151,c1274a63-5480-4f18-ac19-290eb6afe29a,d65427f0-0846-4faa-b0aa-862723b20587,Speed_bump,,good,13.5,Kia RIO 2018,Console
-7.169358974358974,0.9406147786079594,-9.532,-4.197,5.335,7.2307996974717295,2.7052991452991457,0.4913578650410829,1.4909999999999999,4.158,2.6670000000000007,2.749559240513653,6.825094017094017,1.1304048362090853,3.844,9.454,5.610000000000001,6.918072234076299,0,,,,,,,,,,,,,,,,,,,117,c296bf47-93f6-4cac-850d-75d74870ce9c,263e1f3f-5aec-4649-a171-910e1a8589d1,Pothole,6.5,,0.0,VW Derby 2001,Copilot trousers
6.8241457489878545,0.5892667740369834,4.315,9.257,4.941999999999999,6.849540169559775,0.38273684210526315,0.6652873291616669,-0.353,2.864,3.2169999999999996,0.767525061902068,7.512331983805668,1.1156596291008187,4.119,11.610999999999999,7.491999999999999,7.594723710768877,0,,,,,,,,,,,,,,,,,,,247,c2da774a-8754-4a3f-9bd5-31d224765ec7,ccb203e3-0b6c-46c4-b91f-eca77f8ec2d7,Pothole,12.0,,9.28348178137652,Kia RIO 2018,Left door
0.6312192513368985,0.8379721959150627,-1.765,4.825,6.59,1.049111597679211,6.347181818181818,0.5568610163596293,4.746,8.316,3.5700000000000003,6.371562698788966,7.642866310160427,0.6924981579069847,6.472,10.395,3.922999999999999,7.674174817769651,0,,,,,,,,,,,,,,,,,,,187,c32291fa-1660-4d13-9c89-998f92a1dcbd,5f17fd7b-4b53-43e1-a72d-747dc3dc28b4,Pothole,5.0,,0.0,Chevrolet Cruze 2010,Console
-0.24245901639344264,0.4479040651735955,-1.765,1.412,3.1769999999999996,0.5093176084031537,6.513540983606558,0.9029135276892679,1.844,9.532,7.688,6.57582458583002,7.527631147540984,1.0693625740447137,4.236000000000001,12.709000000000001,8.473,7.603207678881113,0,,,,,,,,,,,,,,,,,,,122,c3a4b21c-cfa2-48ca-8e8f-19dfba506e70,9a13fff3-e344-405e-a24d-dab4a409932b,Metal_bumps,,good,0.0,Chevrolet Cruze 2010,Console
10.304551181102363,2.680002619897243,4.04,20.516,16.476,10.647355966934429,1.511007874015748,0.8911797320959616,-0.941,4.08,5.021,1.7542366175166395,-0.42900787401574797,0.9901774079176916,-2.511,2.314,4.825,1.0791195740593855,0,,,,,,,,,,,,,,,,,,,127,c3a8d833-6da4-4c47-9b94-b906ca012694,76d1fb6f-45a1-417a-946d-0c1e45302e65,Pothole,4.5,,15.487937007874015,VW Derby 2001,Console left
4.789057692307693,1.6560704116099831,0.51,10.317,9.807,5.067311199093809,-0.14488461538461536,0.4150034362159016,-1.177,1.177,2.354,0.4395672916018136,8.978365384615385,2.0192303848900734,2.1180000000000003,16.789,14.671000000000001,9.202626599342334,0,,,,,,,,,,,,,,,,,,,104,c3b50081-89d2-43d7-9eb3-0137515d3847,4c40b7a2-b10b-4cc6-a291-a73faba5a9f8,Speed_bump,,good,7.632000000000002,VW Derby 2001,Console
6.036095238095237,0.9518138410420928,2.6239999999999997,9.216000000000001,6.592000000000001,6.110678793011076,-1.2844175824175825,0.7144815031188121,-3.721,0.532,4.253,1.4697660849000238,7.222384615384615,1.0035189196195435,3.843,10.013,6.17,7.291768630077256,1,0.005102564102564102,0.03238160334485647,-0.064,0.086,0.15,0.03278115915589923,-0.0010952380952380942,0.0713281516332752,-0.24600000000000002,0.20800000000000002,0.45400000000000007,0.07133655978462068,0.006816849816849818,0.03695719940523827,-0.076,0.154,0.22999999999999998,0.03758063370013909,273,c3d8fa9e-7a81-4b8f-95f1-646950e1b758,c46983c7-0344-495a-8448-899cae37655a,Pothole,8.5,,0.0,Chevrolet Cruze 2010,Right door
0.2342014388489209,1.2251055169934195,-2.9810000000000003,3.805,6.7860000000000005,1.2472906003520665,-0.18373381294964028,0.7406256015440189,-2.432,1.255,3.687,0.7630756159670241,10.465625899280576,1.5168515161080054,6.943,13.769,6.8260000000000005,10.574978202606921,0,,,,,,,,,,,,,,,,,,,139,c3f14999-02d0-460c-9229-2e1f6109ff77,53e1da6e-5ebc-4486-84cc-08e84ecffb2f,Pothole,8.5,,11.136690647482014,Chevrolet Cruze 2010,Dashboard
-4.558804347826087,1.321065444015701,-8.041,-1.6869999999999998,6.354000000000001,4.7463576549950846,3.6751358695652177,0.8631540481787057,0.51,4.825,4.315,3.7751368942929973,8.185592391304349,1.11086520439404,5.649,11.335999999999999,5.6869999999999985,8.260626144482817,0,,,,,,,,,,,,,,,,,,,184,c41fa31d-e61a-47da-b721-7ece85ae95a6,a8de5d15-6299-4d0f-a88b-70395b907620,Pothole,6.0,,12.6,Chevrolet Cruze 2010,Driver trousers
9.904065573770492,2.119361192565472,3.3339999999999996,15.847999999999999,12.514,10.128287454160173,-0.4800409836065574,1.2533292738989814,-3.217,6.982,10.199,1.342115350763152,0.621795081967213,1.9038648006935983,-3.609,4.9430000000000005,8.552,2.0028305727841005,0,,,,,,,,,,,,,,,,,,,122,c4330f59-0f0f-4f8c-bf21-107d822abc7b,297f7664-be6a-4827-9f44-ccad0d9ad717,Pothole,7.5,,11.700000000000001,VW Pointer 2004,Left door
-5.892209302325581,1.231917517590372,-8.748,-2.354,6.393999999999999,6.019613877364407,2.6952325581395344,0.8758291178027426,0.588,5.452000000000001,4.864000000000001,2.833964570358372,8.202476744186049,1.2298331587237257,5.099,10.866,5.7669999999999995,8.294161460763187,0,,,,,,,,,,,,,,,,,,,86,c446e934-2239-4492-aad1-036326d59a55,961742d0-6534-466a-a275-3a5dffa09c48,Pothole,6.5,,0.0,Kia RIO 2018,Copilot trousers
5.966736,1.3007352883288743,2.227,11.027999999999999,8.800999999999998,6.106869147443721,-2.2871680000000008,0.8715177724957764,-6.232,-0.07400000000000001,6.158,2.447586706942167,7.085992,1.800463933528245,0.5870000000000001,15.089,14.502,7.311152645103233,1,0.0060799999999999995,0.028458418789525184,-0.099,0.10800000000000001,0.20700000000000002,0.02910065291363752,-0.013832000000000002,0.11858085754454638,-0.589,0.395,0.984,0.11938485666113603,-0.006648,0.03492145609793498,-0.127,0.149,0.276,0.035548614600290684,125,c462a4b8-6e73-4252-813a-806c75421d4c,62293c82-da5d-4322-8fc9-cab2384a7d02,Metal_bumps,,good,0.0,Chevrolet Cruze 2010,Right door
0.3621025641025641,0.9085629409599167,-1.6869999999999998,4.982,6.6690000000000005,0.9780617999980291,6.326538461538462,0.5798392834868609,4.982,8.277000000000001,3.295000000000001,6.353054580278687,7.6348141025641025,0.758675564967029,6.002000000000001,10.982999999999999,4.980999999999998,7.672416502875072,0,,,,,,,,,,,,,,,,,,,156,c53df576-8c3f-4f13-9a35-d631cacb8de4,d5cccc00-7337-4cd9-8d22-256496484c70,Pothole,5.0,,0.0,Chevrolet Cruze 2010,Console
-5.794037209302325,1.1274829915745455,-10.003,-3.9619999999999997,6.041,5.902718448229575,2.0844837209302325,0.9596043896412274,0.314,4.393,4.079,2.2947577143223334,8.474032558139537,0.9860412104508662,5.727,10.63,4.9030000000000005,8.531207714334254,0,,,,,,,,,,,,,,,,,,,215,c5ba5961-f13c-48b4-a7de-8ec388a87816,3efa4be1-3dd2-4550-a1c0-a9d3dff5ef5c,Pothole,12.0,,0.0,Kia RIO 2018,Copilot trousers
3.838090909090909,1.5813373600471823,0.51,13.219000000000001,12.709000000000001,4.151092587828808,-0.024609090909090907,0.4261058574292745,-2.667,1.334,4.0009999999999994,0.42681589601479125,9.981736363636365,3.4853982808210615,3.53,34.598,31.067999999999998,10.572750919656194,0,,,,,,,,,,,,,,,,,,,110,c5fbbc6c-6063-4c86-8519-0c6cd733c18d,bbe4c449-d896-462b-946e-991c22d19a96,Metal_bumps,,good,13.751999999999999,VW Derby 2001,Console
6.553896551724138,1.184341235333908,2.432,10.277000000000001,7.845000000000001,6.660046859625973,-0.1989137931034483,0.6713285023634945,-1.216,1.608,2.824,0.7001775883105754,7.639043103448275,1.837321712637256,3.53,12.866,9.336,7.856890645291492,0,,,,,,,,,,,,,,,,,,,116,c620f7fb-1034-4ad7-a643-ec2d11a57c84,156a6c9c-54df-4638-a04a-15b1ad68d14d,Pothole,10.0,,13.751999999999999,VW Derby 2001,Left door
3.139225352112676,0.6762008451778526,0.8240000000000001,5.2170000000000005,4.393000000000001,3.2112277082708096,9.288683098591548,1.4057366890744927,5.962000000000001,13.415,7.4529999999999985,9.394452051347669,3.185056338028169,0.669951971945266,1.412,5.374,3.9619999999999997,3.254753373318286,0,,,,,,,,,,,,,,,,,,,142,c6ccb760-d986-4e27-b13c-bc053b7af66f,54bed0c6-e190-4521-baec-6c5473d5608d,Pothole,5.0,,10.8,Peugeot Partner 2013,Left door
8.373197969543147,0.661247572147531,6.119,11.062000000000001,4.943000000000001,8.39926738405395,1.2586446700507612,0.6470971695480315,-2.354,4.236000000000001,6.590000000000001,1.4152459688281271,6.138253807106599,0.6719643350369483,4.982,8.472999999999999,3.4909999999999988,6.174924766183011,0,,,,,,,,,,,,,,,,,,,197,c6df50fd-c26f-4787-b0ef-8ea81bb88187,0ee7e3ee-3849-47e7-a920-c2bf5c4ad74f,Pothole,8.0,,19.863045685279186,Chevrolet Spark 2013,Console
-7.652855932203389,1.2085814087670517,-10.982999999999999,-2.1180000000000003,8.864999999999998,7.747701139091385,1.4268305084745758,0.641223860339923,-1.255,3.0989999999999998,4.353999999999999,1.5642932394481066,6.090449152542373,1.0501986462413093,2.864,10.552,7.688,6.18033074165705,0,,,,,,,,,,,,,,,,,,,118,c6e11ed6-731a-4e52-bdb6-40f568ce3f5b,ba4538f6-177e-4613-9e7d-cade3572c354,Metal_bumps,,good,0.0,VW Pointer 2004,Dashboard
-7.391863636363636,0.9033899856946851,-10.199,-5.021,5.178,7.446862526248789,1.8463106060606063,0.5768143329841903,0.431,3.02,2.589,1.9343158037889985,6.248969696969697,0.7071065769761574,4.7860000000000005,8.316,3.5300000000000002,6.288849019085168,0,,,,,,,,,,,,,,,,,,,132,c7258c27-466e-4bbd-bdea-b970598d6f28,02dc88e6-51e5-4e63-b65b-7eb12d0575f5,Pothole,4.5,,0.0,VW Pointer 2004,Dashboard
-0.7297282608695653,1.3364854510769857,-8.63,2.903,11.533000000000001,1.5227267304582837,3.668798913043479,1.1483258739682327,-0.078,6.825,6.9030000000000005,3.8443123932862053,9.778527173913044,1.5191934821536395,4.746,15.22,10.474,9.895834604881689,0,,,,,,,,,,,,,,,,,,,184,c7bde77c-5455-4908-92d6-bc3e221a447f,50241cd5-821b-44ac-b767-04d04e3c8c13,Pothole,9.0,,8.91195652173913,Chevrolet Cruze 2010,Console between seats
-0.18539634146341463,0.5590240474222653,-1.4909999999999999,1.569,3.0599999999999996,0.5889649302160446,-1.5038048780487803,0.9136091046359847,-3.452,0.314,3.766,1.7595768546207557,9.584713414634146,2.6475880988249587,0.196,13.847000000000001,13.651000000000002,9.943664011907648,0,,,,,,,,,,,,,,,,,,,164,c7eee5ed-a2b2-44f1-9da0-0d8acc04e961,920f0503-2423-4c8d-8ef6-dc57fc9652db,Pothole,8.0,,10.778048780487806,Peugeot Partner 2013,Console
-1.7916163141993962,1.0386041182359265,-5.412999999999999,3.766,9.178999999999998,2.070890516594746,-0.19506042296072507,0.5293387107224518,-3.687,1.608,5.295,0.5641347704892196,10.93736253776435,0.7659518937973105,8.904,14.945,6.041,10.964149834168754,0,,,,,,,,,,,,,,,,,,,331,c8136ff0-2dee-4cd5-949e-1cab62d57715,3f7163d6-35e5-4b54-b64e-76d43aa7b9af,Pothole,7.0,,5.3075528700906345,Peugeot Partner 2013,Console
-0.003054945054945072,0.7945851272541969,-4.315,1.922,6.237,0.794590999913073,-2.815736263736264,0.6261643893827684,-3.9619999999999997,-0.745,3.2169999999999996,2.8845194659510534,9.379054945054946,3.1926062809424076,1.177,26.125,24.948,9.907542910705585,0,,,,,,,,,,,,,,,,,,,91,c876a262-627c-4310-ab4f-27bda876ef6f,9f7aefa9-58ca-4c3e-b1ed-e286f04dc97b,Metal_bumps,,bad,35.1,Peugeot Partner 2013,Console
-0.023045801526717563,0.5035993479401374,-1.412,1.4509999999999998,2.8629999999999995,0.5041263851592579,-2.0619618320610686,0.8613814344658497,-7.138999999999999,-0.902,6.236999999999999,2.234650883811403,10.168992366412214,3.280225265714972,3.373,25.38,22.006999999999998,10.684955944784459,0,,,,,,,,,,,,,,,,,,,131,c8cbacbc-2a2a-4d3c-bfd0-bc98cae98dc4,4e40cb43-263f-46ab-a1ee-5b9c91df39f8,Pothole,5.0,,20.473282442748094,Peugeot Partner 2013,Console
5.947358333333335,0.8860597778539299,3.177,9.218,6.041,6.01300033884915,0.5340916666666666,0.6876636531986808,-1.922,2.903,4.825,0.8707096004600692,8.0428,0.8489494449023451,5.766,11.415,5.648999999999999,8.087480880966583,0,,,,,,,,,,,,,,,,,,,120,c90118fe-1a85-4a42-b808-457062e5e277,a5b63b0a-eb19-4598-8492-5ae743c1d496,Pothole,6.5,,11.700000000000001,Kia RIO 2018,Left door
-7.888213836477989,1.3764600086932501,-11.14,-3.02,8.120000000000001,8.007406551782829,1.5631509433962263,0.6639289685872267,-2.432,3.3339999999999996,5.766,1.6983057872979799,5.583220125786164,1.3058951658724527,3.06,11.807,8.747,5.733908715460397,0,,,,,,,,,,,,,,,,,,,159,c93145ea-6a75-4e55-8262-c9af6c00538f,4df233fb-2120-4e3e-8024-93eafe47c00f,Pothole,12.0,,0.0,VW Pointer 2004,Dashboard
0.0028740740740740766,0.6958267710096905,-1.844,1.765,3.609,0.6958327065865441,5.785481481481481,0.8398059815779485,3.2560000000000002,7.728,4.4719999999999995,5.8461158096003585,8.069414814814815,1.262177691224562,4.08,11.807,7.727,8.167530102655133,0,,,,,,,,,,,,,,,,,,,135,c9806792-6ab3-4ca6-b2fe-904a84c7115e,3bb0381c-506c-40b3-b83f-8574f3a4b1f4,Speed_bump,,bad,0.0,Chevrolet Cruze 2010,Console
-6.411978378378378,0.8477807018630611,-8.904,-2.3930000000000002,6.510999999999999,6.467781601387236,3.162324324324324,0.6979631312981871,1.804,4.864,3.0599999999999996,3.238432902634369,7.092178378378378,0.8298754224760501,4.9030000000000005,9.885,4.981999999999999,7.140566319807384,0,,,,,,,,,,,,,,,,,,,185,c9cc16bc-4cb0-4d2f-bfea-093b43bf39a0,507bd7d5-4e16-442e-8d4d-dd2400bc6cd2,Pothole,5.0,,19.8,Honda Accord 2007,Copilot trousers
-3.0838904109589045,1.2782982326327006,-6.629,-0.431,6.1979999999999995,3.3383268920757545,3.980109589041095,0.5636809444786335,2.667,5.021,2.354,4.019826930098509,8.507301369863013,1.0660204794472117,6.472,12.317,5.845,8.57383089757863,0,,,,,,,,,,,,,,,,,,,73,ca689711-068a-4e31-8763-828de6ed4a48,063ec5d3-4aaa-46c3-8a3e-ffa415bbb42d,Pothole,9.0,,9.0,Chevrolet Cruze 2010,Driver trousers
2.971491124260355,0.5453340338738294,1.6480000000000001,5.766,4.118,3.021117129483591,-0.13625443786982253,0.6403792333299896,-3.138,1.6869999999999998,4.824999999999999,0.6547143150409396,9.689668639053256,0.586790213027832,7.452999999999999,12.16,4.707000000000001,9.707419898652649,0,,,,,,,,,,,,,,,,,,,169,cac2fbfa-0256-4a4c-9c93-daf2518ed930,fe77d767-c3a1-48b2-b284-82e2c1f47a1e,Pothole,12.0,,11.700000000000001,Kia RIO 2018,Console
2.626039682539682,1.396799899320857,0.785,6.08,5.295,2.9744132821475686,0.07445238095238096,0.3275256831597359,-0.588,1.02,1.608,0.33588127390304173,9.773658730158727,0.5157532196069117,8.277000000000001,11.610999999999999,3.333999999999998,9.787257346015934,0,,,,,,,,,,,,,,,,,,,126,caf21d98-4b8f-4c49-a8b6-480338bcf341,d44ea04b-18ab-4ad4-ba58-8f23e38f301f,Pothole,4.0,,3.6,Kia RIO 2018,Console
-0.408327868852459,0.6818551651725662,-2.628,1.02,3.648,0.7947692210661522,7.153401639344262,1.2966969744716266,3.883,11.533,7.6499999999999995,7.269977858107756,-6.6772131147541,1.6807586022901282,-11.415,-2.667,8.748,6.885501031807082,0,,,,,,,,,,,,,,,,,,,122,cb2d1555-961f-4217-8dbb-c8e6ee29c74b,c045444a-4ab3-4a4e-a73c-67423ffb2cc0,Speed_bump,,good,28.018032786885247,Kia RIO 2018,Left door top
-8.042976190476189,1.0462264729810844,-11.023,-4.433,6.59,8.110737070903811,0.7599365079365079,0.5976935662556199,-0.902,3.138,4.04,0.9668200945564253,5.664801587301588,0.9482550810449892,1.9609999999999999,8.708,6.747,5.7436194792327795,0,,,,,,,,,,,,,,,,,,,126,cb4b4b77-20c5-41fc-8039-19bc92e67e6a,bc8b4198-f261-46dc-918e-518c3e0a0971,Metal_bumps,,good,0.0,VW Pointer 2004,Dashboard
5.1433453237410065,1.194115365720915,1.6469999999999998,10.355,8.708,5.280143239146006,-0.6827697841726618,0.8116491278335134,-3.69,2.085,5.775,1.0606360756131608,8.001503597122301,1.3000537198314124,2.7939999999999996,13.425,10.631,8.106429515465402,1,-0.0121726618705036,0.07956680628690974,-0.17800000000000002,0.231,0.40900000000000003,0.08049254847321105,0.002748201438848921,0.058145821840305964,-0.19399999999999998,0.228,0.422,0.058210731043623676,-0.01949640287769784,0.048218533423134896,-0.142,0.11,0.252,0.05201092856936398,139,cb675f71-8eb1-4116-9a4c-e5f0ecf0c3c2,ae68c85e-773d-4017-aca4-bfae02a17782,Speed_bump,,bad,0.0,VW Pointer 2004,Right door
0.5906547884187081,1.5665581849242753,-4.4719999999999995,10.63,15.102,1.674209552545675,-2.028706013363029,1.1106948077163752,-16.357,1.138,17.494999999999997,2.3128534420804594,10.575730512249445,1.7599676895140974,0.275,20.006,19.731,10.7211735428477,0,,,,,,,,,,,,,,,,,,,449,cb8459d2-714f-40b3-968f-695796b1aab8,5652fd31-9fa7-4530-8d4f-c748e4f99577,Pothole,16.0,,3.7623608017817376,Chevrolet Express van 2013,Console
6.958567307692307,1.1123924473890212,3.373,13.847000000000001,10.474,7.046919605947857,0.2187692307692308,0.8442825041095913,-3.373,2.197,5.57,0.872165651167783,7.579384615384615,1.2203479351562967,3.648,15.887,12.239,7.676999428863417,0,,,,,,,,,,,,,,,,,,,104,cbb3cdd3-e4d3-4a8e-bcd4-53700a2b98cc,9d4b0e47-189e-4c3d-8db3-745cc72e6864,Metal_bumps,,bad,8.1,VW Derby 2001,Left door
6.2578176470588245,1.003462585682721,2.197,10.787,8.59,6.337761344884003,1.4601470588235295,1.2382673932544748,-0.353,4.119,4.4719999999999995,1.914506612834815,7.911535294117647,1.8680856295530355,4.629,15.887,11.258000000000001,8.129091869908457,0,,,,,,,,,,,,,,,,,,,170,cbf7caac-f2e2-450e-8fb2-4c7ecf81164e,3ef5524b-983d-4191-9599-947c5cc43e56,Pothole,12.0,,6.315882352941177,Kia RIO 2018,Left door
-0.5363917525773196,0.8169452600205991,-4.276,4.04,8.315999999999999,0.9773001944659034,-0.5944690721649484,0.6088271905988933,-2.9419999999999997,0.785,3.727,0.8509195178001242,10.228231958762885,0.9539677871808028,7.688,16.514,8.826,10.272623011735469,0,,,,,,,,,,,,,,,,,,,194,cc06c1f5-9c9b-48d1-8651-ec418fcb732c,507bd7d5-4e16-442e-8d4d-dd2400bc6cd2,Pothole,5.0,,16.868041237113403,Honda Accord 2007,Console
-7.4684181818181825,1.0949319313157673,-9.807,-4.55,5.257000000000001,7.54825450503143,2.746918181818182,0.5990225087866548,1.412,4.668,3.2560000000000002,2.8114742509289257,5.906145454545455,0.834572670580183,3.0989999999999998,8.748,5.648999999999999,5.9648189974824275,0,,,,,,,,,,,,,,,,,,,110,cc1ca76f-f215-4511-b39f-2baa21a62335,321e06a2-9664-4a93-9149-9d701cfb1b45,Metal_bumps,,good,0.0,VW Pointer 2004,Dashboard
7.760298136645962,1.027769313633277,4.982,11.454,6.472,7.828060866630829,0.33114285714285707,0.8329817864818356,-2.157,6.041,8.198,0.8963895628839087,7.199434782608695,1.022054190092591,4.433,9.454,5.021000000000001,7.2716198990680025,0,,,,,,,,,,,,,,,,,,,161,cc3547bb-1be6-49af-bda5-b87382df27c8,7df84ce3-8aae-4af2-9741-ba9b56fa0dde,Pothole,5.5,,16.2,Chevrolet Spark 2013,Console
-7.879863636363635,2.3386189382246823,-14.552999999999999,-0.863,13.69,8.21957355742432,1.6782897727272728,0.7443191680900823,-0.078,4.04,4.118,1.835937794487404,5.6481818181818175,1.1054008173247154,2.707,9.101,6.394000000000001,5.755333944975028,0,,,,,,,,,,,,,,,,,,,176,cc828a63-7174-4162-b5ed-47aac72c2494,d19ed1fc-ee10-4c6b-a57a-c1eb200b0ef1,Speed_bump,,good,0.0,VW Pointer 2004,Dashboard
0.21118775510204083,1.1333808109842012,-4.354,6.669,11.023,1.152888689602012,-8.85994285714286,1.827466399590606,-20.006,-0.11800000000000001,19.888,9.046447969975254,5.257624489795918,1.2667950359366424,0.078,10.827,10.749,5.408085145296393,0,,,,,,,,,,,,,,,,,,,245,cc8e97a4-0946-4ffc-931d-3abc79a64d13,8fcbcba2-9141-4e0d-acba-bdc99f4aa7a6,Metal_bumps,,bad,24.498367346938778,Honda Accord 2007,Console seats
-0.17087500000000003,0.9815597570924661,-3.06,2.864,5.9239999999999995,0.9963221478861247,-5.3503026315789475,1.293158083710866,-7.9239999999999995,-1.9609999999999999,5.962999999999999,5.504361550529486,8.789098684210527,1.2205519068711048,5.412999999999999,12.905999999999999,7.492999999999999,8.87344367414128,0,,,,,,,,,,,,,,,,,,,152,cccb72d7-0075-4308-9cdd-006a6f622d52,479743f3-e957-4140-8ce1-0ea0b7201c22,Speed_bump,,good,18.0,Honda Accord 2007,Console
6.389384259259259,0.37771882979520455,5.256,8.787,3.5310000000000006,6.400539252817051,0.6944768518518519,0.28217431147564764,-0.745,1.4509999999999998,2.1959999999999997,0.7496135269689407,7.922736111111111,0.39604399048551586,6.629,9.571,2.942,7.932628714915611,0,,,,,,,,,,,,,,,,,,,216,cce66cc2-69e8-4748-ba97-c7274f6b94e3,e7250d71-00d4-4a28-95c3-0093b63e9e7c,Pothole,4.0,,9.691,Kia RIO 2018,Left door
-0.7021956521739131,0.7130261480529191,-2.314,0.8240000000000001,3.138,1.000742235412861,6.216989130434784,0.5868702266475365,4.55,7.452999999999999,2.9029999999999996,6.2446273316243275,7.710565217391305,0.6999666343654909,5.766,9.65,3.8840000000000003,7.742271582737818,0,,,,,,,,,,,,,,,,,,,92,cd60a3d1-99d6-4036-a8e6-b67026b6a401,a9581f32-e3e3-4f0e-8d2c-372c70256802,Pothole,7.0,,0.0,Chevrolet Cruze 2010,Console
0.17477499999999999,0.8520715488590145,-1.765,2.55,4.3149999999999995,0.8698116031647313,0.0792,0.6110433577087636,-1.569,1.6869999999999998,3.256,0.6161547086568437,10.926075,1.0046907331985302,8.982999999999999,14.435,5.452000000000002,10.972170176177547,0,,,,,,,,,,,,,,,,,,,160,cd78aae4-23e4-4f74-ac2b-dd8eb03d0283,3bf0a5a0-84ac-4ff2-a7f2-aa0327887ad7,Pothole,6.0,,13.1175,Chevrolet Cruze 2010,Dashboard
-7.802695238095239,0.5613945921297804,-9.571,-5.8839999999999995,3.6870000000000003,7.82286500373531,1.0393238095238093,0.5795975203739081,-1.0590000000000002,2.55,3.609,1.190011456527485,6.6438476190476194,0.6213567303118676,4.9030000000000005,8.316,3.4130000000000003,6.672840127818782,0,,,,,,,,,,,,,,,,,,,105,cdafc24f-f43a-4526-b386-ff0fcdd722af,9d4b0e47-189e-4c3d-8db3-745cc72e6864,Metal_bumps,,bad,0.0,VW Derby 2001,Copilot trousers
3.941848484848485,0.9278969145944317,1.726,7.61,5.884,4.049587900220979,-0.6369343434343434,0.5557366671040906,-2.275,0.863,3.138,0.8452979362391115,10.161878787878788,1.4015253650733495,4.001,14.514000000000001,10.513000000000002,10.258072618600671,0,,,,,,,,,,,,,,,,,,,198,cde24839-f204-448b-adbe-145b4fe8e30c,0f34b34c-bc69-42c5-9068-80f3304ffcb9,Pothole,7.0,,17.8,Honda Accord 2007,Left door
-0.5168253968253967,1.0204844949504945,-3.177,2.55,5.727,1.143895578817444,3.668920634920634,0.782805197880142,1.138,5.922999999999999,4.784999999999999,3.751501379871078,9.754071428571429,1.046196149766786,6.747000000000001,13.140999999999998,6.3939999999999975,9.810017116063575,0,,,,,,,,,,,,,,,,,,,126,ce197e57-5b0e-4dfe-a42a-07473cd890c3,b56dc9cb-baf7-4097-bada-9b7c53154222,Pothole,8.5,,5.271428571428571,Chevrolet Cruze 2010,Console between seats
4.013902857142857,1.2535683224837384,0.392,8.238,7.845999999999999,4.205098058989146,0.1891542857142857,0.5314794383029089,-1.216,1.412,2.628,0.5641362753296911,9.308108571428573,1.8160483457018788,2.7460000000000004,13.69,10.943999999999999,9.483613065252534,0,,,,,,,,,,,,,,,,,,,175,ce60c81d-e4e7-4688-bd1c-418edc6270bf,d19ed1fc-ee10-4c6b-a57a-c1eb200b0ef1,Speed_bump,,good,10.080000000000004,VW Pointer 2004,Copilot trousers
-1.2143934426229508,1.61062107742292,-11.14,2.824,13.964,2.0171394816731416,-0.25243442622950824,1.1260257617798466,-4.707,2.001,6.708,1.1539745039374592,10.863827868852459,1.866115900028206,5.2170000000000005,20.006,14.789,11.022937200056683,0,,,,,,,,,,,,,,,,,,,122,ce6991ec-cf5a-41cd-be13-6d08f94c8331,ba797a10-b929-4349-b0e8-b24002bf0f44,Pothole,4.5,,7.6290491803278675,Peugeot Partner 2013,Console
8.443525,0.9462852037705123,6.08,13.69,7.609999999999999,8.496385708788178,1.491625,0.6799444991137145,-1.6869999999999998,5.099,6.786,1.6392893772912702,6.0565750000000005,0.7075854855598722,4.393,8.238,3.8449999999999998,6.097768276181049,0,,,,,,,,,,,,,,,,,,,160,ce79efca-5ac7-4f6e-8900-df27e01d941d,ad7ec196-a600-4086-8f00-865fa5a6dabd,Pothole,8.0,,13.293225000000001,Chevrolet Spark 2013,Console
6.18971304347826,1.0436836082729737,2.519,9.591000000000001,7.072000000000001,6.277087145705611,-1.5991739130434783,1.1521535922736326,-4.942,1.93,6.872,1.970993430823103,7.070373913043477,0.9525930602570573,4.374,9.898,5.524,7.1342568504852455,1,0.0019652173913043474,0.01974618529357995,-0.094,0.045,0.139,0.019843737375894645,-0.006591304347826086,0.059926461550394,-0.22,0.24600000000000002,0.466,0.06028786019553623,0.001747826086956522,0.01992762708806692,-0.084,0.043,0.127,0.020004130008358385,115,cea941cd-df2f-432a-9e7c-321600388ad2,8899ed2c-d91d-499e-acb5-2245f3c05177,Pothole,7.0,,0.0,Chevrolet Cruze 2010,Right door
-8.914820512820514,1.0273310380794725,-14.161,-6.159,8.001999999999999,8.973819356194264,3.5332435897435897,0.5944009809330081,1.334,6.119,4.785,3.582893075518482,3.2877863247863246,0.28668413271358545,2.589,4.746,2.1570000000000005,3.3002616122667776,0,,,,,,,,,,,,,,,,,,,234,ceff007a-4a57-4419-b6c9-dc3486861321,4b3e805f-f023-4d31-aced-c174b889284d,Ditch,6.0,,20.375999999999994,Chevrolet Express van 2013,Copilot
-8.988716216216217,2.380259848523642,-15.965,-1.0979999999999999,14.867,9.298529784980106,3.0064054054054057,1.7188311861428593,-4.393,11.533,15.925999999999998,3.4630700408897463,3.323418918918919,1.7321496916365713,-3.4130000000000003,9.689,13.102,3.747726759632413,0,,,,,,,,,,,,,,,,,,,444,cf2315a7-0e82-45fb-b15a-81dbdb9588de,5652fd31-9fa7-4530-8d4f-c748e4f99577,Pothole,16.0,,10.798540540540543,Chevrolet Express van 2013,Copilot
5.028565445026178,0.8132399970718159,2.674,7.4079999999999995,4.734,5.093901228699737,-0.6051361256544502,0.5465400473475142,-3.2230000000000003,1.156,4.3790000000000004,0.8154114016413443,8.052162303664922,1.2998660059188347,4.566,13.460999999999999,8.895,8.156406647409492,1,0.004544502617801048,0.10774954894106946,-0.21600000000000003,0.335,0.551,0.1078453420461316,-0.006068062827225131,0.041417432856406027,-0.10400000000000001,0.17,0.274,0.04185958827903175,-0.005104712041884818,0.06577766396941367,-0.17600000000000002,0.15,0.326,0.06597544363097277,191,cf5293bc-3246-4b17-b66f-46e5da5f1fa2,93747a7c-6941-4a89-86ce-2b24a2a0e565,Speed_bump,,good,0.0,VW Pointer 2004,Right door
1.1782481751824816,1.6823148189586608,-2.197,16.201,18.398,2.053887025230151,-0.11339416058394161,0.6016776710331835,-2.628,1.294,3.922,0.6122697571123799,10.011664233576642,2.047800715517159,3.295,18.554000000000002,15.259000000000002,10.218948502480595,0,,,,,,,,,,,,,,,,,,,137,cf550000-586e-4510-9029-6f790639bbb8,4e40cb43-263f-46ab-a1ee-5b9c91df39f8,Pothole,5.0,,21.6,Peugeot Partner 2013,Glove compartment
-0.2974367088607595,1.5067710485769477,-3.9619999999999997,3.727,7.689,1.5358475147642734,7.265360759493672,1.8947982799631529,2.04,14.318,12.277999999999999,7.508377154042129,-6.655367088607593,1.7630240503052748,-12.474,-0.667,11.807,6.884923012356489,0,,,,,,,,,,,,,,,,,,,158,cf5cfa8f-5dcf-42b4-9281-75fafe88ba16,3e2a7efb-a19b-42ef-8c4e-7ad663ee0bc4,Pothole,5.5,,4.682278481012658,Kia RIO 2018,Left door top
10.066690721649485,1.5096547455423888,5.256,13.925,8.669,10.17925928228977,-0.6336701030927835,0.677167215361009,-2.9810000000000003,1.0590000000000002,4.040000000000001,0.9274121182696515,0.8880412371134021,1.4306485078238735,-2.785,5.021,7.806,1.6838564047306936,0,,,,,,,,,,,,,,,,,,,97,cf655df2-c25f-47f4-ab3e-de5eceb070ae,7327b857-a024-4ac4-93ef-95e7a4340af3,Speed_bump,,bad,20.86701030927835,VW Pointer 2004,Left door
8.542193939393941,2.1937115550203803,-0.539,19.422,19.961000000000002,8.81937909860147,-0.4773939393939395,0.9991280725801946,-3.714,3.86,7.574,1.1073219399921048,4.295527272727273,2.186102231005612,-1.829,15.292,17.121,4.819813016617088,1,-0.02506060606060606,0.232840580056065,-1.379,1.469,2.848,0.2341853319423949,0.015242424242424234,0.2542876717781762,-0.7390000000000001,1.801,2.54,0.25474409024578276,-0.019715151515151515,0.13399994600001652,-0.691,0.5670000000000001,1.258,0.13544250709165395,165,cf7a61a7-cc25-4233-866e-15a4c8dda013,d4dcf998-41d0-4383-9a5a-3d0f1a0212b3,Pothole,11.0,,0.0,Chevrolet Spark 2013,Right door
-7.057962025316456,1.1804163655364481,-12.199000000000002,-3.844,8.355000000000002,7.155991248376107,0.30073417721518975,0.7503598356287101,-3.844,1.4509999999999998,5.295,0.8083816723986523,-7.455877637130802,1.0313699002313754,-12.356,-3.491,8.865,7.526874199225762,0,,,,,,,,,,,,,,,,,,,237,cf91cfa6-48cc-4fbd-9cce-f335d5425224,96fec4bf-1ec1-49cd-8ee1-8d1593e1d11c,Pothole,6.0,,12.243037974683546,Chevrolet Cruze 2010,Left door
-0.5558799999999999,1.3751497684252432,-8.002,4.433,12.435,1.4832529993227725,-5.05475,0.9721967329198347,-8.591000000000001,-2.903,5.688000000000001,5.1473939085715985,8.652795000000001,1.0796405387789956,4.825,12.356,7.531,8.71989019454947,0,,,,,,,,,,,,,,,,,,,200,cffa840a-2246-4599-99b8-3b7a16f24e06,756afc86-b9c3-4d61-975b-65c0817456c2,Pothole,7.0,,15.408000000000001,Honda Accord 2007,Console
8.645637583892618,2.275029868421866,2.7460000000000004,19.965999999999998,17.22,8.939955823952834,1.1220671140939598,0.6094128394762595,-0.941,2.7460000000000004,3.6870000000000003,1.2768784662017227,-5.474812080536913,1.4318089059681691,-12.435,-1.804,10.631,5.658943723028414,0,,,,,,,,,,,,,,,,,,,149,d004d91f-c9a6-49d9-86cf-45fb546b8b90,a7ca630d-3c60-49d8-a80f-efc127a6a590,Pothole,5.5,,7.520134228187919,VW Derby 2001,Console left
8.21421965317919,0.7307561198277956,6.59,10.982999999999999,4.392999999999999,8.246660476662116,1.1562023121387284,0.6934462897425148,-1.804,3.57,5.374,1.3482104966779487,6.337231213872833,0.8342082492924318,3.9619999999999997,9.924,5.962,6.391901349463372,0,,,,,,,,,,,,,,,,,,,173,d013b8f0-c1c8-46bc-98c7-512966a1e96b,6c68139e-399c-42f2-a00a-b52782e38f3b,Pothole,8.0,,23.400000000000002,Chevrolet Spark 2013,Console
-0.3030821917808219,0.6306231697976273,-2.079,2.157,4.236000000000001,0.6996744937899865,-7.6091712328767125,0.828186311508294,-11.100999999999999,-2.903,8.197999999999999,7.654108662529441,6.321376712328767,0.9280542108959982,2.2359999999999998,10.67,8.434000000000001,6.389138295383366,0,,,,,,,,,,,,,,,,,,,146,d01ba295-ccf7-4c1d-aeaa-03809124a472,36bc421b-c7b4-4013-bb4b-ef442eda7ff9,Metal_bumps,,bad,0.0,Kia RIO 2018,Console seats
0.5451843137254901,0.5664584658025962,-1.726,3.295,5.021,0.7861940787183307,-2.1728745098039215,0.8578017458787333,-5.8839999999999995,1.804,7.688,2.336066666554753,10.577964705882355,1.3722501811035184,2.079,20.006,17.927,10.666602452441516,0,,,,,,,,,,,,,,,,,,,255,d071de95-126a-4653-90c4-6dfa43ccb802,321759c0-6198-44af-bedd-0a65087b2771,Ditch,6.0,,6.854117647058823,Chevrolet Express van 2013,Console
6.02566,0.9439652241475849,3.6060000000000003,8.991,5.385,6.099151480329047,-1.48712,0.7914658292897638,-3.8760000000000003,0.5579999999999999,4.434,1.6846198542500124,7.218699999999999,1.1060984389586066,4.413,9.587,5.1739999999999995,7.302950324811655,1,0.001146666666666669,0.036018955503395095,-0.07200000000000001,0.084,0.15600000000000003,0.036037202999123,-0.0005133333333333316,0.10471731704397745,-0.193,0.319,0.512,0.10471857523858889,0.00552,0.037315719654501284,-0.071,0.106,0.177,0.037721788575481585,150,d0a7b2cf-5967-4453-a798-32f655443b38,69b49691-dd74-49c1-9cac-69e9fab0d778,Pothole,8.5,,0.0,Chevrolet Cruze 2010,Right door
-0.9849528795811519,1.2655028894572673,-5.57,2.04,7.61,1.6036301750153914,-5.0327277486911,0.6295101388257861,-7.962999999999999,-3.217,4.745999999999999,5.071945544594287,8.99665445026178,1.0925399322825813,2.04,13.298,11.258,9.062749847648181,0,,,,,,,,,,,,,,,,,,,191,d0dac16f-c8de-481d-9983-b314a84e507c,93535cee-a12e-47da-867d-b86bc302dbc9,Pothole,5.0,,19.8,Honda Accord 2007,Console
-0.5768487394957984,0.7245140897152312,-2.785,1.4909999999999999,4.276,0.9261075177611839,-4.768714285714284,0.6008550300254153,-7.452999999999999,-2.3930000000000002,5.059999999999999,4.806418906616687,8.909050420168068,0.7797996548213442,5.099,11.100999999999999,6.001999999999999,8.94311281885431,0,,,,,,,,,,,,,,,,,,,238,d13c5589-ed93-41ed-8cb8-77ec105823e2,ca39439a-59ad-455f-bc65-f2c7618f386f,Speed_bump,,bad,21.4109243697479,Honda Accord 2007,Console
-3.376925,0.5418605857367742,-5.099,-2.1180000000000003,2.981,3.4201221250124973,4.337975,0.3708828984666184,2.785,4.825,2.04,4.353800779204303,8.4140625,0.7140959554525917,6.472,11.572000000000001,5.1000000000000005,8.444310557262801,0,,,,,,,,,,,,,,,,,,,80,d141e226-9f8a-4bac-9939-677e11c74554,d5cccc00-7337-4cd9-8d22-256496484c70,Pothole,5.0,,9.0,Chevrolet Cruze 2010,Driver trousers
-0.44364367816091965,0.4931198119086436,-1.6480000000000001,1.02,2.668,0.663315054909027,-2.487091954022989,0.537226586588528,-4.119,-0.588,3.5309999999999997,2.5444525527318147,9.466666666666667,2.6250135179363663,1.3730000000000002,14.2,12.826999999999998,9.823872645099103,0,,,,,,,,,,,,,,,,,,,87,d14582df-3bc2-40b3-b47c-a6459944fc7f,4fd78215-4876-45a7-b63a-c56c256c767e,Metal_bumps,,bad,21.651724137931033,Peugeot Partner 2013,Console
7.936031999999998,0.8743430991184182,5.609,12.435,6.8260000000000005,7.984051588009687,-0.076264,0.8773833747592896,-3.609,2.1180000000000003,5.727,0.8806916509198892,6.550504,0.7490432791127626,4.511,8.943999999999999,4.432999999999999,6.593191070187486,0,,,,,,,,,,,,,,,,,,,125,d189da33-52b4-4283-9575-e298d43f0420,8d11b47a-199b-4dda-ab38-fc6c7f7a418b,Pothole,5.5,,23.400000000000002,Chevrolet Spark 2013,Console
-7.0953333333333335,1.6406340976659732,-10.944,-2.275,8.669,7.282543192699605,0.27298989898989895,0.8071808465826532,-2.2359999999999998,2.55,4.786,0.8520941286268813,-6.99421212121212,2.344105697416641,-14.277999999999999,0.196,14.473999999999998,7.376573372316696,0,,,,,,,,,,,,,,,,,,,99,d18b38b6-b831-4628-abf2-b282ff0c36ae,dc91461a-7ff8-41e1-b928-ff039ebd8227,Speed_bump,,good,9.9,Chevrolet Cruze 2010,Left door
9.296289719626168,1.9861767669840964,4.158,16.632,12.474,9.50609807970308,1.8593831775700935,1.594652651041604,-2.55,6.747000000000001,9.297,2.44953523724495,3.5842990654205606,2.3171896659408464,-3.491,14.592,18.083000000000002,4.268087128716769,0,,,,,,,,,,,,,,,,,,,107,d1b72b78-bfcc-4a62-b10e-934e6d2fad8b,5cd750de-f2a2-416b-a2a0-6c9be4cf9d47,Pothole,6.0,,9.757009345794392,Chevrolet Spark 2013,Left door top
9.746171974522293,2.9151216254976178,-2.1180000000000003,19.182000000000002,21.300000000000004,10.172797169333892,0.2296496815286624,1.5005238400220176,-6.982,8.943999999999999,15.925999999999998,1.5179956425170122,-0.765031847133758,1.765056731808268,-8.198,5.335,13.533000000000001,1.923720092329072,0,,,,,,,,,,,,,,,,,,,157,d20672f8-68c9-466c-b1b9-3fa0f845d329,4df233fb-2120-4e3e-8024-93eafe47c00f,Pothole,12.0,,14.038853503184713,VW Pointer 2004,Left door
-6.860139344262294,2.2108326349137264,-17.338,-1.255,16.083000000000002,7.207585779045234,2.5468524590163937,0.685080582458127,0.667,4.55,3.883,2.63738371354246,7.631475409836067,1.9356145472755757,2.903,16.985,14.081999999999999,7.873120131596963,0,,,,,,,,,,,,,,,,,,,122,d258a41f-60dc-42ca-ad36-204ca0c5a580,2eb39caa-d21b-4895-8510-2004a70959d4,Pothole,8.0,,0.0,Chevrolet Spark 2013,Copilot
-5.455338709677419,0.5484324125014914,-7.138999999999999,-3.687,3.4519999999999995,5.4828367245785365,2.255491935483871,1.237218723302312,-0.51,4.511,5.021,2.5725384429241442,8.777564516129033,0.7675367937165207,7.296,10.905,3.608999999999999,8.811058481505846,0,,,,,,,,,,,,,,,,,,,124,d3052b63-6858-4741-9e35-c892948198dd,d44ea04b-18ab-4ad4-ba58-8f23e38f301f,Pothole,4.0,,0.0,Kia RIO 2018,Copilot trousers
-1.7956528925619832,1.3014974256362992,-7.296,0.5489999999999999,7.845000000000001,2.217716135916437,0.2671322314049586,0.7250804337502271,-1.765,2.2359999999999998,4.0009999999999994,0.772723278064541,9.914000000000001,1.3549275666041345,7.138999999999999,17.180999999999997,10.041999999999998,10.006159338664553,0,,,,,,,,,,,,,,,,,,,121,d33a7f64-bf60-484e-89bf-318ecdc7d073,43a943da-3432-4f22-8750-35ad80d287e8,Pothole,8.0,,19.8,Chevrolet Spark 2013,Console
-4.264681481481482,0.8749204040144271,-6.355,-1.294,5.061,4.353503629474983,2.7007703703703707,0.8734099367654363,0.431,5.922999999999999,5.491999999999999,2.838486482460523,8.657444444444446,1.454896451281196,3.491,13.023,9.532,8.778842064452043,0,,,,,,,,,,,,,,,,,,,135,d386ba56-ed28-4335-84af-f7e033413870,3bb0381c-506c-40b3-b83f-8574f3a4b1f4,Speed_bump,,bad,12.6,Chevrolet Cruze 2010,Driver trousers
3.9144785276073617,1.0894865359955688,0.11800000000000001,10.513,10.395,4.0632650732157165,-0.607877300613497,1.1104635066803352,-2.079,3.217,5.296,1.265955770266062,10.121883435582824,1.578227391116115,6.865,17.534000000000002,10.669000000000002,10.24418498376494,0,,,,,,,,,,,,,,,,,,,163,d398cb94-0d72-41c2-941f-818f7209f3d9,836e0ed8-d4e5-4d70-9655-ce0cef1c3be3,Pothole,5.0,,15.344171779141105,Honda Accord 2007,Left door
2.67097510373444,0.7951692109664288,0.785,6.825,6.04,2.786826524711966,0.02276763485477177,0.6766378898445196,-1.4509999999999998,3.3339999999999996,4.784999999999999,0.677020826245489,9.73714937759336,0.866165716376349,6.982,14.004000000000001,7.022000000000001,9.775598245109736,0,,,,,,,,,,,,,,,,,,,241,d3cc08d1-3c62-40fe-8f77-a791225dbb39,66229e42-8162-44aa-be6f-f5c3317ff21f,Pothole,9.0,,6.990871369294606,Kia RIO 2018,Console
0.6793291925465839,0.8691316418626845,-2.471,4.626,7.097,1.103121916531858,6.808285714285713,1.4150329865942897,2.2,13.468,11.268,6.953781181522531,6.7352111801242245,1.5416596945461243,-1.35,11.497,12.847,6.909398255612307,1,-0.010999999999999998,0.08351330462680448,-0.848,0.18899999999999997,1.037,0.08423462500474162,0.031714285714285716,0.0599325115858387,-0.382,0.225,0.607,0.06780635562654902,0.007900621118012425,0.08215174604654608,-0.748,0.139,0.887,0.0825307772442898,161,d452c6ad-ded3-43b3-8611-3e44232fa563,99bdd82b-0730-4561-9151-2577affbfb20,Pothole,5.0,,0.0,Peugeot Partner 2013,Right door
-7.593955752212389,1.5840872997607716,-12.984000000000002,-3.687,9.297000000000002,7.7574155838025725,1.8689911504424779,0.577794195769608,0.431,3.4130000000000003,2.982,1.9562653329999347,5.779141592920354,1.2718784162077608,2.079,9.375,7.295999999999999,5.917444740480232,0,,,,,,,,,,,,,,,,,,,113,d459a4d6-6057-4c8e-9e95-feaf5394aac9,3d151bb9-166b-41a2-a0ec-64ef8a553489,Speed_bump,,good,0.0,VW Pointer 2004,Dashboard
-8.865795454545454,1.995372809165018,-14.2,-4.119,10.081,9.087565223391463,3.4955353535353533,1.1461080062024873,-1.726,7.138999999999999,8.864999999999998,3.6786316708386244,2.921292929292929,2.2087315192873582,-3.9619999999999997,11.219000000000001,15.181000000000001,3.6623008209362466,0,,,,,,,,,,,,,,,,,,,396,d46f47eb-882e-4d17-a3ee-4128ea97d48a,947a4a24-9b56-4f21-8225-94a4da436968,Pothole,16.0,,20.375999999999998,Chevrolet Express van 2013,Copilot
-0.5616958762886598,1.6325039382922468,-4.982,2.589,7.571,1.7264331339439074,7.285845360824742,0.8700606429890263,4.864,10.12,5.255999999999999,7.33761188291735,-6.619396907216495,0.807685028554609,-8.826,-4.276,4.550000000000001,6.668490872800124,0,,,,,,,,,,,,,,,,,,,194,d47459af-9374-4611-8442-67d89b510a7a,8b8bd02b-b65d-41df-809f-5a68e35d145c,Speed_bump,,bad,8.471134020618557,Kia RIO 2018,Left door top
-0.29969064748201435,0.27612023887322734,-0.863,0.785,1.6480000000000001,0.40750076135339564,0.6516187050359712,0.7148446668889809,-0.902,2.471,3.373,0.9672692668189009,10.754014388489209,1.6774438158068528,5.412999999999999,15.338,9.925,10.88405453969345,0,,,,,,,,,,,,,,,,,,,139,d4fdf391-89c7-4c99-bf81-b1872220d300,f6cf7517-8f8e-4465-b6c7-0dde6013e931,Speed_bump,,good,9.932374100719425,Chevrolet Cruze 2010,Dashboard
4.443334346504559,0.7422720587392868,1.922,7.9239999999999995,6.002,4.504907093826926,-0.351693009118541,0.501696841076625,-2.275,3.217,5.492,0.6126889039383026,9.87962613981763,1.1742896747258633,4.55,16.083,11.532999999999998,9.949169256914647,0,,,,,,,,,,,,,,,,,,,329,d51a6f69-39b5-4472-a97d-24ad6d246a9c,3fe9c651-8f98-4fde-b1bc-60262487f287,Speed_bump,,good,16.648632218844984,Honda Accord 2007,Left door
0.5843679999999999,1.600416609691364,-6.59,20.006,26.596,1.7037662057923324,-2.84753,0.7880262515297317,-4.7860000000000005,3.648,8.434000000000001,2.9545579151541435,10.365253999999998,1.3059826007585245,4.746,20.006,15.26,10.447204460428637,0,,,,,,,,,,,,,,,,,,,500,d53e7ce1-a4ba-4a4b-9cad-503775a3b2df,1256b495-10d4-477d-ad8d-8826a9b584c9,Pothole,16.0,,2.9160000000000004,Chevrolet Express van 2013,Console
3.542649289099526,0.7740343258960622,1.844,6.041,4.197,3.626222983108285,0.15601421800947865,0.7991775006361019,-2.079,2.628,4.707000000000001,0.8142635407188976,9.560137440758293,0.7947110387672202,6.119,13.612,7.493,9.593111774670772,0,,,,,,,,,,,,,,,,,,,211,d548ea20-361e-45ae-9be0-6dd8b5ad4cb0,103be121-da18-4fa6-b129-bde1b16f2f31,Pothole,9.0,,13.103317535545024,Kia RIO 2018,Console
-4.30756338028169,0.7900349798946362,-6.865,-1.412,5.453,4.3794129223676705,-0.5080704225352113,0.269596759774746,-2.04,0.157,2.197,0.5751677730333561,-8.595591549295776,1.2644469433727308,-13.023,-3.844,9.179,8.688096463261074,0,,,,,,,,,,,,,,,,,,,213,d5907494-2bd1-443d-902a-b5beaab02498,c47e2571-3fe5-42af-8daf-43391c1f2a6b,Speed_bump,,good,19.546478873239437,Chevrolet Express van 2013,Left door
-0.21977358490566035,1.2492040279526744,-3.295,4.315,7.61,1.268389187936996,0.3863584905660379,1.0798594701432678,-3.217,4.55,7.7669999999999995,1.1468955307658,11.517811320754717,2.040980171079515,8.316,18.319000000000003,10.003000000000002,11.697246585382617,0,,,,,,,,,,,,,,,,,,,106,d59757cb-8681-46a5-9ba6-020335197312,2639fcf7-5a25-47d9-be8b-622f4196b9b7,Pothole,5.0,,13.516981132075472,Chevrolet Cruze 2010,Dashboard
4.684825396825397,1.4784677561657094,2.157,9.218,7.061,4.912581389123432,0.35865079365079355,1.0992030108252553,-1.883,3.9619999999999997,5.845,1.1562342542900426,9.112674603174604,1.7675835348992885,5.256,16.945999999999998,11.689999999999998,9.282520669311245,0,,,,,,,,,,,,,,,,,,,126,d5c0fc29-ec5c-4367-a3f3-47ade622147e,76d1fb6f-45a1-417a-946d-0c1e45302e65,Pothole,10.0,,9.9,VW Derby 2001,Console
8.1259918699187,1.6829141899293647,4.119,13.140999999999998,9.021999999999998,8.2984302154474,1.0507967479674796,0.6430756250252527,-0.706,2.589,3.295,1.2319578178820287,-6.2239512195121955,1.2880911499690517,-9.375,-2.04,7.335,6.35584357843205,0,,,,,,,,,,,,,,,,,,,123,d5da0cea-9a19-4a7c-9298-58e95e1441d1,ecba91f1-e62b-4b78-acee-87b22af1031d,Pothole,10.0,,12.6,VW Derby 2001,Console left
2.7467753623188407,1.0907649557390202,0.314,8.591000000000001,8.277000000000001,2.9554260403045354,1.4726739130434783,1.095291934898091,-0.902,6.002000000000001,6.904000000000001,1.8353290922370282,9.970376811594205,1.5154970973960726,5.099,18.201,13.102,10.084896886800147,0,,,,,,,,,,,,,,,,,,,138,d5fcee61-4a0e-4b49-8a83-c190c32b2d34,afb70c4c-724c-4d72-a36d-9826567056f3,Pothole,4.5,,11.700000000000001,VW Pointer 2004,Glove compartment
3.8200616438356167,1.1391065245543233,0.902,8.12,7.217999999999999,3.986280802576043,0.9497328767123288,0.9543396647779222,-1.3730000000000002,3.373,4.746,1.3463865466041736,9.362575342465755,0.8442270748516384,6.707999999999999,11.454,4.746000000000001,9.400560429956306,0,,,,,,,,,,,,,,,,,,,146,d620f0bd-b6bd-4851-8208-e46dfa9f90aa,7e30328c-fb85-463c-8c20-e60f5a690a8c,Speed_bump,,good,14.4,VW Derby 2001,Console
-7.148873015873016,0.8519637258852268,-10.709000000000001,-4.276,6.433000000000002,7.199460228885329,0.012468253968253976,0.9628492331707942,-1.3730000000000002,3.491,4.864000000000001,0.9629299575642059,7.773349206349206,0.9991595223340458,3.373,12.435,9.062000000000001,7.8373004047899455,0,,,,,,,,,,,,,,,,,,,126,d67e623e-a409-4665-b830-07872000c5c8,05f9cb1b-ef7e-454b-9921-c9a5df6fbb3b,Metal_bumps,,good,0.0,VW Derby 2001,Copilot trousers
-1.793065268065268,0.9010489719317889,-3.844,0.8240000000000001,4.668,2.006731747235117,-0.2571258741258741,0.5870021447620427,-2.55,2.197,4.747,0.64084727751644,10.848587412587412,0.6767370534866823,8.198,14.632,6.433999999999999,10.86967441500029,0,,,,,,,,,,,,,,,,,,,429,d6b42a12-62db-48c1-bffa-30e23624dbdc,66076158-69fc-4273-9510-61e8cf11b553,Pothole,5.0,,4.573426573426573,Peugeot Partner 2013,Console
9.792281690140847,4.807898340841031,-0.47100000000000003,20.006,20.477,10.908926031233761,-0.1574788732394366,1.9998236250339183,-5.256,8.158999999999999,13.415,2.0060144881731445,-1.642014084507042,1.8246697057311208,-5.962000000000001,4.7860000000000005,10.748000000000001,2.454715826472057,0,,,,,,,,,,,,,,,,,,,71,d713a288-19e0-4bfc-88cf-346bde4ac54d,1920fdbe-9dc2-478e-8802-aa1b18045548,Metal_bumps,,good,24.71830985915493,VW Pointer 2004,Left door
9.32255855855856,3.6115830191522047,3.02,26.086,23.066,9.997681230264446,0.7480810810810812,0.976828404667164,-1.4509999999999998,5.256,6.707,1.230373535165657,6.3617387387387385,2.884924870480881,-2.275,27.066,29.340999999999998,6.985306814184205,0,,,,,,,,,,,,,,,,,,,111,d73d132e-7329-4502-aeb8-40323712e351,16cf2a6b-2501-43d1-809c-7164430cc82e,Metal_bumps,,good,38.7,Chevrolet Spark 2013,Console
-0.5147551020408164,1.1281936956280696,-3.295,2.432,5.727,1.2400781547676634,3.5263945578231293,1.1277579319905766,0.863,6.669,5.805999999999999,3.702336631184723,9.946448979591837,1.3268013255951319,6.472,14.632,8.16,10.034552758405553,0,,,,,,,,,,,,,,,,,,,147,d76a22d4-b012-4bae-bd02-69421f9fa580,53e1da6e-5ebc-4486-84cc-08e84ecffb2f,Pothole,8.5,,4.9530612244897965,Chevrolet Cruze 2010,Console between seats
8.038846153846153,3.1948517615891294,0.353,19.378,19.025,8.650440755460744,2.2053846153846153,2.9548084810632504,-5.766,18.515,24.281,3.687087531038348,-5.22665934065934,3.569290975917262,-20.006,4.864,24.87,6.3291236308090815,0,,,,,,,,,,,,,,,,,,,91,d7d320f6-3adb-4dd3-9e7e-f3a296e4dbff,1e276e9e-d407-465a-9f69-6fceeba64db3,Pothole,7.0,,35.495604395604396,Chevrolet Spark 2013,Left door top
-7.239425641025643,0.9956252968111198,-9.807,-4.59,5.2170000000000005,7.307568223669878,1.012871794871795,0.5547472503479159,-0.235,3.648,3.883,1.1548392895184094,7.316292307692309,1.162065575488621,4.629,10.552,5.923,7.408004423144828,0,,,,,,,,,,,,,,,,,,,195,d809d147-d3e0-44d3-b11f-5bdbba02a4f2,8f2ff7d7-1058-46cb-9308-067ba3aa6f6e,Pothole,10.0,,0.0,VW Derby 2001,Copilot trousers
-0.12039272727272729,0.6148634425935701,-1.4509999999999998,2.471,3.9219999999999997,0.6265392739630787,6.048603636363636,0.43966736929540323,4.354,7.571000000000001,3.2170000000000005,6.064562090164017,7.880701818181819,0.5896494476276589,6.472,10.238,3.765999999999999,7.902730390072903,0,,,,,,,,,,,,,,,,,,,275,d85a3921-33c7-4c01-ae95-e281da61d195,c46983c7-0344-495a-8448-899cae37655a,Pothole,8.5,,0.0,Chevrolet Cruze 2010,Console
-4.781632575757576,0.5026355740518735,-6.825,-2.471,4.354,4.807978016780909,-0.10137121212121213,0.5174326248821871,-3.138,1.0979999999999999,4.236,0.5272690432211945,-8.390333333333334,0.8213671406855645,-11.729000000000001,-4.511,7.218000000000001,8.43044111682434,0,,,,,,,,,,,,,,,,,,,264,d883b35e-ef1a-42f7-9767-7afe7dfaa9aa,d08f1d6a-c0f0-4080-88b2-3b92b655d91c,Ditch,6.0,,12.214772727272727,Chevrolet Express van 2013,Left door
-0.044777385159010606,0.6629385886722539,-2.314,3.53,5.843999999999999,0.6644490850113636,6.136787985865724,0.39653400871510974,4.9430000000000005,7.532,2.5889999999999995,6.1495858400004115,7.7679858657243805,0.5432356273263828,6.669,10.238,3.569,7.7869576444777495,0,,,,,,,,,,,,,,,,,,,283,d894f5fb-2400-406d-afb0-141f5a13c2da,a168c095-f726-41bf-9122-79adfcf75c61,Pothole,5.0,,0.0,Chevrolet Cruze 2010,Console
-4.88263358778626,0.6022523399782397,-7.296,-3.02,4.276,4.919636026535682,3.680679389312977,0.524589381655969,1.922,4.9430000000000005,3.021000000000001,3.7178750363964013,8.027396946564886,1.0122066792495463,4.315,12.827,8.512,8.090961877257651,0,,,,,,,,,,,,,,,,,,,131,d8add78b-91a1-4b00-a4ab-14dc0d68b15a,9a13fff3-e344-405e-a24d-dab4a409932b,Metal_bumps,,good,12.6,Chevrolet Cruze 2010,Driver trousers
-3.7646805555555556,2.693606230122593,-10.003,3.217,13.22,4.629074876077652,4.135625,0.8847286375792172,1.9609999999999999,6.707999999999999,4.747,4.229200740421029,8.218555555555556,1.6312816696703454,5.06,13.415,8.355,8.378886280738959,0,,,,,,,,,,,,,,,,,,,72,d8c114b1-1131-4a08-80e1-d884dca9734c,5f17fd7b-4b53-43e1-a72d-747dc3dc28b4,Pothole,5.0,,0.0,Chevrolet Cruze 2010,Driver trousers
1.4500750000000002,1.0362159697870261,-1.6869999999999998,7.492000000000001,9.179,1.7822628991444183,-0.20265000000000002,0.6387541604561179,-3.3339999999999996,1.412,4.7459999999999996,0.6701297635532987,9.997516666666668,2.0627685521459314,4.982,19.965999999999998,14.983999999999998,10.20810235058407,0,,,,,,,,,,,,,,,,,,,120,d8ca557f-4fe5-4157-9422-04371e0e2342,5b56e1e0-d15f-4dce-84ab-971784b6d646,Speed_bump,,good,12.705,Peugeot Partner 2013,Glove compartment
-3.5838251366120213,1.9407738871126141,-13.207,2.251,15.458,4.0755865701405956,0.057715846994535504,0.9215356013807936,-6.0360000000000005,3.6180000000000003,9.654,0.9233412064922465,9.036153005464481,4.708383109586982,-8.44,44.715,53.155,10.189255745382424,1,-0.0168032786885246,0.3699488734284764,-2.775,2.294,5.069,0.37033028383550143,0.006715846994535522,0.3181591280043358,-2.56,1.469,4.029,0.3182300006808493,0.010874316939890714,0.12455393874671453,-0.56,0.41100000000000003,0.9710000000000001,0.12502773462807967,183,d8f338e8-2a09-4d19-86e5-cbbc2f711120,519432f8-7ea6-45b4-a88f-04f903b1c059,Metal_bumps,,bad,0.0,Honda Accord 2007,Right door
4.932312169312168,0.9829881465211645,1.882,7.221,5.339,5.029310989762518,-0.32810052910052917,0.7140762823283288,-2.2769999999999997,1.3,3.577,0.7858466098291028,8.166608465608466,0.8357323469242586,5.603,10.19,4.587,8.209259551643095,1,0.0008941798941798943,0.03461518488073444,-0.08900000000000001,0.09300000000000001,0.18200000000000002,0.03462673218787159,0.017439153439153438,0.07645362222031137,-0.222,0.258,0.48,0.07841734771898641,-0.0022222222222222205,0.030125896914498632,-0.087,0.10300000000000001,0.19,0.030207746299714854,189,d9376afe-ffd1-43ac-a00d-2f40dbf3dd05,36bc2903-7ac8-4dd1-81b6-977433c4bf13,Pothole,8.0,,0.0,VW Pointer 2004,Right door
0.06023157894736841,0.3679237750756642,-0.745,0.902,1.647,0.3728213343793794,7.2974,1.7461144859071343,3.648,11.610999999999999,7.962999999999999,7.503396734672553,7.606252631578948,1.4245379525595478,4.197,11.493,7.296,7.738500337512702,0,,,,,,,,,,,,,,,,,,,95,d9c5b26c-e3d3-4a74-8fd6-1a656ee5ccac,7a31ec2a-822a-4c71-a007-fde0e955b97f,Speed_bump,,good,12.6,Peugeot Partner 2013,Console
-0.32392499999999996,0.6501505872039698,-2.55,1.844,4.394,0.7263767560065965,-8.121533333333334,0.5706698101548935,-10.238,-6.747000000000001,3.4909999999999988,8.141558064441147,5.7754416666666675,0.6563363314113851,3.844,7.375,3.531,5.812615919274212,0,,,,,,,,,,,,,,,,,,,120,d9ceb2ce-719d-4e3c-9b90-5cc5aa03c5e3,5d6098f6-c955-4502-bd27-bd248180a9c6,Pothole,6.5,,9.9,Kia RIO 2018,Console seats
1.0456466666666666,0.9672881689663232,-1.777,4.942,6.719,1.4244379078546503,7.181746666666666,0.8680644921253771,4.604,10.568,5.9639999999999995,7.234018326398314,6.259286666666667,1.3786874402206695,0.247,8.78,8.533,6.409325130880266,1,-0.0027333333333333333,0.04249151549296505,-0.10099999999999999,0.125,0.22599999999999998,0.04257933771208754,0.004540000000000001,0.09490139654750433,-0.266,0.226,0.492,0.09500992930566082,0.004573333333333333,0.08063418188887941,-0.217,0.293,0.51,0.08076377075562202,150,d9d7939b-17aa-4c50-a4ff-efb221a1898a,5fa64f04-7264-4b6a-8689-7b6c098e16bb,Pothole,5.0,,0.0,Peugeot Partner 2013,Right door
0.37438392857142855,0.5913930323146195,-1.883,2.197,4.08,0.6999350288725784,-0.4318571428571429,0.8909935952265279,-2.7460000000000004,1.883,4.6290000000000004,0.9901364444213882,11.012205357142859,2.2042418365278964,5.099,16.475,11.376000000000001,11.23064329866218,0,,,,,,,,,,,,,,,,,,,112,d9fa147e-7834-4af1-ba84-5c72f1d07f28,752eccaf-ef23-4567-ba24-059b8e943f0d,Speed_bump,,good,13.901785714285714,Chevrolet Cruze 2010,Dashboard
6.646454545454546,0.5529057647831329,4.707,8.512,3.8050000000000006,6.669412478586386,1.1653939393939394,0.9103461240599505,-0.353,3.0989999999999998,3.452,1.4788079995615049,7.592844155844156,0.7261711555419773,5.296,9.728,4.4319999999999995,7.627490211208266,0,,,,,,,,,,,,,,,,,,,231,da310559-ccd3-4b13-9d64-d9cf867f85b6,ae5a562a-202a-48a6-8f94-43363a1c6601,Speed_bump,,bad,7.9363636363636365,Kia RIO 2018,Left door
1.1712107728337238,0.4437357881893364,-0.757,3.378,4.135,1.2524520446395462,6.945964871194379,0.5757514720330017,5.105,8.531,3.426,6.96978606195445,6.560871194379391,0.6155017410577955,4.6930000000000005,8.253,3.5599999999999996,6.589679295874909,1,0.0012833723653395783,0.02521275800353298,-0.111,0.11199999999999999,0.22299999999999998,0.02524539979427606,0.003159250585480093,0.03770634628624272,-0.132,0.198,0.33,0.037838464748452816,0.001044496487119438,0.03353917470963096,-0.17800000000000002,0.11900000000000001,0.29700000000000004,0.03355543492662186,427,da395a77-9d5a-40d1-8fc2-e0e0277eb2bd,66076158-69fc-4273-9510-61e8cf11b553,Pothole,5.0,,0.0,Peugeot Partner 2013,Right door
1.492034682080925,1.1954039436075694,-2.04,5.962000000000001,8.002,1.9118467723447021,-0.1634566473988439,1.0166438009759116,-3.0989999999999998,3.609,6.708,1.0297002931152437,10.074208092485549,1.7914052908917875,3.295,22.516,19.220999999999997,10.232243234351714,0,,,,,,,,,,,,,,,,,,,173,da43089d-0102-4114-979b-bfb5215bf35e,4b07f47f-1397-44bf-b3b3-42e97c2d12c2,Pothole,8.0,,8.245664739884393,Peugeot Partner 2013,Glove compartment
0.052999999999999985,0.759954014329883,-1.3730000000000002,2.1180000000000003,3.4910000000000005,0.76179991066953,6.52435064935065,1.2223563338548882,0.8240000000000001,8.238,7.414,6.637869116109281,7.80864935064935,1.4290618461640896,4.707,17.809,13.102,7.938338770899012,0,,,,,,,,,,,,,,,,,,,77,daacff19-5642-4156-82a6-f84f53fd3280,9f7aefa9-58ca-4c3e-b1ed-e286f04dc97b,Metal_bumps,,bad,12.6,Peugeot Partner 2013,Console
9.73496992481203,2.13656060460278,4.629,18.319000000000003,13.690000000000003,9.966670991566609,0.007375939849624066,0.6481060620699253,-1.53,2.471,4.001,0.648148032613269,-2.2833984962406015,1.8478848218666002,-4.707,10.944,15.651,2.9374456603516594,0,,,,,,,,,,,,,,,,,,,133,dad6ca2b-9d8b-4a63-87c7-2efc58ab765b,b620b7f9-2113-4126-b57e-afd3c497363a,Pothole,11.0,,1.8,Chevrolet Spark 2013,Left door
-7.430072072072073,0.948149489408224,-10.277000000000001,-3.766,6.511000000000001,7.49032432211386,-0.14629729729729726,0.5269372083315307,-2.511,0.8240000000000001,3.335,0.5468690160547778,-6.8540900900900885,1.916492528945886,-18.476,-3.3339999999999996,15.142,7.116986340901363,0,,,,,,,,,,,,,,,,,,,111,daea047b-f2c2-42d4-98b8-112ea7d438e0,8899ed2c-d91d-499e-acb5-2245f3c05177,Pothole,8.5,,11.700000000000001,Chevrolet Cruze 2010,Left door
-0.6701130952380953,1.023426274042221,-4.354,3.53,7.884,1.2232959162890733,3.6338511904761903,0.827752045055656,0.981,6.002000000000001,5.021000000000001,3.7269354599481663,9.86107142857143,1.0120688592434508,5.57,14.475,8.905,9.912871082347339,0,,,,,,,,,,,,,,,,,,,168,db18756d-a563-4fbf-8f72-4d12a1098ffd,3bf0a5a0-84ac-4ff2-a7f2-aa0327887ad7,Pothole,6.0,,4.516071428571429,Chevrolet Cruze 2010,Console between seats
6.182572538860104,1.5635460796483451,0.623,13.157,12.534,6.377215657436306,0.2650725388601036,0.8809361070985383,-2.928,3.678,6.606,0.9199521050835572,7.3305414507772015,1.7969409814373092,1.6780000000000002,14.093,12.415,7.547571453940108,1,0.005121761658031089,0.055066358395561024,-0.155,0.198,0.353,0.05530403483860876,0.000613989637305698,0.14901122714296647,-0.49700000000000005,0.45299999999999996,0.95,0.14901249208682962,0.0045362694300518135,0.06037100306399848,-0.183,0.27699999999999997,0.45999999999999996,0.06054119053417546,386,db6015e4-b5ec-4866-8443-1352bcaaaf2e,fcc97819-07be-4573-915c-a2bd280260f5,Pothole,16.0,,7.655036269430051,Chevrolet Express van 2013,Right door
8.509294117647059,1.0577001209453232,6.237,12.552999999999999,6.315999999999999,8.57477789371075,0.35130882352941173,1.1906389072969203,-4.197,2.707,6.904,1.2413858775815132,6.067676470588235,0.9156837840584178,3.491,10.003,6.5120000000000005,6.136381225455084,0,,,,,,,,,,,,,,,,,,,136,db917bf3-e03d-4745-824d-b2ce7cf33451,b620b7f9-2113-4126-b57e-afd3c497363a,Pothole,11.0,,0.5294117647058824,Chevrolet Spark 2013,Console
-5.895198830409357,1.6153076060679137,-11.219000000000001,-1.3730000000000002,9.846,6.112494409999956,1.6865204678362573,0.6752390379361946,-0.275,3.57,3.8449999999999998,1.8166725205120555,8.521573099415203,1.2475926944344389,5.178,14.239,9.061,8.612415202478514,0,,,,,,,,,,,,,,,,,,,171,dbc5eaf3-ef35-4fe2-9ae2-c05edd33f852,1759b48b-9b30-40b9-8855-2f8d97f02c3a,Pothole,12.0,,0.0,Kia RIO 2018,Copilot trousers
6.127832432432432,1.115713737879965,2.574,11.457,8.883000000000001,6.228575074996276,-1.0867999999999998,0.8232644237129109,-4.204,1.403,5.606999999999999,1.3634142992323908,7.136416216216217,0.9936102312420733,4.463,10.853,6.39,7.205254867296695,1,0.008810810810810813,0.028715602537162887,-0.053,0.105,0.158,0.030036914225935664,-0.007529729729729729,0.09045249870262609,-0.33399999999999996,0.32,0.6539999999999999,0.09076536427157306,0.012405405405405407,0.034745763466783985,-0.061,0.154,0.215,0.036893931237564834,185,dbdad71c-829c-4883-8b58-a1bfad46cf76,d5cccc00-7337-4cd9-8d22-256496484c70,Pothole,5.0,,0.0,Chevrolet Cruze 2010,Right door
-1.201406976744186,1.5027714348937835,-6.7860000000000005,4.158,10.944,1.9239804337108852,7.404709302325582,2.599041647465909,-0.628,20.006,20.634,7.847594366250673,-6.19693023255814,2.3933685067465045,-17.180999999999997,0.039,17.22,6.643053297714769,0,,,,,,,,,,,,,,,,,,,86,dc76a0d2-58a5-4d46-81f7-06d13108ed1a,42dd29da-69c2-4a10-86a8-a40a9c569324,Metal_bumps,,bad,27.429069767441863,Kia RIO 2018,Left door top
-7.819437037037039,1.4259549866014156,-11.376,-3.06,8.315999999999999,7.948392491567083,1.8079185185185185,0.6854084270559319,-0.0,4.119,4.119,1.9334823716500447,5.6640148148148155,1.571748768847335,2.9810000000000003,12.552999999999999,9.572,5.878048827188731,0,,,,,,,,,,,,,,,,,,,135,dc866b8f-2648-4611-bfee-066280ba4915,a89db916-dafa-4dce-a766-54abb2259a1b,Pothole,12.0,,0.0,VW Pointer 2004,Dashboard
-0.24304907975460124,0.5169398607933685,-1.922,1.177,3.099,0.571226465464115,-7.754889570552147,0.6690572252262305,-10.866,-5.2170000000000005,5.648999999999999,7.7836976959595425,6.294533742331288,0.9372363189575571,4.119,9.336,5.2170000000000005,6.363927007038991,0,,,,,,,,,,,,,,,,,,,163,dcbaab3a-cb78-42b4-a94c-65e64b3896be,1928e690-d4bc-47f8-b629-73a6d305cbd7,Pothole,9.0,,13.5,Kia RIO 2018,Console seats
9.466160256410257,2.5751437189088753,-1.726,19.77,21.496,9.810176103061398,-0.3713333333333333,0.9727635845635831,-2.511,3.177,5.688000000000001,1.0412288105394683,-2.9118333333333335,1.6185542212400599,-10.042,2.432,12.474,3.3314397980760706,0,,,,,,,,,,,,,,,,,,,156,dcc66599-193f-4994-a90c-b667725808a9,cdc75e64-c77f-4aec-a30b-877b86524a4a,Pothole,11.0,,1.8,Chevrolet Spark 2013,Left door
-7.245962962962963,1.209863201722503,-10.042,-3.766,6.276,7.3462744454256015,1.3384920634920634,0.7323845494300724,-0.353,4.158,4.511,1.5257614925915297,7.112513227513227,1.5940288566574883,2.1180000000000003,11.297,9.179,7.288948648975887,0,,,,,,,,,,,,,,,,,,,189,dd1d694e-4022-471f-bac2-4773ad885bc6,ab50424e-3c17-4153-94e2-27ccae1e6d55,Pothole,10.0,,0.0,VW Derby 2001,Copilot trousers
7.0465843373493975,0.676830121944605,5.138999999999999,8.943999999999999,3.8049999999999997,7.079014750468415,0.04584939759036145,0.2860777048679758,-0.706,1.3730000000000002,2.079,0.28972852894033013,7.269680722891566,1.0020652351077377,4.4719999999999995,10.591,6.119,7.338418940629703,0,,,,,,,,,,,,,,,,,,,166,dd4bff46-5623-477f-a060-512ddf1159eb,6d3c12d9-a5c6-4772-b881-f8e3432c3d30,Pothole,6.0,,5.463542168674699,VW Derby 2001,Left door
2.8129090909090912,0.8210107246055652,-0.11800000000000001,5.178,5.296,2.9302757828635113,1.3454818181818182,0.8162155991004314,-0.863,5.099,5.962,1.5736992175357802,9.932972727272729,1.2491482877187734,7.022,14.632,7.609999999999999,10.011209649460676,0,,,,,,,,,,,,,,,,,,,110,dd50ec16-d10e-4656-a7be-68f86c2beb84,2733c0d5-dec6-4a5b-b869-0d07ecf9602b,Pothole,7.5,,13.5,VW Pointer 2004,Glove compartment
4.8856363636363636,1.1056587377631364,2.7889999999999997,8.943,6.154,5.009183957699889,-0.020032467532467537,0.80586852734267,-1.8769999999999998,1.5830000000000002,3.46,0.806117474762136,8.1717987012987,0.6662471985747503,6.184,9.975,3.7909999999999995,8.198913302636871,1,0.014155844155844156,0.037914142560601084,-0.079,0.086,0.16499999999999998,0.040470608222142275,0.008045454545454543,0.07730924080021144,-0.203,0.23,0.43300000000000005,0.07772675248553777,0.01283116883116883,0.061368146608108944,-0.125,0.12300000000000001,0.248,0.06269520166398951,154,dd63ce05-5f90-44c4-81e4-ae30762b77e5,fe07ba30-6a0a-45e5-b77e-f01bf9da847a,Pothole,8.0,,0.0,VW Pointer 2004,Right door
2.9062664092664092,0.43922337839685843,1.255,4.158,2.9030000000000005,2.9392688917077012,9.534185328185329,0.5297064281433614,6.669,11.964,5.295000000000001,9.548888876314393,2.3585984555984556,0.43536883683869576,1.138,3.923,2.785,2.3984438077306915,0,,,,,,,,,,,,,,,,,,,259,dd6680f3-eb8b-4f15-a10e-c9bf51ae2b86,9297cb19-7576-42e9-a7b4-9bdd30c73935,Pothole,5.0,,9.36138996138996,Peugeot Partner 2013,Left door
4.778314465408805,1.1326151413186258,0.091,8.959,8.868,4.91071340934077,0.05417610062893081,0.7395770551882309,-2.536,2.428,4.964,0.7415586763299662,8.27662893081761,1.5557346847960525,2.366,15.18,12.814,8.421573301226115,1,-0.012125786163522011,0.0640669600715503,-0.183,0.16,0.34299999999999997,0.06520437150140382,-0.0015094339622641504,0.05655707507632476,-0.27,0.14,0.41000000000000003,0.056577213894601346,-0.0075786163522012584,0.040606314167710135,-0.134,0.10400000000000001,0.23800000000000002,0.041307483294200205,159,ddbadba8-0f80-488f-8a72-d1937560172b,ea7a7498-8dcb-4be6-a057-6ec392e81924,Speed_bump,,bad,0.0,VW Pointer 2004,Right door
9.06786842105263,2.9890157023093558,0.51,26.949,26.439,9.547798310090942,0.4253245614035088,0.9743455337924524,-1.6480000000000001,6.041,7.689,1.0631322597656352,5.915333333333332,2.7447447478762306,-1.0979999999999999,25.654,26.752,6.521103601035533,0,,,,,,,,,,,,,,,,,,,114,dddccc81-116c-4dc4-94e7-7a8510ecab8a,d862f5c8-89cb-47ed-810f-4d784db4cf03,Metal_bumps,,good,23.400000000000002,Chevrolet Spark 2013,Console
-7.631188524590165,0.8873396260730514,-9.846,-5.806,4.04,7.682604370253363,3.5181557377049177,0.5694157347882616,2.275,4.511,2.236,3.563938000831453,5.798147540983607,1.1254410259190937,3.138,8.982999999999999,5.844999999999999,5.906363721430984,0,,,,,,,,,,,,,,,,,,,122,de17c87c-64c2-4256-926a-f4a0e620abc0,43bed957-6acb-4f0b-bfce-1364f369321a,Pothole,7.0,,0.0,Chevrolet Spark 2013,Copilot
-7.977529100529101,0.7492222248938244,-9.375,-6.315,3.0599999999999996,8.012634054545577,1.0715873015873016,0.767500905018248,-0.353,2.7460000000000004,3.099,1.3180883825172667,5.740746031746033,0.6984873899454623,3.9619999999999997,7.767,3.8050000000000006,5.783083056201133,0,,,,,,,,,,,,,,,,,,,189,de208c91-b298-477b-9582-6cdc69ef55e7,99dd3e85-69c4-44ff-b7d8-63401a678903,Speed_bump,,good,0.0,VW Pointer 2004,Dashboard
-7.502356589147285,0.8730758049655671,-10.513,-4.04,6.473,7.552987207187496,-0.17727906976744187,0.5044518857788137,-1.9609999999999999,0.981,2.9419999999999997,0.5346957767211284,-6.861643410852714,1.0742795516134163,-11.65,-3.2560000000000002,8.394,6.945230511128711,0,,,,,,,,,,,,,,,,,,,129,deab396c-43b7-4f28-a576-29e7ce1bf8ee,9614dec6-cc79-4978-be4f-a35e91307e01,Pothole,5.5,,9.9,Chevrolet Cruze 2010,Left door
0.558010498687664,0.5512717769560267,-2.197,2.197,4.394,0.7843954925379867,-2.7207611548556434,0.8176142158408958,-5.296,0.745,6.041,2.840956576175802,10.38920997375328,1.6972863018821227,2.511,16.789,14.278000000000002,10.52693994802342,0,,,,,,,,,,,,,,,,,,,381,df0c9889-dd62-4844-984c-5c329c3849f9,afc2c7cc-b1ce-4a42-a1e1-6690797faad2,Speed_bump,,good,7.875590551181102,Chevrolet Express van 2013,Console
6.636360902255639,1.1048925939590926,2.471,9.611,7.140000000000001,6.727709392443534,-0.21884962406015043,0.5788668408989583,-1.804,1.294,3.098,0.6188553768398631,7.69872932330827,1.6310039213305967,2.9419999999999997,12.552999999999999,9.610999999999999,7.869600179485766,0,,,,,,,,,,,,,,,,,,,133,df102dd2-8cf8-466e-a4e5-3f4daa233223,ecba91f1-e62b-4b78-acee-87b22af1031d,Pothole,10.0,,13.751999999999999,VW Derby 2001,Left door
-0.07899999999999999,0.8169885052355846,-2.785,1.53,4.315,0.8207991335808505,6.267156462585033,0.6452190230955356,4.668,7.649,2.981,6.300282351949451,8.419292517006802,0.6731861414946593,6.904,10.787,3.883000000000001,8.446162801416227,0,,,,,,,,,,,,,,,,,,,147,df15d66a-7442-4b8b-84a0-18cff9f49604,54bed0c6-e190-4521-baec-6c5473d5608d,Pothole,5.0,,11.379183673469386,Peugeot Partner 2013,Console
1.0969243027888447,0.5927602377430651,-0.634,3.991,4.625,1.2468390535662606,7.4459681274900404,0.5916887363615528,5.272,9.275,4.003,7.469440201001322,6.105569721115538,0.6849249516276025,4.121,8.488,4.366999999999999,6.143867170501405,1,0.003051792828685259,0.031195076144645447,-0.105,0.16899999999999998,0.27399999999999997,0.031343998072030345,0.012003984063745022,0.041254481635860735,-0.235,0.16,0.395,0.04296542666431016,0.009589641434262948,0.04121707828197562,-0.14,0.198,0.338,0.042317948496356,251,df2bdf34-aa83-44b4-8a52-46dd5c66a2c6,0ad1a6ff-d6ae-40fb-a4df-982777f4760d,Pothole,6.5,,0.0,Peugeot Partner 2013,Right door
1.5107943925233644,1.5906737873971777,-2.275,12.199000000000002,14.474000000000002,2.1937964341279534,-0.2840841121495327,1.5737798307075765,-3.0989999999999998,12.356,15.455,1.5992144128658163,9.563224299065421,1.962160269104577,3.727,15.534,11.807,9.76244497633087,0,,,,,,,,,,,,,,,,,,,107,e0133979-36b9-4d2a-a93d-e5b43dc670c6,80c59f59-8727-4310-b427-dba7e1f77b0b,Metal_bumps,,bad,12.6,Peugeot Partner 2013,Glove compartment
0.012354330708661408,0.47204438146406974,-2.471,1.4509999999999998,3.9219999999999997,0.47220602236635567,0.3311181102362205,0.9917707746826073,-4.119,2.04,6.159,1.0455852296398152,10.646118110236221,2.2086242256893636,2.707,20.202,17.495,10.87280330859533,0,,,,,,,,,,,,,,,,,,,127,e01a3eda-c757-47e1-b548-5c9976ec1dfe,9a13fff3-e344-405e-a24d-dab4a409932b,Metal_bumps,,good,19.38897637795276,Chevrolet Cruze 2010,Dashboard
0.034266802443991856,1.2009839652653995,-2.9810000000000003,5.531000000000001,8.512,1.2014727206950386,-7.911456211812627,1.1877951847149766,-11.964,-1.883,10.081,8.000124798542876,6.095865580448065,0.8644732301454482,3.06,9.728,6.667999999999999,6.156857245423962,0,,,,,,,,,,,,,,,,,,,491,e085d810-68a6-48a2-8472-e4ace7b62e81,55efcea6-5eb1-4d7d-99c3-a46838ab6b8c,Pothole,16.0,,7.483820773930753,Chevrolet Express van 2013,Console
-0.6300040650406504,1.090867740293361,-8.63,4.119,12.749,1.259721218675183,3.922353658536586,0.9515159710789527,-0.314,6.59,6.904,4.0361170530416555,9.808573170731709,1.118621698702759,5.727,14.788,9.061,9.872153875948579,0,,,,,,,,,,,,,,,,,,,246,e0970908-46dd-4b32-a97f-d31a51023728,96fec4bf-1ec1-49cd-8ee1-8d1593e1d11c,Pothole,6.0,,5.597560975609756,Chevrolet Cruze 2010,Console between seats
0.89305,0.7380885205493083,-1.168,3.0069999999999997,4.175,1.1585823089736296,7.187275,1.6599636389717498,1.003,13.802999999999999,12.799999999999999,7.376476205366173,6.385766666666666,1.7589257457007357,0.855,13.588,12.732999999999999,6.62358178782447,1,0.00032500000000000053,0.06452533901499471,-0.16,0.23199999999999998,0.392,0.06452615748671231,0.011708333333333336,0.06572092460210488,-0.24100000000000002,0.23800000000000002,0.47900000000000004,0.06675571136614455,0.002016666666666667,0.045183327185539975,-0.34,0.10400000000000001,0.44400000000000006,0.04522830971858224,120,e0ac32aa-2258-47af-936e-260a0196e516,5b56e1e0-d15f-4dce-84ab-971784b6d646,Speed_bump,,good,0.0,Peugeot Partner 2013,Right door
-7.132681818181818,1.7220493619002148,-13.219000000000001,-2.7460000000000004,10.473,7.337615683874594,-2.553893939393939,1.0006098160135464,-3.923,0.157,4.08,2.7429171073103467,-7.13919696969697,1.1974043925862123,-11.335999999999999,-4.119,7.216999999999999,7.238916400367886,0,,,,,,,,,,,,,,,,,,,66,e0e932a6-5975-4683-a5ed-22f04133a52c,7ab712a5-c434-4df3-9243-b12d01b45f5a,Pothole,5.0,,11.700000000000001,Chevrolet Cruze 2010,Left door
-0.14918367346938774,0.7158630205725396,-1.6869999999999998,1.726,3.413,0.7312425265621941,-2.171612244897959,1.0437117532133289,-4.864,-0.353,4.511,2.40940531376238,10.113544217687075,0.9741419614049925,7.296,12.905999999999999,5.6099999999999985,10.160350840600024,0,,,,,,,,,,,,,,,,,,,147,e0f23af2-203e-41d2-8dbb-fd554dd1b677,1f4d98d4-9b4d-4b02-9fdb-ea22bcd90984,Pothole,4.5,,25.4265306122449,Peugeot Partner 2013,Console
-5.967067226890756,0.9109872263500637,-8.081,-2.903,5.177999999999999,6.036206508793973,1.4306134453781514,0.622333506596477,0.235,3.138,2.903,1.5601134008556594,8.613394957983195,0.7148840326533007,6.315,10.552,4.236999999999999,8.643010579789483,0,,,,,,,,,,,,,,,,,,,119,e0ff305c-b5cf-4a40-8ee5-64c502c4aea4,a5b63b0a-eb19-4598-8492-5ae743c1d496,Pothole,6.5,,0.0,Kia RIO 2018,Copilot trousers
6.556952755905512,0.90425622508371,3.06,8.551,5.491,6.619011162083013,-0.3520314960629921,0.6954958910310461,-1.53,1.53,3.06,0.7795131228282288,7.782653543307086,1.4738309680853654,3.805,12.003,8.198,7.920976827237774,0,,,,,,,,,,,,,,,,,,,127,e1d60679-3206-4f45-a801-d599d106b8c7,a23c5991-cc40-4048-b7bc-dc67341721e4,Pothole,10.0,,13.751999999999999,VW Derby 2001,Left door
-1.1278144329896906,0.9074171607971797,-3.138,0.981,4.119,1.4475397400310197,3.63879381443299,0.8050458773908521,1.6869999999999998,6.159,4.4719999999999995,3.726784041054672,9.814773195876288,1.24051347454135,4.7860000000000005,13.219000000000001,8.433,9.89285836181891,0,,,,,,,,,,,,,,,,,,,97,e1f1203f-bb3e-47fd-ba0d-216e8810cd60,a9581f32-e3e3-4f0e-8d2c-372c70256802,Pothole,7.0,,7.4134020618556695,Chevrolet Cruze 2010,Console between seats
10.412598484848486,1.4776176252201856,5.021,18.75,13.729,10.51691784949518,0.9351742424242425,0.8632036742715715,-2.707,4.001,6.708,1.2726631317712072,0.3138257575757575,2.0986830448330878,-9.885,8.787,18.672,2.122017231029918,0,,,,,,,,,,,,,,,,,,,132,e21feb5f-3e6c-42b1-89f2-a56feb394b20,05f9cb1b-ef7e-454b-9921-c9a5df6fbb3b,Metal_bumps,,good,7.2,VW Derby 2001,Console left
1.3603927125506075,0.5780540961575698,-0.419,4.338,4.757,1.478111927576983,7.115506072874495,0.6646097078197868,4.702,8.935,4.2330000000000005,7.146476945799384,6.399210526315789,0.7341911880552243,4.566,8.732000000000001,4.166000000000001,6.441190267390705,1,-0.004020242914979757,0.024061569034342575,-0.066,0.11699999999999999,0.183,0.024395111344076268,-0.0044655870445344135,0.03711353941153188,-0.133,0.126,0.259,0.03738122891644473,-0.006761133603238866,0.033166303254801216,-0.111,0.147,0.258,0.03384843569783223,247,e2c78685-1445-4f25-be89-cce34af438f5,90791568-e66d-4aad-add3-e928fa45f713,Pothole,5.0,,0.0,Peugeot Partner 2013,Right door
1.7812481751824818,1.2234845640853278,-0.785,5.296,6.081,2.1609626420061003,1.4353430656934307,1.1385908657978039,-0.863,6.747000000000001,7.610000000000001,1.8321023104380414,10.019956204379561,1.9452346559464444,3.02,16.317999999999998,13.297999999999998,10.207029940407716,0,,,,,,,,,,,,,,,,,,,137,e2ff0725-143e-483e-98f5-bb563a516d41,9551d4fb-1551-4b44-ac58-24b6d7acfd31,Speed_bump,,good,8.1,VW Pointer 2004,Glove compartment
5.789629629629628,2.2092139257446517,-7.132999999999999,17.007,24.14,6.196808647843616,-0.2874285714285714,1.3822572220707483,-9.874,7.13,17.004,1.411825134937118,7.517058201058202,2.00489945433916,-2.739,14.71,17.449,7.779831991766006,1,4.23280423280409e-05,0.09044416153895717,-0.552,0.705,1.2570000000000001,0.09044417144375942,0.0019523809523809507,0.1996847061229538,-0.7859999999999999,1.5819999999999999,2.368,0.1996942504199699,0.004830687830687831,0.11195389692678426,-0.889,1.0290000000000001,1.9180000000000001,0.11205806790236296,189,e3779d72-ed1c-42bb-ae19-072a33be4460,d25c4b6a-2aab-4f47-aab8-e4d420014437,Metal_bumps,,good,20.771999999999995,Chevrolet Express van 2013,Right door
-0.0632440476190476,0.8108525018315439,-1.412,2.9810000000000003,4.393000000000001,0.813315184467691,-2.635422619047619,0.8744977571986801,-4.982,-0.902,4.08,2.7767244566815292,9.462922619047621,2.568678773771005,0.196,26.753,26.557,9.805356451292567,0,,,,,,,,,,,,,,,,,,,168,e3a8fcdb-9a72-49c0-a052-2704d2d2c0b6,6365dbed-bc7d-4f16-b29d-f27ab80cc5b5,Pothole,8.0,,4.285714285714286,Peugeot Partner 2013,Console
-0.3092767857142857,0.6655580795980467,-2.354,1.9609999999999999,4.3149999999999995,0.7339071381993774,-8.09432142857143,0.600186908600231,-10.081,-5.688,4.393,8.116542596098768,5.936517857142857,0.6979483323865187,4.668,10.238,5.569999999999999,5.977405469169474,0,,,,,,,,,,,,,,,,,,,112,e3cb39eb-9952-40a7-a5c9-44483175bf5e,a5b63b0a-eb19-4598-8492-5ae743c1d496,Pothole,6.5,,13.5,Kia RIO 2018,Console seats
-0.6528018867924528,2.0258500168916345,-9.336,8.041,17.377000000000002,2.1284310170497944,3.6857641509433967,1.7179246669619583,-4.433,8.12,12.552999999999999,4.066463148454176,9.875132075471699,2.710421087787303,-2.9419999999999997,20.006,22.948,10.24034257147348,0,,,,,,,,,,,,,,,,,,,106,e41dc696-22fe-4560-816a-4060db20276f,dc91461a-7ff8-41e1-b928-ff039ebd8227,Speed_bump,,good,13.593396226415095,Chevrolet Cruze 2010,Console between seats
7.465941176470588,0.8154081443779819,6.159,10.277000000000001,4.118000000000001,7.510337415352055,-0.006588235294117634,0.5148774254353519,-1.883,1.6480000000000001,3.531,0.5149195743679074,7.248361344537815,0.8676492701459195,5.021,8.591000000000001,3.570000000000001,7.300106672986003,0,,,,,,,,,,,,,,,,,,,119,e4556647-2751-4a6c-a79b-590cb73b71c9,e9f479ad-a384-4f42-a3d6-e24ba492ce54,Pothole,7.0,,23.400000000000002,Chevrolet Spark 2013,Console
-4.789511777301928,0.45906429523893755,-7.335,-3.138,4.197,4.811461637805823,-0.3282762312633833,0.3116255486682675,-1.177,1.334,2.511,0.45263204327056766,-8.36636188436831,0.7149038177345527,-11.729000000000001,-5.06,6.669000000000001,8.396850519618786,0,,,,,,,,,,,,,,,,,,,467,e49157a3-0ac5-43fe-b826-b369b4ff93d2,961f388e-a61f-4873-80a6-82c99c524970,Ditch,6.0,,6.417558886509636,Chevrolet Express van 2013,Left door
1.428581395348837,0.8987151741820264,-2.589,3.0989999999999998,5.688,1.6877599851406184,0.03282558139534883,0.5958854695610258,-1.608,1.608,3.216,0.5967889171456747,9.10379069767442,2.1399291289953437,0.902,12.356,11.454,9.351914335802379,0,,,,,,,,,,,,,,,,,,,86,e4ad2cb2-597f-4c41-b8de-251220061fab,9f7aefa9-58ca-4c3e-b1ed-e286f04dc97b,Metal_bumps,,bad,12.6,Peugeot Partner 2013,Glove compartment
2.1104319999999994,0.960122178358567,-1.922,5.138999999999999,7.060999999999999,2.318568054640622,5.1273599999999995,1.1689971113736766,2.001,10.317,8.316,5.2589328590503985,-8.520679999999999,1.4579633608565064,-15.102,-4.55,10.552,8.644515303011499,0,,,,,,,,,,,,,,,,,,,125,e51f672e-c2f7-45ed-a853-099ea0e574b7,832d58a9-5588-45c8-a243-7392fccd662d,Pothole,7.0,,11.700000000000001,Peugeot Partner 2013,Left door
-7.869768115942027,1.2123407368276513,-11.729000000000001,-4.9030000000000005,6.8260000000000005,7.962601350116027,2.4212971014492752,0.7980344187250693,0.5489999999999999,4.9430000000000005,4.394,2.549419264647642,5.09918115942029,1.232822137902708,1.9609999999999999,8.865,6.904,5.246093681997096,0,,,,,,,,,,,,,,,,,,,138,e520e851-5ae1-4af4-b13d-3e5ebd0b24bb,c62027c4-019a-4dd9-a7fa-f8ee1c70990c,Pothole,5.0,,0.0,VW Pointer 2004,Dashboard
-1.5745736434108528,0.9511482882716419,-7.061,1.02,8.081,1.8395557139717735,-7.540643410852713,0.6677731105006744,-10.787,-5.374,5.413000000000001,7.570153497568208,6.646953488372093,1.286288048445255,4.393,15.612,11.219000000000001,6.770267913469528,0,,,,,,,,,,,,,,,,,,,129,e52ad3a6-9a65-4189-b5be-9deeb8b5f236,18cac846-a98a-46d4-9db6-13d99b27a4d6,Metal_bumps,,bad,13.5,Kia RIO 2018,Console seats
4.653988235294118,1.3803341069901935,-0.73,9.946,10.676,4.854372126359543,-0.10518235294117648,0.9549036087697661,-5.09,2.54,7.63,0.9606790459939076,7.940764705882353,1.2093278069393252,-0.139,12.267999999999999,12.406999999999998,8.032323316377617,1,-0.004576470588235294,0.07622549773658623,-0.20800000000000002,0.23199999999999998,0.44,0.07636275655210002,0.004847058823529411,0.15523541938786378,-0.49,0.794,1.284,0.15531107304942782,-0.01298235294117647,0.05715010920986033,-0.18600000000000003,0.171,0.35700000000000004,0.058606112911438135,170,e542205c-6000-4b22-a6a2-09f69e645141,04a9ea4d-bded-4397-b793-2e3be7d52321,Pothole,12.0,,0.0,VW Pointer 2004,Right door
-1.4443174603174604,2.4671357811662924,-9.625,5.3629999999999995,14.988,2.85881302097372,0.32962698412698416,1.49163685383417,-2.9589999999999996,4.336,7.295,1.5276237928171164,9.52543650793651,5.155573200309209,0.6629999999999999,40.684,40.021,10.831153017591257,1,-0.0045158730158730105,0.3466180307944999,-2.2569999999999997,0.8959999999999999,3.1529999999999996,0.34664744681152976,-0.02734126984126984,0.7219348469338732,-6.59,1.545,8.135,0.7224523986076647,0.01934920634920635,0.1600111264712808,-0.613,0.475,1.088,0.1611767737018966,126,e563a47a-eafa-4953-8cfa-e044e6a8e8f2,479743f3-e957-4140-8ce1-0ea0b7201c22,Speed_bump,,good,8.347999999999995,Honda Accord 2007,Right door
-6.085940886699508,1.0984262214610967,-9.964,-2.824,7.140000000000001,6.184271714631731,1.8880935960591132,1.2930513216047603,-0.745,4.7860000000000005,5.531000000000001,2.2884228516127108,7.926270935960591,1.037520362666866,3.727,11.886,8.158999999999999,7.993886379803129,0,,,,,,,,,,,,,,,,,,,203,e5677c3e-4699-4544-a027-ac0b1133c782,c0d44874-0877-47eb-8577-b2f6cb147513,Speed_bump,,good,17.1,Honda Accord 2007,Copilot trousers
-5.123539603960396,1.2105082358355046,-8.904,-0.392,8.512,5.26459763537312,3.287475247524752,0.7178380853047904,1.726,4.9430000000000005,3.2170000000000005,3.3649346234068176,8.030975247524752,1.252811445984309,5.688,13.455,7.767,8.128105556988329,0,,,,,,,,,,,,,,,,,,,202,e587764f-ec66-4b9f-aa05-86b8c3dbfedd,756afc86-b9c3-4d61-975b-65c0817456c2,Pothole,7.0,,10.924752475247525,Honda Accord 2007,Copilot trousers
9.51575,1.932941479522227,3.452,19.809,16.357,9.710085521032118,2.165181818181818,1.5569901024294794,-6.08,9.414,15.494,2.666876540983569,2.642439393939394,2.3386352736792033,-12.199000000000002,12.630999999999998,24.83,3.5286967699052005,0,,,,,,,,,,,,,,,,,,,132,e59325b1-c894-4a21-9c98-1e739588d1e6,af6bbb39-4b3a-4500-b4c7-ebd7b65329eb,Pothole,6.0,,8.440909090909091,Chevrolet Spark 2013,Left door top
8.048179310344826,1.2283448222427442,2.511,13.18,10.669,8.141377107946363,0.17314482758620692,1.0544234049735453,-4.158,3.452,7.61,1.0685447338674512,-5.374006896551724,1.3490470685101712,-13.651,5.609,19.259999999999998,5.540747072123161,0,,,,,,,,,,,,,,,,,,,145,e5b78602-1927-4433-85f2-d807a4a4f4a1,1f9c99b4-b5ab-4fcc-b24b-369301561c0e,Metal_bumps,,good,9.9,Chevrolet Spark 2013,Left door
-4.639385245901639,2.2790714763272666,-13.612,0.5489999999999999,14.161,5.168951755830031,2.757434426229508,0.7639563757576321,-0.11800000000000001,4.158,4.276000000000001,2.8613063378492685,8.405409836065575,1.7320248869700399,3.883,14.671,10.788,8.582005868170418,0,,,,,,,,,,,,,,,,,,,122,e5de0b23-07ca-42ce-9bd1-7c0aeb6c6732,08eb2fa5-c031-49a7-8465-ba336d59836a,Pothole,9.0,,7.731147540983606,Chevrolet Cruze 2010,Driver trousers
-0.1939451219512195,0.36056590434848895,-1.0590000000000002,1.0979999999999999,2.157,0.4094172464702935,-8.35334756097561,0.5374117351750028,-9.964,-6.394,3.5700000000000003,8.370616873777044,5.407987804878049,0.6130213061570523,3.805,6.943,3.1379999999999995,5.442621355515391,0,,,,,,,,,,,,,,,,,,,164,e5f7a4df-55c3-4e09-89d5-15d23e442a77,75f3fc7e-0920-4574-858d-13014923128d,Pothole,4.0,,7.56219512195122,Kia RIO 2018,Console seats
5.800546610169491,0.76174172211933,2.432,8.708,6.276,5.850349684246755,0.1633940677966102,0.6369574406122042,-1.0590000000000002,3.373,4.432,0.6575807194119767,8.366194915254237,1.4356870985903896,3.766,14.239,10.473,8.48848719178422,0,,,,,,,,,,,,,,,,,,,236,e6047417-f7a3-4514-b819-ef5d6f36358d,4d755dac-906f-4660-b34b-d379c1699188,Pothole,9.0,,11.028813559322034,Kia RIO 2018,Left door
-0.5681635220125787,0.7294849296378422,-2.314,1.0979999999999999,3.412,0.9246394163750892,7.345496855345913,1.4393420049532406,3.923,12.552999999999999,8.629999999999999,7.48518733627419,-6.454861635220125,1.2336404503458054,-12.513,-3.609,8.904,6.57168985045445,0,,,,,,,,,,,,,,,,,,,159,e6486718-8f25-4db2-b922-56df29b512c0,170a9178-30e6-4a97-89b5-1f5cec7849ab,Speed_bump,,good,14.626415094339624,Kia RIO 2018,Left door top
5.618706766917294,1.1014179840861935,2.476,9.058,6.582,5.725642960250899,-0.5442481203007518,0.6976934868509316,-2.823,0.725,3.548,0.884862824422584,7.688172932330827,1.420232955111991,4.027,11.509,7.482,7.818252022300798,1,-0.009330827067669177,0.08307906568417255,-0.191,0.2,0.391,0.08360140841350584,0.0001654135338345866,0.025442306975341014,-0.086,0.081,0.16699999999999998,0.025442844688923084,-0.011082706766917295,0.06932055268282532,-0.192,0.14400000000000002,0.336,0.07020089325310494,133,e67e00ea-5cc3-483f-be4e-91f82b0ad29c,f6cf7517-8f8e-4465-b6c7-0dde6013e931,Speed_bump,,good,0.0,Chevrolet Cruze 2010,Right door
-6.144724358974359,1.7090830446497338,-11.886,-0.51,11.376,6.377977916336968,2.536653846153846,1.3042885114893696,-0.0,4.707,4.707,2.8523290932867926,7.517948717948719,1.6364164012853795,2.667,12.277999999999999,9.610999999999999,7.69398541486157,0,,,,,,,,,,,,,,,,,,,156,e6ae011f-9645-44a6-acf5-3eeaba6961ea,479743f3-e957-4140-8ce1-0ea0b7201c22,Speed_bump,,good,25.2,Honda Accord 2007,Copilot trousers
-9.113037894736843,0.700509335476912,-12.435,-6.551,5.884,9.139921936209303,3.129301052631579,0.6265763513763947,0.47100000000000003,7.335,6.864,3.1914139502899435,3.2404315789473683,0.4820409865218731,1.412,5.57,4.158,3.2760891823218605,0,,,,,,,,,,,,,,,,,,,475,e6c44c7e-140c-4e96-b206-45c256415bd4,961f388e-a61f-4873-80a6-82c99c524970,Ditch,6.0,,11.822324210526315,Chevrolet Express van 2013,Copilot
-1.8478921568627453,2.9433527598237377,-20.006,8.316,28.322000000000003,3.4753461542926716,-0.46805882352941175,1.7246757116238642,-8.748,5.649,14.396999999999998,1.7870605396989268,10.994598039215683,3.3510674894456667,1.608,20.006,18.398,11.493947945016329,0,,,,,,,,,,,,,,,,,,,102,e6f8cc04-f73a-4eb8-a972-767dfc052235,d2ff0919-5520-48f8-8d1a-f6d3820f0aa9,Speed_bump,,good,22.91470588235294,Peugeot Partner 2013,Console
6.160431952662722,2.242823969417929,-5.117,16.81,21.927,6.556003447313266,0.010727810650887588,1.318780994148893,-6.979,7.037000000000001,14.016000000000002,1.318824626874136,7.594550295857987,2.6767509447558604,-7.456,30.185,37.641,8.052464828645205,1,0.005763313609467454,0.10795781919395495,-0.486,0.674,1.1600000000000001,0.10811154660292184,0.00225443786982248,0.31552115298861333,-1.57,3.4730000000000003,5.043,0.31552920700526726,0.011940828402366866,0.13353587839321931,-0.425,1.064,1.489,0.13406869209917516,169,e823500e-7be3-4e3c-a15d-167682e760ca,993a6072-7366-474d-8fc1-110eb1b14ca4,Metal_bumps,,good,20.771999999999995,Chevrolet Express van 2013,Right door
-0.6825933014354068,1.1223021333916354,-5.845,5.492000000000001,11.337,1.313581247498572,3.696516746411483,0.8268744638130752,-0.314,7.178,7.492,3.7878697754023563,9.913684210526316,1.27148429097291,3.883,17.652,13.769000000000002,9.994889040316039,0,,,,,,,,,,,,,,,,,,,209,e84687a7-dd3a-4c8f-8a6c-4fc57f5e7f7a,5794dfea-1dd6-4ee5-9198-242de74036d9,Pothole,6.0,,6.722009569377991,Chevrolet Cruze 2010,Console between seats
1.1389545454545456,1.4262721108882135,-3.3339999999999996,11.767999999999999,15.101999999999999,1.8252313801020106,-0.16437272727272728,0.9221669525346847,-2.314,3.727,6.041,0.9367018105129198,9.239236363636364,2.505213744926487,3.373,16.632,13.259,9.57285665258334,0,,,,,,,,,,,,,,,,,,,110,e84f2e2e-c886-44a0-b13f-439b92423aa5,33b53676-ba58-45b7-ba83-5d5965e43321,Metal_bumps,,bad,12.6,Peugeot Partner 2013,Glove compartment
6.259654320987655,0.7103408124319142,3.8160000000000003,8.773,4.956999999999999,6.299829861834829,0.1876213991769547,0.3812783412860541,-1.1540000000000001,2.3819999999999997,3.5359999999999996,0.4249411288201731,7.223341563786008,0.8264571136486364,4.501,10.152000000000001,5.651000000000001,7.27046729638604,1,0.0034074074074074076,0.02381778104907149,-0.065,0.068,0.133,0.02406028094893249,-0.0020370370370370356,0.05135299714233519,-0.198,0.126,0.324,0.05139338318685536,0.006288065843621398,0.02592406094278464,-0.065,0.09699999999999999,0.16199999999999998,0.026675770051095622,243,e87f4fde-5df0-4538-a140-25fb091fcb1b,af97e26d-d273-4cdf-823e-9512a0a15757,Manhole_cover,,good,14.591703703703697,Chevrolet Express van 2013,Right door
8.098631578947368,2.1523440883818377,2.589,20.006,17.417,8.379762438537014,2.843203007518797,1.6510537704063153,-2.667,8.63,11.297,3.2878232760805197,-5.048458646616541,1.544473200264417,-9.493,0.5489999999999999,10.042,5.279425363894477,0,,,,,,,,,,,,,,,,,,,133,e8999a10-af25-408c-952d-2a6418db0061,9597eaf3-206d-45f5-a157-b68d8acb5ffe,Pothole,7.0,,27.60902255639098,Chevrolet Spark 2013,Left door top
-0.20223529411764704,0.5221880469729119,-1.4509999999999998,1.3730000000000002,2.824,0.5599816698680729,6.474426470588235,0.5666778396983513,4.982,8.865,3.883,6.499178555560604,7.624661764705882,0.7764624836642543,6.1979999999999995,10.513,4.315,7.664095577085784,0,,,,,,,,,,,,,,,,,,,136,e90f3283-292a-4529-ae8e-e78d7fc43f3c,cbf7b19b-462b-4eb0-b8a2-ff4ee9ff7f36,Pothole,6.0,,0.0,Chevrolet Cruze 2010,Console
-2.235743119266055,2.087911943218904,-9.571,4.04,13.611,3.0590723394489467,3.383724770642202,0.9257694481013032,1.294,7.61,6.316000000000001,3.5080824383835982,9.885298165137614,1.2286197477218268,5.962000000000001,13.415,7.4529999999999985,9.961356649481292,0,,,,,,,,,,,,,,,,,,,218,e921aea8-e8d6-47d8-b116-6c7eb7ef888d,cfd05c0f-8067-4b02-8286-7004f0cb9673,Pothole,12.0,,0.0,Kia RIO 2018,Copilot trousers
7.484082278481012,1.4162316014432295,3.491,12.120999999999999,8.629999999999999,7.616902224658001,0.23531012658227848,0.8027038240459295,-1.608,2.471,4.079000000000001,0.8364832842383203,-6.770822784810125,1.0187265972709172,-9.336,-2.628,6.708,6.84703184330927,0,,,,,,,,,,,,,,,,,,,158,e96c3065-9b76-49fd-ae30-168aea88e52b,7e30328c-fb85-463c-8c20-e60f5a690a8c,Speed_bump,,good,12.6,VW Derby 2001,Console left
10.267039735099337,1.2848212691987009,7.492000000000001,15.377,7.885,10.347118952437633,1.8782317880794699,0.4077226924717405,0.5489999999999999,2.864,2.315,1.9219761818785916,0.40787417218543043,0.7903717735716222,-2.511,1.883,4.394,0.8894092875581534,0,,,,,,,,,,,,,,,,,,,151,e98d01c7-0c39-4ff5-b616-5bec99e1244b,bd1ca00f-ceb2-4f0b-afb6-08c178c0ba7f,Pothole,6.0,,8.1,VW Derby 2001,Console left
5.9630070921985805,1.1406294796640926,0.754,10.338,9.584,6.0711192700761005,-0.9099574468085109,0.9320170749382545,-5.4639999999999995,1.018,6.481999999999999,1.3025660762428612,7.4249929078014185,1.0337166401622266,4.535,10.238,5.702999999999999,7.496605216566339,1,-0.011836879432624115,0.028643473409931685,-0.066,0.055,0.121,0.030992906989954057,-0.007035460992907801,0.0564949519300779,-0.292,0.115,0.407,0.05693133851372668,0.00475886524822695,0.023655596464735557,-0.045,0.064,0.109,0.02412952636404601,141,e9c16603-e3d1-4a0d-82c5-63b49b3ad52e,cbf7b19b-462b-4eb0-b8a2-ff4ee9ff7f36,Pothole,6.0,,0.0,Chevrolet Cruze 2010,Right door
10.195564102564104,1.4454147979727319,4.4719999999999995,14.867,10.395000000000001,10.297511898885688,1.6213846153846156,0.8769763501586987,-0.392,3.452,3.844,1.8433598644170353,-0.6654957264957266,0.6725535294545238,-2.079,1.726,3.805,0.9461568643548552,0,,,,,,,,,,,,,,,,,,,117,e9d0e478-1820-4822-8987-b80a0c27d703,42faef55-8979-4402-b2d8-971968743298,Pothole,6.0,,15.3,VW Derby 2001,Console left
-1.0946907216494843,0.4907586250472243,-2.2359999999999998,0.039,2.275,1.199663204455197,2.8995257731958763,1.1178720404501932,-0.196,5.021,5.217,3.1075533154311965,10.106319587628866,2.049962763284601,5.57,15.495,9.924999999999999,10.312130863121565,0,,,,,,,,,,,,,,,,,,,97,e9dc6fa4-2576-460c-9740-7ec13e8f77e7,d3360deb-372b-402d-8f72-e95c80190688,Speed_bump,,good,19.289690721649485,Chevrolet Cruze 2010,Console between seats
0.3691343283582089,0.46630138532486926,-0.5489999999999999,1.608,2.157,0.594724418809551,-0.7157686567164179,0.7972451814317262,-3.138,1.6869999999999998,4.824999999999999,1.071412455244819,10.803432835820894,2.2979608463720878,2.511,16.593,14.082,11.04512494676055,0,,,,,,,,,,,,,,,,,,,134,ea124946-60ac-422b-8cd9-759886a9314e,160a6df2-ecf3-4892-862b-d31c2d9f26f2,Speed_bump,,good,18.0,Chevrolet Cruze 2010,Dashboard
7.021962962962963,0.8230248551583996,4.626,11.114,6.488,7.070030676413795,-0.6768641975308642,0.7510287143018152,-2.083,2.167,4.25,1.0110337638303373,6.390635802469135,0.5519176754250387,4.571000000000001,7.882000000000001,3.311,6.414424298426704,1,-0.017444444444444446,0.03480084432067847,-0.09,0.10800000000000001,0.198,0.03892823406484563,0.006012345679012344,0.06739280355528325,-0.14300000000000002,0.228,0.371,0.06766046313472099,-0.015543209876543208,0.04015603805364554,-0.17,0.055999999999999994,0.226,0.04305924715356853,162,ea1d1f1a-2e4e-4c0d-a1f1-7f2bb5910537,bd1ca00f-ceb2-4f0b-afb6-08c178c0ba7f,Pothole,6.0,,0.0,VW Derby 2001,Right door
-6.585380952380952,0.6909258781960608,-8.198,-4.59,3.6080000000000005,6.621527078940541,2.8005476190476193,0.4607986443009237,1.53,4.001,2.471,2.8382040724977577,7.3760119047619055,0.7223483445060683,5.412999999999999,9.14,3.727000000000001,7.411298047575742,0,,,,,,,,,,,,,,,,,,,84,ea23f89b-ccd5-4ea9-a60d-d72c8db71935,1e276e9e-d407-465a-9f69-6fceeba64db3,Pothole,7.0,,0.0,Chevrolet Spark 2013,Copilot
-1.6429090909090907,1.1673715116795476,-4.668,1.9609999999999999,6.629,2.015417209233048,0.05377272727272727,0.42414567949941034,-1.726,0.981,2.707,0.4275407157644329,9.744963636363636,1.2141236639671262,4.825,12.67,7.845,9.820306132980507,0,,,,,,,,,,,,,,,,,,,110,ea504214-0a43-4517-ad49-5c5d4a10b8b6,56ff9c4a-c249-4e45-b5fb-20593be8e162,Metal_bumps,,good,19.8,Chevrolet Spark 2013,Console
-0.12247955390334571,0.6824761311989648,-3.4130000000000003,2.157,5.57,0.693379341183936,7.027126394052044,0.593952884187129,4.59,8.277000000000001,3.687000000000001,7.052183022767992,7.809163568773234,0.6315600640550327,6.159,10.709000000000001,4.550000000000002,7.834660411170629,0,,,,,,,,,,,,,,,,,,,269,ea7d36ec-8516-4d11-b115-cc567b24ddb3,14818ed9-69cb-4d56-90e6-3aaec7acfe28,Pothole,7.0,,12.937918215613383,Peugeot Partner 2013,Console
1.1859602649006624,0.8936659144406496,-0.5529999999999999,6.042999999999999,6.595999999999999,1.4849715541236106,7.306344370860927,0.896259460469767,3.57,13.341,9.770999999999999,7.361110587818438,6.240781456953642,0.9980864731415189,2.387,10.719000000000001,8.332,6.320089382384121,1,-0.0035960264900662254,0.03803138801407916,-0.10400000000000001,0.094,0.198,0.03820101936852867,-0.0014039735099337768,0.09388757394087148,-0.233,0.276,0.509,0.0938980707049895,-0.004748344370860927,0.08312316072101848,-0.518,0.16399999999999998,0.6819999999999999,0.083258672956735,151,ea84dc9e-4695-4ec7-9e15-d28e0afb84c0,54bed0c6-e190-4521-baec-6c5473d5608d,Pothole,5.0,,0.0,Peugeot Partner 2013,Right door
-5.4684232804232815,0.5876238860152758,-6.943,-3.648,3.2949999999999995,5.49990499966054,2.297343915343915,1.35366534875915,-0.314,5.374,5.688,2.6664956294355595,8.710380952380953,1.0259629740821317,6.59,11.454,4.864000000000001,8.77059498322596,0,,,,,,,,,,,,,,,,,,,189,ea8b2ad7-f00c-4a6d-8300-9f1520e48826,8b8bd02b-b65d-41df-809f-5a68e35d145c,Speed_bump,,bad,0.0,Kia RIO 2018,Copilot trousers
-7.495223404255319,0.5688832687773424,-9.493,-5.609,3.8840000000000003,7.516781362604042,2.861914893617022,0.3278582549061333,1.726,3.609,1.883,2.8806332452460905,5.610648936170212,0.527354693255752,3.491,6.825,3.334,5.6353779338609415,0,,,,,,,,,,,,,,,,,,,94,ea9f3c7f-3ca8-4ee9-bdf8-0ee7053aed35,9d7a5b6c-863b-448d-a300-430f6f3c1b9c,Metal_bumps,,bad,0.0,VW Pointer 2004,Dashboard
-0.21432618025751074,0.6602256059014864,-1.922,2.471,4.393,0.6941423213086491,-0.6735793991416309,0.4276867650718978,-4.393,0.235,4.628,0.7978879469986154,10.064064377682405,0.8707243593805125,4.354,15.140999999999998,10.786999999999999,10.101660888594237,0,,,,,,,,,,,,,,,,,,,233,eaa709ec-8584-4815-95f0-cb897e50f298,99f0ebda-a429-4c18-8c40-5544859afeca,Pothole,8.5,,16.6480686695279,Honda Accord 2007,Console
6.904566371681416,1.1951132051100548,2.667,11.572000000000001,8.905000000000001,7.007234287076629,0.09441592920353983,0.621631947642921,-2.2359999999999998,3.844,6.08,0.6287611995167157,7.5717433628318584,1.2731206922241198,4.001,13.298,9.297,7.678029294653513,0,,,,,,,,,,,,,,,,,,,113,eaefdbf6-bfe6-4f0c-98e9-d562d61ba07e,10bfa320-b91b-4276-b64f-4de7e92da22e,Speed_bump,,bad,5.4,VW Derby 2001,Left door
-7.714656249999999,2.055138085527573,-18.437,0.157,18.594,7.983703000879354,2.58894375,0.7747668540186379,-0.628,4.707,5.335,2.702386615336525,6.1823875,1.8680530204851653,1.0979999999999999,15.298,14.2,6.4584469717959285,0,,,,,,,,,,,,,,,,,,,160,ebb8b14c-40bf-4b62-8cfc-4e21b105061a,d4dcf998-41d0-4383-9a5a-3d0f1a0212b3,Pothole,11.0,,0.0,Chevrolet Spark 2013,Copilot
6.025323308270676,1.2921014971473443,1.137,9.812000000000001,8.675,6.162308597280755,-1.941796992481203,0.6746394610434301,-4.781000000000001,-0.376,4.405,2.0556541446473955,7.1931804511278195,1.5857055251685832,1.915,11.765,9.850000000000001,7.365888066963657,1,-0.011518796992481203,0.09790240663855228,-0.244,0.222,0.46599999999999997,0.09857770493257811,0.007932330827067671,0.03860562027896504,-0.131,0.115,0.246,0.0394121274416097,-0.011939849624060151,0.08287446430029033,-0.217,0.18600000000000003,0.403,0.08373014297196239,133,ebdcac91-90b2-4cec-9140-b6d0d9834fca,160a6df2-ecf3-4892-862b-d31c2d9f26f2,Speed_bump,,good,0.0,Chevrolet Cruze 2010,Right door
-6.838433962264151,1.4079274411706315,-9.375,-1.4909999999999999,7.884,6.981864989803874,0.23756603773584906,0.7275943564416989,-2.7460000000000004,1.608,4.354000000000001,0.7653960868800681,-7.594009433962263,1.9772490633204425,-17.142,-1.3730000000000002,15.768999999999998,7.847196514775797,0,,,,,,,,,,,,,,,,,,,106,ec10d129-d859-4549-b7ef-94fe53fea76c,894fd446-d1ac-4f3f-a1cc-59aa8866537d,Metal_bumps,,good,13.104,Chevrolet Cruze 2010,Left door
3.4815784313725486,0.9657863446209844,1.02,6.355,5.335000000000001,3.613050184713036,-1.1723725490196077,0.8334060213973413,-2.667,0.863,3.53,1.438409882542552,10.238514705882352,1.705892301378192,5.609,16.004,10.395000000000001,10.37965567475485,0,,,,,,,,,,,,,,,,,,,204,ec1e80e1-5c4e-4c4b-8b52-8267344005cf,756afc86-b9c3-4d61-975b-65c0817456c2,Pothole,7.0,,14.920588235294117,Honda Accord 2007,Left door
-4.7283333333333335,0.6553709882769699,-7.218,-2.628,4.59,4.773536136176853,-0.012253968253968258,0.4207595035631998,-2.197,1.9609999999999999,4.1579999999999995,0.4209379046566365,-8.385962962962964,0.9472948975724942,-11.767999999999999,-4.9430000000000005,6.824999999999998,8.439297508629105,0,,,,,,,,,,,,,,,,,,,189,ec400adb-31c0-48d8-96f7-59453d8d86dc,ace132a4-dc34-49f4-9af8-91fd5c6d1fae,Ditch,6.0,,12.6,Chevrolet Express van 2013,Left door
0.7606148648648648,1.0337378223973,-0.902,3.217,4.119,1.2834129725494083,0.03206081081081081,0.6456702805355921,-1.334,2.275,3.609,0.6464657815822558,10.151756756756757,1.3637123102608735,7.335,15.769,8.434000000000001,10.24294276629102,0,,,,,,,,,,,,,,,,,,,148,ec8f6ab9-7b5e-4dfe-8cab-b58e720f9e52,1f4d98d4-9b4d-4b02-9fdb-ea22bcd90984,Pothole,4.5,,12.6,Peugeot Partner 2013,Glove compartment
-1.1575647058823528,0.8996649979621564,-3.687,1.412,5.099,1.466067241589807,-0.42899607843137255,0.8788895645365735,-4.7860000000000005,2.55,7.336,0.9780002566261342,10.808396078431374,0.9201886997360249,6.865,15.573,8.708,10.847496164155697,0,,,,,,,,,,,,,,,,,,,255,ec980b8b-bcdc-457d-868d-8fef21e48dae,0ad1a6ff-d6ae-40fb-a4df-982777f4760d,Pothole,6.5,,2.675294117647059,Peugeot Partner 2013,Console
9.209681818181817,2.0215470647808247,3.2560000000000002,19.809,16.553,9.428939056292215,2.137583333333333,1.7473145631080553,-1.804,15.769,17.573,2.7608641200526223,3.685818181818182,2.293101402620417,-1.6480000000000001,17.574,19.222,4.340918072495865,0,,,,,,,,,,,,,,,,,,,132,ecd88b8f-3c05-4086-91dc-04dd8a72bb5a,33738b16-0e25-4a5b-b72e-9c0308b2ef02,Pothole,6.0,,8.290909090909091,Chevrolet Spark 2013,Left door top
6.729326923076924,1.2792543359089368,3.113,9.773,6.66,6.849841786026138,-1.4404230769230768,0.9504861444279484,-3.702,0.711,4.413,1.725758543737232,6.459012820512821,1.5718860751240746,2.4330000000000003,12.244000000000002,9.811000000000002,6.6475313048317375,1,-0.13233974358974357,0.05303838677532646,-0.23,-0.028999999999999998,0.201,0.14257236129463594,0.023192307692307693,0.1625765742809553,-0.546,0.40399999999999997,0.95,0.16422248823174507,-0.15462820512820513,0.07081632235694713,-0.34700000000000003,-0.024,0.323,0.17007302353205028,156,ed1673af-a278-4b61-99b7-5c163c0c7a90,8f33e2c1-e701-4a5d-9a51-c7c0472f489a,Pothole,9.0,,0.0,Chevrolet Cruze 2010,Right door
-7.713856000000002,1.3693503026121547,-11.062000000000001,-2.001,9.061000000000002,7.834455605847799,2.2622799999999996,0.9926141453757347,0.11800000000000001,5.609,5.491,2.4704642559648584,5.6687840000000005,1.3476034347477746,1.02,9.454,8.434000000000001,5.826761283594858,0,,,,,,,,,,,,,,,,,,,125,ed1b96d7-4f31-4406-9240-526d012ef3e1,fa89b752-ed44-47b0-ae7a-2cac45fcefdf,Metal_bumps,,good,0.0,VW Pointer 2004,Dashboard
3.3402108108108113,0.9469325977850753,1.177,5.609,4.432,3.4718423935146316,1.8707675675675675,0.6910389710346863,0.353,3.844,3.4909999999999997,1.9943184678860473,9.687962162162163,0.8766304307299692,7.375,12.356,4.981,9.727542946066471,0,,,,,,,,,,,,,,,,,,,185,ed279d18-83ee-446a-9f4f-8f5b9585c97b,99dd3e85-69c4-44ff-b7d8-63401a678903,Speed_bump,,good,10.548,VW Pointer 2004,Glove compartment
8.0003984375,2.3480314472308628,1.844,17.574,15.730000000000002,8.337843056566697,2.8586328125000002,1.5899262014668605,-0.039,11.100999999999999,11.139999999999999,3.2710314707768404,-4.959078125,1.4920968813289184,-8.355,1.726,10.081,5.178687956724657,0,,,,,,,,,,,,,,,,,,,128,ed2c805e-05ec-4774-ba3c-56cc285c3674,8d11b47a-199b-4dda-ab38-fc6c7f7a418b,Pothole,5.5,,10.117968750000001,Chevrolet Spark 2013,Left door top
-0.4089527559055117,0.5923849017182524,-2.2359999999999998,1.334,3.57,0.7198348618582298,3.179803149606299,0.944188599198392,0.588,6.5120000000000005,5.924,3.317022788752342,10.205700787401577,2.255658453773115,4.276,18.083,13.806999999999999,10.452000938674242,0,,,,,,,,,,,,,,,,,,,127,ed5a040e-fb98-4cc8-b86c-63e2eae24856,752eccaf-ef23-4567-ba24-059b8e943f0d,Speed_bump,,good,18.8503937007874,Chevrolet Cruze 2010,Console between seats
2.185868778280543,0.7633646738714053,0.196,4.668,4.472,2.3153289056150252,0.46306334841628954,1.0053144464586548,-1.9609999999999999,4.982,6.943,1.1068354895398762,9.914235294117649,0.9630406638363144,6.5120000000000005,14.435,7.923,9.960898994936667,0,,,,,,,,,,,,,,,,,,,221,ed69868b-73a6-4db5-aef3-2bf52b9cd777,cfd05c0f-8067-4b02-8286-7004f0cb9673,Pothole,12.0,,10.20135746606335,Kia RIO 2018,Console
-0.6663519999999999,0.6696383352945081,-4.08,0.981,5.061,0.9446906837690314,6.342292,0.7067520121909806,4.158,9.14,4.982,6.381548888788677,8.432636,0.5677514733613643,6.629,9.611,2.982000000000001,8.45172713970346,0,,,,,,,,,,,,,,,,,,,250,ed81a21f-eb76-40d1-b93d-8f440e6adf1e,0ad1a6ff-d6ae-40fb-a4df-982777f4760d,Pothole,6.5,,12.700800000000001,Peugeot Partner 2013,Console
6.1235765765765775,5.120203023405692,1.255,43.228,41.973,7.982146897300881,-0.07072972972972973,0.6876902972792324,-2.354,4.511,6.865,0.6913180452148199,8.80309009009009,1.6827489069304629,-1.726,15.847999999999999,17.573999999999998,8.962479512836726,0,,,,,,,,,,,,,,,,,,,111,ed8cfc46-805b-49b0-95c1-c88586d37a2d,9d4b0e47-189e-4c3d-8db3-745cc72e6864,Metal_bumps,,bad,13.751999999999999,VW Derby 2001,Console
0.5048020833333333,0.5736458442096422,-1.138,1.9609999999999999,3.0989999999999998,0.7641300268388009,-8.141182291666667,0.5650369946396563,-11.69,-6.707999999999999,4.982,8.160766870304428,5.646385416666668,0.5755003867974312,3.06,6.904,3.844,5.675638199246847,0,,,,,,,,,,,,,,,,,,,192,ed9ca765-4235-46bd-9cd3-75663e1f61aa,0d7f3435-6be7-4d62-b063-6602a4ab764f,Pothole,4.0,,13.139062500000001,Kia RIO 2018,Console seats
6.6600866666666665,1.407632276492061,2.061,10.630999999999998,8.569999999999999,6.807215512478898,-1.0961533333333333,1.0318491862455268,-4.535,1.219,5.7540000000000004,1.5054118616954408,6.688593333333333,1.3619668821067403,2.301,11.44,9.139,6.825850464716222,1,-0.10062,0.06325026165953782,-0.23,0.046,0.276,0.11884855909938495,0.01968,0.14284431245240392,-0.342,0.436,0.778,0.14419361983111456,-0.11528666666666666,0.06816219251820535,-0.29100000000000004,0.027000000000000003,0.31800000000000006,0.1339294590446777,150,edb27c7a-e573-4511-b2ff-5b6341b7be1e,98ae06bc-e394-408e-9a30-9e7426f692a4,Pothole,9.0,,0.0,Chevrolet Cruze 2010,Right door
9.920347457627122,1.7072542202301144,4.629,14.2,9.571,10.066181532862517,-0.3546949152542374,1.0425165080875998,-3.138,3.53,6.667999999999999,1.1012035018752768,0.8257457627118643,1.721638740361216,-2.589,6.472,9.061,1.9094229539180556,0,,,,,,,,,,,,,,,,,,,118,edb4bcb3-ad03-43f4-b417-a1a73e01989d,3d151bb9-166b-41a2-a0ec-64ef8a553489,Speed_bump,,good,20.56271186440678,VW Pointer 2004,Left door
-7.866513513513513,2.4817780610707274,-13.455,-2.275,11.18,8.248712457268875,1.18872972972973,0.6321396270089877,-0.314,3.727,4.0409999999999995,1.3463576339065257,5.617878378378378,1.067497869517498,3.06,8.708,5.648,5.71840092820324,0,,,,,,,,,,,,,,,,,,,148,eddc12a8-db36-4cc6-89d8-9f974e28c58f,c1d7144a-64b5-4631-becc-8ee4975525f3,Speed_bump,,good,0.0,VW Pointer 2004,Dashboard
10.019430555555555,2.931762331802745,0.196,20.006,19.81,10.439550710053464,-0.21192361111111113,1.3271065962370352,-4.59,6.669,11.259,1.3439209555335545,-0.9790416666666667,1.9943968695482575,-6.59,7.178,13.768,2.2217428875397203,0,,,,,,,,,,,,,,,,,,,144,ede3db3d-21d5-4ca5-8051-550149754b80,a89db916-dafa-4dce-a766-54abb2259a1b,Pothole,12.0,,9.18125,VW Pointer 2004,Left door
0.07088554216867467,1.026528260707875,-2.197,4.433,6.63,1.0289728033920438,-2.6605722891566264,1.0992557521476516,-5.766,0.275,6.041,2.8787164004913426,10.24967469879518,3.2657105339832997,5.531000000000001,31.695,26.164,10.757355470694996,0,,,,,,,,,,,,,,,,,,,166,edf12944-6ea4-4993-9c03-5faf887736f4,4b07f47f-1397-44bf-b3b3-42e97c2d12c2,Pothole,8.0,,11.96566265060241,Peugeot Partner 2013,Console
0.5629791666666666,0.2789601666295248,-0.314,2.2359999999999998,2.55,0.6283027269291983,-2.4122833333333333,0.5223210408572703,-5.178,0.314,5.492,2.468183572994521,10.515204166666667,0.9210756709680837,6.982,16.044,9.062000000000001,10.55546773280717,0,,,,,,,,,,,,,,,,,,,480,ee35a8ca-0ab3-413e-92c7-8d114c08116b,961f388e-a61f-4873-80a6-82c99c524970,Ditch,6.0,,2.76375,Chevrolet Express van 2013,Console
-4.711692111959288,1.8160513030281935,-11.925,1.53,13.455,5.049562841784403,-0.27413486005089055,0.506348826881748,-1.4509999999999998,2.511,3.9619999999999997,0.5757942826910005,-8.253541984732824,1.4763912156925678,-13.337,-0.745,12.592,8.384550453991057,0,,,,,,,,,,,,,,,,,,,393,eebbdfa3-a59f-4b91-bacf-d7c72de6a4ab,947a4a24-9b56-4f21-8225-94a4da436968,Pothole,16.0,,7.035114503816794,Chevrolet Express van 2013,Left door
-4.070674418604651,1.0111242354815508,-6.315,0.314,6.6290000000000004,4.194372711367037,-0.31742441860465115,0.5147102708243774,-3.57,1.4909999999999999,5.061,0.6047188804879542,-8.417523255813956,2.291955622397729,-29.538,0.51,30.048000000000002,8.723976062393184,0,,,,,,,,,,,,,,,,,,,172,eee06e38-80b2-4455-9f4a-584e59742beb,993a6072-7366-474d-8fc1-110eb1b14ca4,Metal_bumps,,good,18.0,Chevrolet Express van 2013,Left door
4.554129310344828,1.1861434213607795,0.917,8.447000000000001,7.530000000000001,4.706063109583138,0.461948275862069,0.6850945296570341,-1.733,1.963,3.696,0.8262873133105282,8.032793103448277,1.0762906167372155,5.334,10.463,5.129,8.104576888060398,1,0.0030603448275862088,0.05704721105835294,-0.086,0.10800000000000001,0.194,0.05712923944881466,0.012198275862068966,0.11822919149332486,-0.25,0.261,0.511,0.11885680315056608,0.006499999999999999,0.07217370091278592,-0.133,0.127,0.26,0.07246580644309616,116,eef1d9ea-d4f3-49aa-bb0e-94704b66b6e8,c62027c4-019a-4dd9-a7fa-f8ee1c70990c,Pothole,5.0,,0.0,VW Pointer 2004,Right door
-7.319892086330935,1.0561683475103283,-10.395,-4.4719999999999995,5.923,7.395695486822922,2.4317625899280575,0.627178500663098,0.981,4.276,3.295,2.5113387197802743,6.726086330935251,1.3453771982223461,3.766,10.317,6.551,6.8593204573551345,0,,,,,,,,,,,,,,,,,,,139,efb506b4-cdef-473c-9bb4-c899adad1735,0b9cef62-1da9-4632-8c7a-5b8dbb83b1aa,Pothole,10.0,,0.0,VW Derby 2001,Copilot trousers
-8.263875,0.755437332887682,-10.395,-6.472,3.922999999999999,8.298332096243525,1.6555454545454544,0.4495718141917957,0.235,3.138,2.903,1.7155015500377193,5.894693181818181,0.5620590465170846,4.668,7.492000000000001,2.8240000000000007,5.921428719451536,0,,,,,,,,,,,,,,,,,,,88,efcd8241-2bbc-45b6-868a-bfc088913d27,c2320087-6163-476c-b4aa-ce630700aaea,Metal_bumps,,bad,62.1,VW Pointer 2004,Dashboard
-2.3266832740213523,0.7257944936520361,-5.492000000000001,0.392,5.884000000000001,2.4372592608555896,-3.9419572953736655,0.8659341971324978,-5.335,-2.079,3.256,4.035947144390418,9.78373665480427,0.7580897854608821,7.532,12.356,4.824,9.813062878295481,0,,,,,,,,,,,,,,,,,,,281,effddfb4-c511-4cf4-8243-25433fd2cd51,93a8f4aa-76d8-48e2-a62d-f235d4b88aaf,Pothole,6.0,,14.387188612099644,Honda Accord 2007,Left door
-1.3508450704225352,1.3420108010300562,-9.493,4.864,14.357,1.9041468941145787,-0.21821830985915494,1.2187403397447247,-5.138999999999999,3.609,8.748,1.2381224682877188,11.108042253521127,1.7740407678804802,4.001,20.006,16.005,11.248814308722173,0,,,,,,,,,,,,,,,,,,,142,f017c98a-2ee5-4935-93fe-132df5f12c1f,60cf72a5-7c3a-4197-8eb2-3bad38f7053a,Pothole,7.0,,9.470028169014086,Peugeot Partner 2013,Console
9.21239097744361,2.343914490839997,2.432,20.006,17.574,9.505897257053336,1.609781954887218,2.1456375197106716,-6.041,10.982999999999999,17.024,2.6823792252906147,3.9014285714285712,2.2759374051070975,-1.0979999999999999,15.102,16.2,4.516750598596829,0,,,,,,,,,,,,,,,,,,,133,f03bc424-b466-43a9-8afa-5a9226d72f2d,43a943da-3432-4f22-8750-35ad80d287e8,Pothole,8.0,,4.41203007518797,Chevrolet Spark 2013,Left door top
4.762703999999999,1.680943606544848,1.3730000000000002,10.081,8.707999999999998,5.050635682763112,0.06655200000000003,1.116371926956245,-2.04,3.491,5.531000000000001,1.1183539010527928,8.864584,1.8818365632923602,4.864,15.377,10.513000000000002,9.062127694090389,0,,,,,,,,,,,,,,,,,,,125,f09dafef-8aee-43cb-b0f7-a8d18494e7f8,117c09e7-598b-4cc0-9898-06333e9a8c2c,Pothole,6.0,,14.076,VW Derby 2001,Console
0.23536752136752134,0.9394872451137711,-2.785,3.02,5.805,0.9685216331327627,6.552205128205128,0.9949211413878686,2.04,8.316,6.276000000000001,6.627311681191561,7.774615384615385,1.5994013882665457,2.9810000000000003,15.690999999999999,12.709999999999999,7.9374258534796525,0,,,,,,,,,,,,,,,,,,,117,f0bcb825-abe0-420e-b2fc-8253ff913406,33b53676-ba58-45b7-ba83-5d5965e43321,Metal_bumps,,bad,15.050769230769236,Peugeot Partner 2013,Console
-6.065844444444444,2.011033008428169,-11.062000000000001,-1.294,9.768,6.390518178143709,1.4917629629629627,0.8603704818481775,-0.745,6.119,6.864,1.7220900393718397,8.356125925925927,1.9487038329584887,3.177,12.552999999999999,9.376,8.580343065316125,0,,,,,,,,,,,,,,,,,,,135,f0cbedeb-1c12-4dd0-8c73-16b728c91db2,f4187f9b-512f-4135-8c4e-4250d8ce464a,Speed_bump,,good,0.0,Kia RIO 2018,Copilot trousers
5.992226315789474,1.0569124080333467,-2.718,9.63,12.348,6.084721855425665,-0.6115526315789475,1.092315033056143,-5.521,2.844,8.365,1.251858120008645,7.425499999999999,1.1406494445109583,2.112,10.779000000000002,8.667000000000002,7.512598179409249,1,0.002657894736842105,0.019699955003674868,-0.064,0.054000000000000006,0.11800000000000001,0.019878446407577917,-0.0032789473684210527,0.05570770596744337,-0.298,0.128,0.426,0.05580412171157253,0.008094736842105264,0.019602133978465084,-0.054000000000000006,0.08199999999999999,0.136,0.021207744365034007,190,f0e57015-6b9d-4b4e-a686-6b0a08df206a,a8de5d15-6299-4d0f-a88b-70395b907620,Pothole,6.0,,0.0,Chevrolet Cruze 2010,Right door
3.9047165354330704,0.8522119057172721,1.726,7.649,5.923,3.9966331273123767,0.5813622047244094,0.8491969496877145,-2.157,2.04,4.197,1.0291343315821044,9.315842519685038,1.4649058631183014,6.08,14.867,8.787,9.430316592743326,0,,,,,,,,,,,,,,,,,,,127,f1675e6e-c43f-4685-ae96-d2df09c5219d,32c7e7fb-bb87-4a03-bbe6-1326ee079f01,Pothole,5.0,,8.1,VW Pointer 2004,Copilot trousers
-4.798305309734513,0.7937443134313154,-8.943999999999999,-2.1180000000000003,6.825999999999999,4.86351353247125,-0.06905309734513275,0.2858579027130504,-1.216,0.706,1.922,0.29408004147928873,-8.39208407079646,0.8527794105280666,-12.513,-5.2170000000000005,7.295999999999999,8.435301285332747,0,,,,,,,,,,,,,,,,,,,226,f16ea9ad-e527-4ff7-8f0c-656a708ade44,1a8a5991-1b47-44fd-a0e3-6ca151853b9c,Manhole_cover,,good,13.057964601769912,Chevrolet Express van 2013,Left door
9.617555555555555,3.003624535370172,-0.5489999999999999,17.26,17.809,10.075670459759747,0.2286495726495726,1.5516312966099504,-4.707,6.669,11.376,1.568387805261284,-2.129957264957265,2.149593737776968,-15.181,5.688,20.869,3.026131389750648,0,,,,,,,,,,,,,,,,,,,117,f1940114-3bba-4488-ba13-2e5b80b8bf32,43e13e90-3539-4632-b069-13391b01ed46,Metal_bumps,,good,17.361538461538462,VW Pointer 2004,Left door
-0.009992700729927006,0.5161610467907211,-1.412,1.334,2.746,0.5162577653575496,5.984182481751825,0.9438904521598428,2.864,8.238,5.374,6.058165494651326,7.97070802919708,1.6304378264729773,3.295,13.572000000000001,10.277000000000001,8.135755281023437,0,,,,,,,,,,,,,,,,,,,137,f1b4165e-942c-4d2c-89b9-dce67a787d95,c212543d-8b43-4d9c-8c7f-3b50435227f0,Speed_bump,,good,0.0,Chevrolet Cruze 2010,Console
5.587316831683167,0.9436080946300472,2.923,7.774,4.851,5.666436765186866,-1.411544554455445,0.6426087383386239,-3.819,0.895,4.714,1.5509364976690632,7.582415841584159,0.8402718592055827,5.132999999999999,9.876,4.743,7.62883259693639,1,0.0061584158415841595,0.05849951047832206,-0.11199999999999999,0.11900000000000001,0.23099999999999998,0.05882277460202968,-0.009712871287128715,0.08773433533518224,-0.265,0.24600000000000002,0.511,0.08827034306802334,0.011514851485148513,0.06702779294410746,-0.132,0.099,0.231,0.0680096818966474,101,f1e2ce9d-705c-478a-877a-fe2ef9fd0b32,0deea081-7f07-4d7b-be84-ab78f5997160,Pothole,7.0,,0.0,Chevrolet Cruze 2010,Right door
9.97215625,2.741483156516001,-0.745,16.475,17.220000000000002,10.3421288994034,-0.5240234375,1.5050270837723099,-5.531000000000001,3.9619999999999997,9.493,1.5936458470869557,0.38428125,1.8137746549732792,-5.06,5.178,10.238,1.854036293637479,0,,,,,,,,,,,,,,,,,,,128,f1f39411-9131-4347-aa0f-9753ca6c30fb,fa89b752-ed44-47b0-ae7a-2cac45fcefdf,Metal_bumps,,good,10.31484375,VW Pointer 2004,Left door
8.290710843373493,1.133703957555233,5.296,13.455,8.158999999999999,8.36786537605662,0.3664819277108433,0.8882082052866054,-3.805,4.393,8.198,0.9608448466204668,6.56289156626506,1.003352759166218,4.433,10.67,6.237,6.639146215431584,0,,,,,,,,,,,,,,,,,,,166,f1fb695a-ca9c-4537-b3f7-ab03cbe8a8b7,d4dcf998-41d0-4383-9a5a-3d0f1a0212b3,Pothole,11.0,,20.350192771084334,Chevrolet Spark 2013,Console
-0.26588709677419353,0.7113532107741329,-2.864,2.275,5.138999999999999,0.7594203965589003,-2.1606370967741935,0.6859355024071425,-4.668,-0.8240000000000001,3.8440000000000003,2.2669054187193947,9.920540322580644,0.9604581307661123,7.492000000000001,13.219000000000001,5.727,9.966925308885546,0,,,,,,,,,,,,,,,,,,,248,f2281ad2-717e-4985-88b3-7ee8159201e3,0ad1a6ff-d6ae-40fb-a4df-982777f4760d,Pothole,6.5,,10.023387096774194,Peugeot Partner 2013,Console
0.9385454545454546,0.8201513063388098,-0.431,4.707,5.138,1.2464011134210327,-0.1918842975206612,0.7425501423376495,-1.726,2.432,4.1579999999999995,0.7669421735180959,9.732471074380165,1.4388942556405508,2.7460000000000004,14.514000000000001,11.768,9.838262544400918,0,,,,,,,,,,,,,,,,,,,121,f24e0e06-dc98-4eb1-b3e3-20e9f49ee571,a8f2e9e7-d4c1-4a6c-9676-b85e0ccb3cf0,Pothole,4.5,,12.6,Peugeot Partner 2013,Glove compartment
-0.47410404624277463,0.7362831045077891,-2.3930000000000002,1.726,4.119,0.8757211066586204,-5.058404624277457,0.9712320275341499,-8.434,-1.608,6.825999999999999,5.150800810963248,8.830531791907516,1.2487633584029656,2.9810000000000003,12.709000000000001,9.728000000000002,8.918391203192378,0,,,,,,,,,,,,,,,,,,,173,f252b7b6-a893-4a55-b594-e57d212e291b,27abc43f-5814-4e20-994f-3d0fbd04027d,Speed_bump,,good,17.427745664739884,Honda Accord 2007,Console
4.319192660550458,2.7410730486973085,0.196,22.869,22.673,5.115555365475748,0.6564403669724772,0.6625097462491361,-0.667,3.373,4.04,0.9326484435552632,9.72632110091743,2.5861366031054365,0.941,20.045,19.104000000000003,10.06426473658525,0,,,,,,,,,,,,,,,,,,,109,f2ec4ab7-7a88-4498-82ac-d6bf2a18afc2,321e06a2-9664-4a93-9149-9d701cfb1b45,Metal_bumps,,good,11.700000000000001,VW Pointer 2004,Copilot trousers
-0.3845401459854015,0.5427495828668765,-1.804,1.6480000000000001,3.452,0.6651678236179516,2.864985401459854,0.788591990990294,0.667,5.374,4.707,2.9715347345828076,10.300883211678832,2.021879244611593,4.707,16.907,12.2,10.497437335866213,0,,,,,,,,,,,,,,,,,,,137,f33fcb3d-1160-42a8-a2ee-818a9e27e3f2,160a6df2-ecf3-4892-862b-d31c2d9f26f2,Speed_bump,,good,21.9021897810219,Chevrolet Cruze 2010,Console between seats
-0.3896390041493776,0.6469365716770711,-2.1180000000000003,1.334,3.4520000000000004,0.7552122094668496,-8.22328215767635,0.5720361202552443,-10.356,-7.061,3.295,8.24315441852419,5.59148132780083,0.5507919163609134,3.805,6.394,2.589,5.618543866009579,0,,,,,,,,,,,,,,,,,,,241,f36edd2c-bbf9-4900-b65e-0689c15f70fe,ccb203e3-0b6c-46c4-b91f-eca77f8ec2d7,Pothole,12.0,,8.248630705394191,Kia RIO 2018,Console seats
-0.0796231884057971,0.5701322781028642,-2.079,1.216,3.295,0.5756654120812424,6.542586956521739,0.5154888594118148,4.315,7.728,3.4129999999999994,6.562863159309821,8.100862318840578,0.44149866958666695,6.315,9.964,3.649,8.112884282673948,0,,,,,,,,,,,,,,,,,,,138,f3c8d120-ceed-434b-9d16-7698cad880a2,b57f3df2-1453-4e16-a46e-112a9e24336a,Pothole,5.0,,13.70973913043478,Peugeot Partner 2013,Console
0.42143595505617976,1.1487670747221392,-2.667,6.159,8.826,1.2236315034273084,0.18843370786516853,0.5769865445325784,-2.04,3.648,5.688000000000001,0.6069767168775592,10.120588764044944,1.474829807544609,4.315,19.182000000000002,14.867,10.227484533947477,0,,,,,,,,,,,,,,,,,,,445,f3dd2572-cbeb-4007-8f9a-58df8ce88c30,5652fd31-9fa7-4530-8d4f-c748e4f99577,Pothole,16.0,,6.41123595505618,Chevrolet Express van 2013,Console
8.277075862068966,2.1127096609535174,2.785,17.809,15.024000000000001,8.542454386060895,1.1318689655172411,0.6650782713093967,-1.53,2.9419999999999997,4.4719999999999995,1.3128048072996097,-5.888834482758621,1.3832133702999174,-12.003,-2.903,9.1,6.049103304879448,0,,,,,,,,,,,,,,,,,,,145,f3e15b38-88cf-47aa-8b3b-a3c9c6d32d69,371999f8-49a2-43f0-a6bc-148fcf269c7f,Pothole,5.5,,7.2,VW Derby 2001,Console left
-1.0344432989690722,0.48454004056290795,-2.2359999999999998,0.667,2.9029999999999996,1.1423011816901538,-7.370185567010311,0.6172917125220375,-9.297,-4.982,4.315,7.395991099948367,6.762711340206185,0.6774391890198361,4.236000000000001,8.472999999999999,4.236999999999998,6.79655710825512,0,,,,,,,,,,,,,,,,,,,97,f4387592-7696-4c2d-afa1-7385875f7185,c16e3a65-c420-49c6-ab3f-6cbbd6d5c4dc,Pothole,6.5,,13.5,Kia RIO 2018,Console seats
2.946900921658986,0.4232470347155003,1.0979999999999999,7.061,5.963,2.977140086470579,9.513815668202765,0.7566464929744565,6.747000000000001,13.651,6.903999999999999,9.54385679292554,2.41363133640553,0.6050522600230855,0.628,5.57,4.942,2.488313578598523,0,,,,,,,,,,,,,,,,,,,434,f47c2af7-acfa-42b9-b826-1b3c5b91e8ee,bb13d56d-9395-405d-a6c1-48927c29d371,Pothole,6.5,,7.336866359447004,Peugeot Partner 2013,Left door
2.5258531468531467,0.9351704826292403,-0.235,6.237,6.472,2.6934138098422515,1.2835174825174827,0.5948586581037003,-0.628,2.903,3.531,1.4146639003837453,9.936426573426575,1.6636676707607239,2.3930000000000002,16.083,13.689999999999998,10.074738863505702,0,,,,,,,,,,,,,,,,,,,143,f4ce9c7c-89e6-49e3-a7e6-013a6662b938,ea7a7498-8dcb-4be6-a057-6ec392e81924,Speed_bump,,bad,14.076000000000002,VW Pointer 2004,Glove compartment
-7.307944444444444,1.3186871489908365,-13.494000000000002,-4.236000000000001,9.258000000000001,7.425967128933443,-0.06475,0.6685559635429849,-3.452,1.53,4.982,0.6716841809130902,-7.139900000000002,0.952385350930319,-11.886,-4.629,7.257,7.203138889863686,0,,,,,,,,,,,,,,,,,,,180,f4ef7d78-23d1-4c06-8b8d-cd2fd4a1322e,5f17fd7b-4b53-43e1-a72d-747dc3dc28b4,Pothole,5.0,,0.7200000000000001,Chevrolet Cruze 2010,Left door
2.948555555555555,1.0604840206361863,0.314,5.8839999999999995,5.569999999999999,3.133465529126214,-0.2683650793650793,0.7797758082689548,-1.9609999999999999,1.6480000000000001,3.609,0.8246636447571379,9.596507936507939,2.5774281993787693,2.55,17.180999999999997,14.630999999999997,9.936604082804784,0,,,,,,,,,,,,,,,,,,,126,f5177709-04ab-4870-a266-b98d2bd9ff31,a5c0ce37-a248-4648-990e-58d184f70c62,Speed_bump,,good,9.9,Kia RIO 2018,Console
0.7519069767441862,0.797216567133778,-1.204,3.4930000000000003,4.697,1.0958642053599286,6.0962093023255814,0.8302334188864884,3.445,9.392999999999999,5.947999999999999,6.1524836763372965,7.325472868217055,1.037370984431985,0.7490000000000001,10.762,10.013,7.3985600830381575,1,-0.0020232558139534895,0.0355506986196532,-0.109,0.121,0.22999999999999998,0.03560822568500302,-0.0033100775193798436,0.061459105764641093,-0.126,0.158,0.28400000000000003,0.06154817864546151,-0.017953488372093027,0.04674719416446152,-0.11199999999999999,0.109,0.22099999999999997,0.05007622097339959,129,f5b4cd53-704e-4190-a30f-2c7f79cdb375,c688f8dc-c99a-43a5-b5b6-36c9e0490633,Pothole,5.0,,0.0,Peugeot Partner 2013,Right door
0.01743650793650794,0.6216939671783062,-1.4909999999999999,1.608,3.099,0.6219384379783264,-0.24003968253968253,0.6842008709133812,-2.314,1.6480000000000001,3.962,0.7250861196798495,11.086793650793648,1.2657646432189438,7.414,14.122,6.708,11.158815061972378,0,,,,,,,,,,,,,,,,,,,126,f5bacfc2-ca5a-4108-bd93-e3cacbff5e94,239def7b-d731-4b2c-b6cb-14de8cd8b7b9,Speed_bump,,bad,18.071428571428573,Chevrolet Cruze 2010,Dashboard
4.958390476190476,1.5890816604941422,-1.166,9.596,10.762,5.206804839639684,-0.39437142857142854,1.0876171968127026,-4.877,2.49,7.367,1.1569096725657497,8.149333333333333,1.907360293413095,0.79,14.105,13.315000000000001,8.369567316574177,1,-0.024066666666666674,0.0862143802684875,-0.252,0.17,0.42200000000000004,0.08951046759750397,0.0007428571428571434,0.08984410080233199,-0.281,0.345,0.626,0.08984717182924729,-0.02997142857142857,0.06319410116275653,-0.19899999999999998,0.204,0.40299999999999997,0.0699412678779914,105,f65ada1f-7d38-4d1a-97ae-10d76d4ea0d7,d30c7921-211d-4f5c-9bdf-c5285b16a5c9,Speed_bump,,bad,0.0,VW Pointer 2004,Right door
0.05029545454545455,0.875039988165358,-5.335,2.785,8.120000000000001,0.8764842346764508,4.030507575757577,0.9741703579488776,-0.785,8.041,8.826,4.1465647474199,9.47323484848485,1.0759342935036036,5.335,13.376,8.041,9.534139347549146,0,,,,,,,,,,,,,,,,,,,132,f67ec251-e7f0-4eb8-8163-717a157bea72,9614dec6-cc79-4978-be4f-a35e91307e01,Pothole,5.5,,6.947727272727274,Chevrolet Cruze 2010,Console between seats
-5.1002281553398054,1.2257582877484354,-9.375,-1.177,8.198,5.245456187645156,3.683500000000001,0.7700938333319665,1.0590000000000002,5.492000000000001,4.433000000000001,3.76313921641705,7.9201553398058255,1.2412924501274192,3.648,12.749,9.101,8.016836505342868,0,,,,,,,,,,,,,,,,,,,206,f68abc1a-6606-4691-8617-8399f88bc62f,1d868bf5-e370-4f99-a6f7-bf9919c1481b,Speed_bump,,good,12.6,Chevrolet Cruze 2010,Driver trousers
1.2592142857142858,1.2035760936747233,-4.119,7.296,11.415,1.741900120733748,7.435051020408163,2.4432729903881354,1.3730000000000002,17.965999999999998,16.592999999999996,7.826210231116504,-6.508010204081632,2.161055564523296,-18.397000000000002,-0.667,17.73,6.857430857791258,0,,,,,,,,,,,,,,,,,,,98,f68c0db5-90b8-4eda-a1c6-77e4afc16a8f,961742d0-6534-466a-a275-3a5dffa09c48,Pothole,6.5,,16.2,Kia RIO 2018,Left door top
4.755120370370371,2.7851408426305393,-0.706,18.24,18.945999999999998,5.510733095514606,-0.21357407407407406,1.0139489742047225,-3.3339999999999996,2.9810000000000003,6.3149999999999995,1.0361980541418747,8.63024074074074,2.5009850795176334,1.3730000000000002,21.104,19.730999999999998,8.985320339927293,0,,,,,,,,,,,,,,,,,,,108,f6cee0ea-f05e-441e-8576-eb5f564290d7,de44f47c-b221-478d-b83e-6cd3d360c7c7,Pothole,6.5,,14.4,VW Derby 2001,Console
-5.8467843137254905,1.4918496785143442,-11.297,-1.883,9.414000000000001,6.03411155635275,1.6711437908496731,0.9527533709518636,-0.588,5.492000000000001,6.080000000000001,1.9236581181580983,8.45750980392157,1.51869494679055,4.354,12.395999999999999,8.041999999999998,8.592782228407549,0,,,,,,,,,,,,,,,,,,,153,f6fa3dde-b062-4083-b709-9d23ef504e88,1928e690-d4bc-47f8-b629-73a6d305cbd7,Pothole,9.0,,0.0,Kia RIO 2018,Copilot trousers
-5.1778941176470585,0.36540559329662253,-6.041,-4.276,1.7650000000000006,5.190771497684758,1.5870705882352942,0.5707362590288462,0.353,2.864,2.511,1.6865743177849486,9.164705882352942,0.5728346609528158,7.335,10.787,3.452000000000001,9.182590781409326,0,,,,,,,,,,,,,,,,,,,85,f6fb54c0-af8f-45ad-8708-ec15a2384edd,42dd29da-69c2-4a10-86a8-a40a9c569324,Metal_bumps,,bad,0.0,Kia RIO 2018,Copilot trousers
4.262666666666666,0.8980767429664962,2.511,7.218,4.707,4.356244821789568,0.23637719298245616,0.49474853421856535,-0.981,1.53,2.511,0.5483158665164488,9.248535087719299,0.8081172745775247,6.551,11.219000000000001,4.668000000000001,9.283773736915695,0,,,,,,,,,,,,,,,,,,,114,f75afc48-5cca-47fa-8883-afad20862ca4,dc974f5e-4b2a-4c35-a064-727244ba7cab,Pothole,6.0,,8.1,VW Derby 2001,Console
-4.672714285714286,0.9904182269284065,-7.492000000000001,-2.04,5.452000000000001,4.7765245796656775,3.7324285714285717,0.6859718783086448,0.981,4.707,3.726,3.794941430199762,8.11542857142857,0.9113275393598635,5.806,10.63,4.824000000000001,8.166437337171876,0,,,,,,,,,,,,,,,,,,,133,f795b33a-98fe-4dac-99aa-f443fd0ef13f,743b3b39-88d9-489b-935c-2a9e7b9133ca,Speed_bump,,bad,12.6,Chevrolet Cruze 2010,Driver trousers
-4.521355263157894,1.0061411000758158,-6.276,-0.8240000000000001,5.452,4.631951352178407,3.6005526315789473,0.47773240127702965,2.314,4.55,2.2359999999999998,3.6321078590812803,8.253039473684211,0.7609007895906817,6.276,10.356,4.08,8.288041419164692,0,,,,,,,,,,,,,,,,,,,76,f7c51de5-7082-4229-8fb2-3dd9e059ea10,0deea081-7f07-4d7b-be84-ab78f5997160,Pothole,7.0,,10.080000000000004,Chevrolet Cruze 2010,Driver trousers
-0.7679230769230768,0.9010893516870931,-5.766,1.334,7.1,1.183920551301848,7.19959829059829,1.8193653611251468,0.981,18.515,17.534,7.4259212131053385,-6.538089743589744,1.2210308645926884,-10.709000000000001,-2.2359999999999998,8.473000000000003,6.651130269925659,0,,,,,,,,,,,,,,,,,,,234,f7c5adc7-5c0b-42e2-bf94-d07338a6de5c,25d259df-54c2-4ff8-95a1-fddbef4bf3ec,Pothole,12.0,,10.161538461538463,Kia RIO 2018,Left door top
0.39900985221674873,1.1740736626890902,-4.746,4.668,9.414000000000001,1.24002331735585,-9.212270935960593,1.5311505543837824,-14.122,-2.7460000000000004,11.376,9.338648607680557,4.380822660098522,1.4426244106576862,1.804,8.943999999999999,7.139999999999999,4.6122415775258485,0,,,,,,,,,,,,,,,,,,,203,f7e64eb4-60bd-46ee-a5ca-d2c22f1472ec,c0d44874-0877-47eb-8577-b2f6cb147513,Speed_bump,,good,19.170443349753693,Honda Accord 2007,Console seats
-0.9516619718309859,1.7605195371442297,-17.965999999999998,2.079,20.044999999999998,2.0012719828388583,-0.8798169014084507,0.7067755946004312,-6.119,1.255,7.374,1.128543096707769,10.440612676056338,2.902843377435962,5.8839999999999995,31.851999999999997,25.967999999999996,10.836645824486103,0,,,,,,,,,,,,,,,,,,,142,f8d2d228-08a3-48b0-83fb-82cfcacd2f9d,6d7a11aa-bbf7-4b70-90c8-c6ef712a5f18,Pothole,8.5,,13.512676056338028,Honda Accord 2007,Console
-1.0527450980392157,0.9713246095495026,-5.099,2.079,7.178000000000001,1.4323909168108027,-0.5032875816993464,1.0137155088993364,-4.433,2.2359999999999998,6.669,1.131776268913524,11.031627450980391,1.1533328566379664,6.904,15.415999999999999,8.511999999999999,11.091752832416743,0,,,,,,,,,,,,,,,,,,,153,f8e18b7e-186d-42df-b93e-8ff10d15e9ad,b41a1fe3-7e59-4c46-9e72-2570c4c0c930,Pothole,7.0,,6.205882352941177,Peugeot Partner 2013,Console
0.5585785123966942,0.6214216671986121,-2.589,1.844,4.433,0.8355685746694921,-0.19196694214876034,0.5861442568312594,-3.217,0.941,4.158,0.6167790501421192,9.931818181818182,1.6304002347950746,2.3930000000000002,12.552999999999999,10.159999999999998,10.064751230026207,0,,,,,,,,,,,,,,,,,,,121,f8e6a6b9-f1f5-4285-a455-9022129ea0dc,8899ed2c-d91d-499e-acb5-2245f3c05177,Pothole,5.5,,12.607438016528926,Chevrolet Cruze 2010,Dashboard
8.959241379310345,2.8602292005479324,-0.196,20.006,20.202,9.404728447563695,1.4297413793103446,3.0463961470628664,-9.061,19.025,28.086,3.3652176596101064,4.710241379310344,2.273425808609832,-3.02,18.633,21.653,5.230185346488276,0,,,,,,,,,,,,,,,,,,,116,f901f6d8-7b96-4e9c-a887-3df8059c8c82,d862f5c8-89cb-47ed-810f-4d784db4cf03,Metal_bumps,,good,24.532758620689656,Chevrolet Spark 2013,Left door top
0.4568078817733991,1.1934258249023226,-2.7460000000000004,4.7860000000000005,7.532000000000001,1.2778648756398654,-8.764945812807882,1.6084987285121881,-19.182000000000002,-5.8839999999999995,13.298000000000002,8.911315461876757,5.561285714285713,1.2294921243686714,2.511,10.356,7.845,5.695572814019934,0,,,,,,,,,,,,,,,,,,,203,f90c5327-2819-4853-bb2a-1965b068b850,756afc86-b9c3-4d61-975b-65c0817456c2,Pothole,7.0,,17.1,Honda Accord 2007,Console seats
-0.3786028368794327,0.35413440329172907,-1.412,0.902,2.314,0.5184122719303076,-7.821992907801417,1.70887976452268,-12.199000000000002,-2.707,9.492,8.006487563175927,6.052872340425531,1.0578394135395905,2.903,9.022,6.119,6.144614535861972,0,,,,,,,,,,,,,,,,,,,141,f924eb16-4136-46c1-af08-b8792c7191ff,f4187f9b-512f-4135-8c4e-4250d8ce464a,Speed_bump,,good,13.5,Kia RIO 2018,Console seats
9.735094890510949,2.381287003684247,1.334,15.847999999999999,14.514,10.022105583217924,0.17267883211678833,1.0094986392713003,-3.0989999999999998,4.511,7.609999999999999,1.0241608671257776,-1.6670072992700729,1.3079388839063972,-7.728,2.314,10.042,2.118871742190644,0,,,,,,,,,,,,,,,,,,,137,f93c7f63-47f7-4a9a-a98c-2378fa2a0fb2,d30c7921-211d-4f5c-9bdf-c5285b16a5c9,Speed_bump,,bad,13.5,VW Pointer 2004,Left door
2.677079365079366,0.7283279350696165,1.216,6.1979999999999995,4.981999999999999,2.77438560909195,5.032801587301586,0.8670488170273872,2.314,9.061,6.747,5.106942869100258,-8.444626984126986,1.0287863996463278,-12.435,-5.06,7.375000000000001,8.507063321566546,0,,,,,,,,,,,,,,,,,,,126,f956aa23-4d59-4cd3-8fdd-79a9fe1e32e4,0ef4e17b-58e6-444d-b262-57abe170533d,Pothole,5.0,,15.3,Peugeot Partner 2013,Left door
1.192752475247525,0.8151199438671053,-1.804,3.57,5.374,1.4446726238490886,7.251861386138612,2.0310992733034787,-0.078,13.533,13.610999999999999,7.530926757164895,-6.294900990099008,2.054709704652961,-13.298,0.11800000000000001,13.416,6.621752822745995,0,,,,,,,,,,,,,,,,,,,101,f996238a-46ba-46c9-bcb2-e5a6b55db735,c16e3a65-c420-49c6-ab3f-6cbbd6d5c4dc,Pothole,6.5,,23.016831683168316,Kia RIO 2018,Left door top
0.28343076923076926,0.773909965661827,-3.0989999999999998,2.2359999999999998,5.334999999999999,0.8241781578623859,7.2118666666666655,0.6143710084862208,5.296,8.904,3.6079999999999997,7.237988156514637,7.5942410256410255,0.6854900237610108,6.159,10.12,3.9609999999999994,7.6251159550661995,0,,,,,,,,,,,,,,,,,,,195,f9b71bf8-3214-4c00-be36-de18f84de93d,642ada93-72ab-4f94-aead-4ba887a715a4,Pothole,8.0,,12.170769230769231,Peugeot Partner 2013,Console
-7.119794871794871,1.036214498951327,-9.611,-4.9430000000000005,4.668,7.194805035876477,1.2874273504273506,0.7014266696720106,-0.392,2.589,2.981,1.466106597609995,7.363196581196582,1.0633353206260365,5.296,11.100999999999999,5.804999999999999,7.43957968553573,0,,,,,,,,,,,,,,,,,,,117,f9c99970-b741-4a37-b891-2a7d65357e6b,42faef55-8979-4402-b2d8-971968743298,Pothole,6.0,,0.0,VW Derby 2001,Copilot trousers
2.6595500000000003,0.626285795384184,1.02,4.982,3.962,2.7322957563192167,4.019925,0.8985274672345861,1.922,6.865,4.9430000000000005,4.119119883543085,-8.926775,0.9418527455897765,-12.317,-6.1979999999999995,6.119000000000001,8.976324330983145,0,,,,,,,,,,,,,,,,,,,200,fa091d32-bddd-46b0-a18d-76ec5d9da8ab,642ada93-72ab-4f94-aead-4ba887a715a4,Pothole,8.0,,11.997,Peugeot Partner 2013,Left door
4.186643776824034,0.6635331475607801,1.726,6.276,4.55,4.238898719234906,-0.6707124463519314,0.38167041786185024,-1.6869999999999998,0.353,2.04,0.7717042785693441,9.97297424892704,0.9098383477735874,5.688,13.415,7.726999999999999,10.014390704822794,0,,,,,,,,,,,,,,,,,,,233,fa262073-e3f4-49a0-b5ff-fbfcae96d600,ca39439a-59ad-455f-bc65-f2c7618f386f,Speed_bump,,bad,25.82652360515021,Honda Accord 2007,Left door
0.09134682080924852,1.0467059289411922,-1.177,10.591,11.767999999999999,1.0506843214555937,-7.8412427745664735,1.822342232605284,-16.632,-0.196,16.436,8.050218597182797,6.220676300578035,2.4679742270518337,-5.06,23.026,28.086,6.692362095849665,0,,,,,,,,,,,,,,,,,,,173,fa2d8168-524f-4a8a-a5e5-ff40b120e9b9,993a6072-7366-474d-8fc1-110eb1b14ca4,Metal_bumps,,good,14.507999999999997,Chevrolet Express van 2013,Console
4.511057591623037,0.9092091850795081,2.824,7.845,5.021,4.601771608540864,0.44692670157068065,0.8677684715877795,-2.1180000000000003,2.9810000000000003,5.099,0.9760971247056507,9.062790575916232,0.9139414373503102,6.315,11.572000000000001,5.257000000000001,9.108757433032345,0,,,,,,,,,,,,,,,,,,,191,fa2d866e-6c3f-4099-84c8-0df0621237d2,ab50424e-3c17-4153-94e2-27ccae1e6d55,Pothole,10.0,,7.782596858638743,VW Derby 2001,Console
-0.08584736842105262,0.5517498507079387,-1.4909999999999999,1.53,3.021,0.558388456561427,6.580584210526316,0.731172656378029,3.452,7.885,4.433,6.621080123761014,7.365105263157895,0.6997581834001351,6.08,10.513,4.433,7.398272572204378,0,,,,,,,,,,,,,,,,,,,190,fa2e2c3e-2459-47c9-97d1-df80b93da110,a8de5d15-6299-4d0f-a88b-70395b907620,Pothole,6.0,,0.0,Chevrolet Cruze 2010,Console
0.9521646586345381,0.7288560334289944,-0.392,3.452,3.844,1.1991032710398524,0.19265863453815263,0.5852040936808167,-1.4509999999999998,3.3339999999999996,4.784999999999999,0.6161015993510255,9.992084337349398,0.7632477825884378,7.492000000000001,12.67,5.177999999999999,10.021192373282199,0,,,,,,,,,,,,,,,,,,,249,fa579034-0b17-4611-80bc-0539790f291d,0ad1a6ff-d6ae-40fb-a4df-982777f4760d,Pothole,6.5,,12.213253012048193,Peugeot Partner 2013,Glove compartment
-4.533140625,1.5782728828452353,-8.63,-0.902,7.728000000000001,4.8000322101783865,3.8407968749999997,0.5951350209114183,2.667,5.452000000000001,2.785000000000001,3.886631745885504,8.071203125,0.9980736473904289,5.492000000000001,11.415,5.922999999999998,8.132679195113072,0,,,,,,,,,,,,,,,,,,,128,facf705f-bfa7-49f7-9c77-62828dedca9e,b56dc9cb-baf7-4097-bada-9b7c53154222,Pothole,8.5,,12.6,Chevrolet Cruze 2010,Driver trousers
6.712298850574711,2.8684085663991072,-0.735,21.134,21.869,7.299501596904983,-0.5012873563218391,1.5531042175365417,-5.54,2.662,8.202,1.6319993027381878,6.6788390804597695,2.128589932453332,2.696,15.890999999999998,13.194999999999999,7.0098349883016775,1,0.10213793103448277,0.0938551307746725,-0.122,0.35700000000000004,0.47900000000000004,0.13871172455396708,0.01927586206896552,0.13772058082537092,-0.244,0.41100000000000003,0.655,0.1390629973838451,0.0872873563218391,0.10492930384623088,-0.204,0.318,0.522,0.13648897896647313,87,fb0a59d4-b412-4a14-aae6-baeeeaefcfd0,117c09e7-598b-4cc0-9898-06333e9a8c2c,Pothole,6.0,,0.0,VW Derby 2001,Right door
-2.120128834355828,0.7988948052040874,-5.178,-0.11800000000000001,5.06,2.2656520439045975,0.049570552147239266,0.7011124636890903,-2.197,1.726,3.923,0.7028626653766497,9.976055214723928,1.0766231760504708,7.138999999999999,15.338,8.199,10.033982016648697,0,,,,,,,,,,,,,,,,,,,163,fb3cf40e-753b-485b-b18f-d1d7bf2fcfc7,f1d079ef-259d-46b3-b993-5c71635fb0a1,Pothole,8.0,,19.8,Chevrolet Spark 2013,Console
6.5529545454545435,1.0224942265795098,4.982,11.454,6.472,6.632247561587385,0.4603636363636363,0.6123289034092816,-0.745,3.0989999999999998,3.844,0.7660818256794529,7.873172727272727,0.7540736985816188,5.412999999999999,9.767000000000001,4.354000000000002,7.909201978478212,0,,,,,,,,,,,,,,,,,,,110,fb5442a5-0a64-4792-bfb7-6854d7b49819,d28bdf74-ee85-4390-9660-63327b296d13,Pothole,4.0,,10.8,Kia RIO 2018,Left door
4.815335483870967,0.9961099192968315,1.786,7.334,5.548,4.917284900587761,-0.6344580645161291,0.5248186690069147,-2.512,0.479,2.991,0.8233903515148462,8.16725806451613,1.9514497302087332,3.273,13.286,10.013,8.397157872871956,1,-0.004806451612903226,0.12860683254684227,-0.29,0.302,0.592,0.12869661749571631,-0.0026387096774193567,0.08111392894751684,-0.205,0.18600000000000003,0.391,0.08115683740797516,-0.012135483870967741,0.09376491381895227,-0.294,0.145,0.43899999999999995,0.09454696733506615,155,fb970087-d61e-402e-b36e-a7fc0e39d41b,c1d7144a-64b5-4631-becc-8ee4975525f3,Speed_bump,,good,0.0,VW Pointer 2004,Right door
0.02133526011560691,0.990256685807082,-2.314,3.3339999999999996,5.648,0.9904864951678173,-8.636890173410405,1.0582731186789482,-12.945,-2.864,10.081,8.701483428776479,5.671514450867052,0.6865761968409837,3.609,7.257000000000001,3.6480000000000006,5.7129207101501445,0,,,,,,,,,,,,,,,,,,,173,fba0eb8b-3171-44ff-b2cc-34b42ef90ad0,e1623b0b-af77-41e4-a772-c798eee54b42,Speed_bump,,bad,20.01849710982659,Honda Accord 2007,Console seats
1.963847826086957,0.958413396041951,-0.51,3.766,4.276,2.185235575799353,4.300815217391303,1.3259094903970454,0.863,11.023,10.16,4.500560799597042,-8.049989130434781,1.6202043047135406,-10.866,-0.353,10.513,8.211418086367935,0,,,,,,,,,,,,,,,,,,,92,fc5e93e8-4a41-4699-925d-f138869073eb,9f7aefa9-58ca-4c3e-b1ed-e286f04dc97b,Metal_bumps,,bad,12.6,Peugeot Partner 2013,Left door
-2.922387096774193,0.5605344613974702,-6.002000000000001,-1.4509999999999998,4.551000000000001,2.975658788538506,-1.2559112903225806,0.9777930136866719,-4.158,1.4509999999999998,5.609,1.591663389908241,9.779774193548388,1.1235912386593674,6.551,14.867,8.316,9.844106894400685,0,,,,,,,,,,,,,,,,,,,124,fc8188fa-f778-417f-ab0f-45ed0569d0f1,2eb39caa-d21b-4895-8510-2004a70959d4,Pothole,8.0,,19.8,Chevrolet Spark 2013,Console
-5.334291139240507,1.7364888781960865,-9.767000000000001,-0.314,9.453000000000001,5.609817785122658,1.9004810126582279,0.8497306998677339,-0.981,3.373,4.354,2.0817949807250837,8.792962025316454,1.8715351949401582,3.53,14.043,10.513,8.989929096748037,0,,,,,,,,,,,,,,,,,,,158,fc9c38e0-0c59-45c9-87a1-d9c5193ce50b,9a4c6802-09d2-4f9e-bb15-d7d98f3f24f6,Pothole,12.0,,0.0,Kia RIO 2018,Copilot trousers
1.0747933333333333,0.6460213752569561,-1.0979999999999999,2.903,4.0009999999999994,1.2540033200381357,-0.0013333333333333294,1.0278912761355432,-1.844,4.393,6.237,1.027892140904547,9.967220000000001,1.3837387560277892,7.335,18.711,11.375999999999998,10.062813099393894,0,,,,,,,,,,,,,,,,,,,150,fcf53f90-54fa-4832-a1cf-fbeda92083e2,54bed0c6-e190-4521-baec-6c5473d5608d,Pothole,5.0,,9.9,Peugeot Partner 2013,Glove compartment
-1.3276538461538463,1.7778377628306654,-13.886,1.726,15.611999999999998,2.2188672439228636,-0.27348076923076914,1.8988869309554095,-1.883,16.867,18.75,1.9184794259236422,10.09635576923077,1.3767960990750425,5.766,15.887,10.121,10.18979721669218,0,,,,,,,,,,,,,,,,,,,104,fcf90788-f800-4728-b03a-fdc3fde309e4,c3c45db0-b36e-4917-84f3-ccf5b45624df,Metal_bumps,,good,21.6,Chevrolet Spark 2013,Console
-0.05365986394557823,0.9448650085104562,-3.138,1.6480000000000001,4.786,0.9463874815878126,6.647727891156463,0.8636677330823825,4.59,9.061,4.471,6.703596651651053,8.278965986394557,0.9527917477021582,6.747000000000001,12.003,5.255999999999999,8.33361205710749,0,,,,,,,,,,,,,,,,,,,147,fd07d693-4cf5-46c2-b65f-b9d152eb3e9b,5fa64f04-7264-4b6a-8689-7b6c098e16bb,Pothole,5.0,,10.8,Peugeot Partner 2013,Console
-8.073100917431193,1.428023166523428,-11.65,-2.432,9.218,8.1984272020404,1.4096146788990829,0.5999632084783609,-0.196,3.295,3.491,1.5319821782564615,5.444201834862387,0.9922945310374882,1.765,8.472999999999999,6.707999999999999,5.533893932399308,0,,,,,,,,,,,,,,,,,,,109,fd0bf39a-e76d-445d-ac65-4888d5aac6f2,43e13e90-3539-4632-b069-13391b01ed46,Metal_bumps,,good,0.0,VW Pointer 2004,Dashboard
1.062325,0.6143297521486323,-0.745,3.295,4.04,1.2271656163696896,0.043162500000000006,0.4586610933944038,-1.412,1.334,2.746,0.460687529677112,9.5997625,1.226931724299991,5.845,13.965,8.120000000000001,9.67785107926858,0,,,,,,,,,,,,,,,,,,,160,fd32e33b-15c0-4ccc-8f7d-9124e18d5ad8,23262ba3-e541-486b-b128-6723952f87f5,Pothole,5.0,,21.6,Peugeot Partner 2013,Glove compartment
10.084349206349206,1.2754260434618072,6.629,14.004000000000001,7.375000000000002,10.1646844765559,-0.29077777777777786,0.8901992454776796,-2.707,2.354,5.061,0.9364862052899726,1.3679444444444446,1.7590916997202537,-4.433,6.08,10.513,2.228379593137379,0,,,,,,,,,,,,,,,,,,,126,fd47460a-897b-49d0-991e-29f1241cf36b,32c7e7fb-bb87-4a03-bbe6-1326ee079f01,Pothole,5.0,,14.4,VW Pointer 2004,Left door
3.871145038167939,0.6750416794837676,1.726,5.178,3.452,3.9295604303245573,0.0925267175572519,0.7112159282625892,-1.6480000000000001,1.883,3.531,0.7172093767348109,9.341007633587786,1.0010273081676913,6.629,12.239,5.610000000000001,9.394491965106084,0,,,,,,,,,,,,,,,,,,,131,fd722ee1-41ff-4475-8eb5-53bc774694bb,a1484efd-2281-4df5-86a3-c14bcd46c1b1,Pothole,7.5,,15.3,VW Pointer 2004,Copilot trousers
-2.7546815920398013,1.9930905045463658,-17.042,2.878,19.92,3.400100062179909,-0.03756716417910449,0.9763165657376448,-2.995,1.798,4.793,0.9770390618384758,9.335512437810946,2.1214177042053617,1.166,16.839000000000002,15.673000000000002,9.573515840705483,1,0.0018407960199004986,0.12831698362233082,-0.585,0.588,1.173,0.12833018669011745,0.00028855721393034853,0.2640488540625564,-1.5330000000000001,0.875,2.4080000000000004,0.26404901173269885,0.02543781094527363,0.10798948430095474,-0.596,0.529,1.125,0.1109450807619411,201,fdab8212-e09b-487f-b7cc-3c040273b97e,756afc86-b9c3-4d61-975b-65c0817456c2,Pothole,7.0,,0.0,Honda Accord 2007,Right door
-7.0096479999999985,1.047018022813361,-9.454,-3.844,5.610000000000001,7.087412209262278,0.427408,0.5849612239593323,-1.294,1.412,2.706,0.724470311330975,-7.349184000000001,1.1661228366445793,-10.238,-3.609,6.629,7.441125448210102,0,,,,,,,,,,,,,,,,,,,125,fdd5f642-5d29-436e-a6df-ee61612a0bc3,743b3b39-88d9-489b-935c-2a9e7b9133ca,Speed_bump,,bad,9.9,Chevrolet Cruze 2010,Left door
-6.589673684210527,1.429431056801826,-9.846,-2.432,7.414,6.7429275845530405,0.12673684210526318,0.5288950589478988,-1.0979999999999999,1.3730000000000002,2.471,0.5438678244999567,-7.583978947368422,1.3185881283358978,-10.591,-2.864,7.726999999999999,7.697753654561556,0,,,,,,,,,,,,,,,,,,,95,fe8d9c1b-a7fd-4cf1-a0d5-12e56b285151,a9581f32-e3e3-4f0e-8d2c-372c70256802,Pothole,7.0,,11.700000000000001,Chevrolet Cruze 2010,Left door
0.07915617128463476,1.2935852062921815,-3.138,5.57,8.708,1.2960047783053996,-7.873982367758186,1.2883355232019398,-11.845999999999998,-2.04,9.805999999999997,7.978684524914545,6.078264483627204,0.8617697554501507,3.491,9.297,5.806000000000001,6.13905092374485,0,,,,,,,,,,,,,,,,,,,397,feb9f8bd-3e63-462a-a17c-ab20b14bb0e7,947a4a24-9b56-4f21-8225-94a4da436968,Pothole,16.0,,8.022921914357683,Chevrolet Express van 2013,Console
-0.6199344262295081,1.7500107059986567,-12.709000000000001,6.041,18.75,1.8565710769950141,2.487680327868852,1.7756025126856605,-3.452,14.749,18.201,3.0563569321532635,10.257795081967211,2.0550742874312498,0.588,20.006,19.418,10.461629427125194,0,,,,,,,,,,,,,,,,,,,122,fed50f1b-601a-4b94-b26b-882d59e466c7,62293c82-da5d-4322-8fc9-cab2384a7d02,Metal_bumps,,good,21.098360655737704,Chevrolet Cruze 2010,Console between seats
0.02381967213114755,0.9726807895201447,-2.628,2.9419999999999997,5.57,0.9729724020145522,-8.302284153005465,1.9812251235776617,-20.006,-0.235,19.771,8.535407145973823,5.933103825136612,1.2992137787032023,0.157,12.120999999999999,11.963999999999999,6.073687302012094,0,,,,,,,,,,,,,,,,,,,183,feef1e66-f76a-4351-a70e-3ebcc6bb5794,519432f8-7ea6-45b4-a88f-04f903b1c059,Metal_bumps,,bad,19.067213114754097,Honda Accord 2007,Console seats
-1.5810595238095237,0.9737534035377543,-4.511,1.4509999999999998,5.962,1.8568642677186071,-0.4904960317460317,0.7380408347739146,-4.55,2.354,6.904,0.8861662546906088,10.895674603174603,0.8597982444161147,8.081,14.905999999999999,6.824999999999999,10.929546105825487,0,,,,,,,,,,,,,,,,,,,252,ff0c7e90-a8d5-4d91-b845-8a96f159b01d,90791568-e66d-4aad-add3-e928fa45f713,Pothole,5.0,,7.796428571428572,Peugeot Partner 2013,Console
-7.07692,1.2781080322771738,-10.63,-4.119,6.511000000000001,7.19140854273844,0.37209142857142846,0.649273380841528,-2.079,1.9609999999999999,4.04,0.7483367920166122,7.484897142857144,1.3998404687648651,4.236000000000001,11.493,7.257,7.614672585025757,0,,,,,,,,,,,,,,,,,,,175,ff15db32-ca12-4510-a22c-72a47139071e,fd23c9b5-c782-4eef-9ebe-03d2f6d62561,Pothole,6.0,,0.0,VW Derby 2001,Copilot trousers
